country,city,agency,feed_url,mdb_id,license,status
AE,Abu Dhabi Emirate,Department of Municipalities and Transport,https://pubftp.dmt.gov.ae/main.html?download&weblink=18511ae7285412ca93169260c239d119&realfilename=itc-abudhabi-ae_itc-abudhabi-ae_1651205153_itc-abudhabi-ae.zip,mdb-1329,,active
AL,Rrethinat,ShowMeBus,https://showmebus.com/google-transit/gtfs.zip,mdb-3483,,active
AL,Tiranë,Municipality of Tirana,https://pt.tirana.al/gtfs/gtfs.zip,mdb-2345,,active
AL,Vlorë,Urban Trans Vlora,https://github.com/denisdemaj233/gtfs-vlora/releases/download/v1/gtfs-vlore.zip,mdb-3182,,active
AM,Gyumri,Georgian Railway,https://jbb.ghsq.de/gtfs/ge-georgian-railway.gtfs.zip,mdb-3108,,active
AT,Bezirk Baden,"Wiener Lokalbahnen (WLB), Wiener Linien",http://www.wienerlinien.at/ogd_realtime/doku/ogd/gtfs/gtfs.zip,mdb-648,,active
AT,Linz,TBO Offenburg,https://www.nvbw.de/fileadmin/user_upload/service/open_data/fahrplandaten_mit_liniennetz/tgo.zip,mdb-900,https://www.nvbw.de/open-data/fahrplandaten/fahrplandaten-mit-liniennetz,active
AT,Salzburg,Stadtwerke Heilbronn (SWHN),https://www.nvbw.de/fileadmin/user_upload/service/open_data/fahrplandaten_mit_liniennetz/hnv.zip,mdb-783,,active
AT,Villach,Optima Express,https://github.com/jonaes/gtfs/raw/refs/heads/main/output/optima_gtfs.zip,mdb-3123,,active
AT,Wels,BBS Schapfl,https://www.nvbw.de/fileadmin/user_upload/service/open_data/fahrplandaten_mit_liniennetz/ding.zip,mdb-770,https://www.nvbw.de/open-data/fahrplandaten/fahrplandaten-mit-liniennetz,active
AU,Australian Capital Territory,Canberra Metro Operations,https://www.transport.act.gov.au/googletransit/google_transit_lr.zip,mdb-935,https://creativecommons.org/licenses/by/4.0/legalcode,active
AU,Bundaberg Region,Duffy's Buses and Stewarts & Sons Coaches,https://gtfsrt.api.translink.com.au/GTFS/BUN_GTFS.zip,mdb-672,https://www.data.qld.gov.au/dataset/general-transit-feed-specification-gtfs-qconnect/resource/699184c3-8c0e-44db-8a83-7e23709aefbe,active
AU,Cairns Regional,TransLink Sunbus Cairns,https://gtfsrt.api.translink.com.au/GTFS/CNS_GTFS.zip,mdb-674,https://www.data.qld.gov.au/dataset/general-transit-feed-specification-gtfs-qconnect/resource/9850f8e5-f572-4de7-97c5-84d45526f9bd,active
AU,Canberra,Transport Canberra,https://transport.api.act.gov.au/gtfs/data/gtfs/v2/gtfs.zip,mdb-2675,https://www.transport.act.gov.au/contact-us/information-for-developers,active
AU,Cassowary Coast Regional,TransLink Innisfail,https://gtfsrt.api.translink.com.au/GTFS/INN_GTFS.zip,mdb-673,,active
AU,City Of Armadale,Transperth,http://www.transperth.wa.gov.au/TimetablePDFs/GoogleTransit/Production/google_transit.zip,mdb-1086,https://www.transperth.wa.gov.au/About/Spatial-Data-Access,active
AU,City of Burnie,MetroTas Burnie,http://www.metrotas.com.au/wp-content/uploads/transit/Burnie/google_transit.zip,mdb-681,,active
AU,City of Darwin,"Department of Transport, Public Transport",https://dipl.nt.gov.au/data-feeds/bus-gtfs/google-transit-darwin.zip?v=0.16.0,mdb-680,https://dipl.nt.gov.au/data/bus-timetable-data-and-geographic-information,active
AU,City of Glenorchy,MetroTas Hobart,http://www.metrotas.com.au/wp-content/uploads/transit/Hobart/google_transit.zip,mdb-665,,active
AU,City of Hobart,SkyBus Hobart,https://paueasasskybusgtfs.blob.core.windows.net/gtfs-live/TAS/gtfs.zip?sp=rl&st=2026-02-18T06:46:07Z&se=2027-02-28T15:01:07Z&spr=https&sv=2024-11-04&sr=c&sig=x%2FlTHzTlGBw5D1RxF3VDkcGPf5xYjRceeXAoOjzRfnM%3D,mdb-3147,,active
AU,City of Launceston,MetroTas Launceston,http://www.metrotas.com.au/wp-content/uploads/transit/Launceston/google_transit.zip,mdb-682,,active
AU,City of Mitcham,Adelaide Metro,https://gtfs.adelaidemetro.com.au/v1/static/latest/google_transit.zip,mdb-660,,active
AU,City of Port Phillip,SkyBus Melbourne,https://paueasasskybusgtfs.blob.core.windows.net/gtfs-live/VIC/gtfs.zip?sp=rl&st=2026-02-18T06:46:07Z&se=2027-02-28T15:01:07Z&spr=https&sv=2024-11-04&sr=c&sig=x%2FlTHzTlGBw5D1RxF3VDkcGPf5xYjRceeXAoOjzRfnM%3D,mdb-3146,,active
AU,Fraser Coast Regional,TransLink Maryborough-Hervey Bay,https://gtfsrt.api.translink.com.au/GTFS/MHB_GTFS.zip,mdb-651,https://www.data.qld.gov.au/dataset/general-transit-feed-specification-gtfs-qconnect/resource/ee40c2d4-f170-426d-9719-3cc3e32c567c,active
AU,Gladstone Regional,Buslink Gladstone,https://gtfsrt.api.translink.com.au/GTFS/GLT_GTFS.zip,mdb-667,,active
AU,Gympie Regional,Polleys Coaches,https://gtfsrt.api.translink.com.au/GTFS/GYM_GTFS.zip,mdb-671,,active
AU,Mackay Regional,Mackay Transit Coaches,https://gtfsrt.api.translink.com.au/GTFS/MKY_GTFS.zip,mdb-678,https://www.data.qld.gov.au/dataset/general-transit-feed-specification-gtfs-qconnect/resource/03426b3e-1ea6-4878-bd9b-cfaef7ca2b1d?truncate=30&inner_span=True,active
AU,Melbourne,Public Transport Victoria,http://data.ptv.vic.gov.au/downloads/gtfs.zip#7/google_transit.zip,tld-752,,active
AU,Melbourne,Public Transport Victoria (PTV),https://opendata.transport.vic.gov.au/dataset/3f4e292e-7f8a-4ffe-831f-1953be0fe448/resource/fb152201-859f-4882-9206-b768060b50ad/download/gtfs.zip,mdb-3340,https://creativecommons.org/licenses/by/4.0/,active
AU,Moreton Bay Regional,Translink South East Queensland (Translink SEQ),https://gtfsrt.api.translink.com.au/gtfs/SEQ_SCH_GTFS.zip,mdb-3048,https://www.data.qld.gov.au/dataset/general-transit-feed-specification-gtfs-translink/resource/e43b6b9f-fc2b-4630-a7c9-86dd5483552b,active
AU,New South Wales,Transport for New South Wales,https://opendata.transport.nsw.gov.au/data/dataset/d1f68d4f-b778-44df-9823-cf2fa922e47f/resource/67974f14-01bf-47b7-bfa5-c7f2f8a950ca/download/full_greater_sydney_gtfs_static_0.zip,mdb-2449,https://opendata.transport.nsw.gov.au/dataset/timetables-complete-gtfs,active
AU,Redland City,TransLink North Stradbroke Island,https://gtfsrt.api.translink.com.au/GTFS/NSI_GTFS.zip,mdb-652,,active
AU,Somerset Regional,Christensens Bus and Coach,https://gtfsrt.api.translink.com.au/GTFS/KIL_GTFS.zip,mdb-669,,active
AU,Southern Downs Regional,Haidleys Panoramic Coaches,https://gtfsrt.api.translink.com.au/GTFS/WAR_GTFS.zip,mdb-654,https://www.data.qld.gov.au/dataset/general-transit-feed-specification-gtfs-qconnect/resource/4b6cc276-0d70-4c9c-adac-0b8cb384268a,active
AU,Sunshine Coast Regional,Glass House Country Coaches,https://gtfsrt.api.translink.com.au/GTFS/MAL_GTFS.zip,mdb-670,,active
AU,Toowoomba Regional,Bus Queensland Toowoomba (Bus Qld Toowoomba),https://gtfsrt.api.translink.com.au/GTFS/TWB_GTFS.zip,mdb-653,https://www.data.qld.gov.au/dataset/general-transit-feed-specification-gtfs-qconnect/resource/48501fd9-148b-4b96-a9fa-b412d768048c,active
AU,Townsville City,Sunbus Townsville,https://gtfsrt.api.translink.com.au/GTFS/TSV_GTFS.zip,mdb-677,,active
AU,Townsville City,Translink Magnetic Island,https://gtfsrt.api.translink.com.au/GTFS/MAG_GTFS.zip,mdb-650,https://www.data.qld.gov.au/dataset/general-transit-feed-specification-gtfs-qconnect/resource/81030a70-b1e1-4cb1-b7ae-67051d1368e5,active
AU,Townsville City,Translink Magnetic Island Ferry,https://gtfsrt.api.translink.com.au/GTFS/MIF_GTFS.zip,mdb-679,https://www.data.qld.gov.au/dataset/general-transit-feed-specification-gtfs-qconnect/resource/a7a3282c-ce87-4b4e-8b7b-70a4cc081ed6?truncate=30&inner_span=True,active
AU,Whitsunday Regional,TransLink Bowen,https://gtfsrt.api.translink.com.au/GTFS/BOW_GTFS.zip,mdb-675,,active
AU,Whitsunday Regional,Whitsunday Transit,https://gtfsrt.api.translink.com.au/GTFS/WHT_GTFS.zip,mdb-676,,active
BA,City of Mostar,Turistička agencija Li-Bus d.o.o. (Livnobus),https://livnobus.com/gtfs/google-transit,mdb-3427,,active
BE,Antwerp,De Lijn,http://gtfs.irail.be/de-lijn/de_lijn-gtfs.zip,mdb-684,,active
BE,Ramillies,Société Régionale Wallonne du Transport,http://opendata.tec-wl.be/Current%20GTFS/TEC-GTFS.zip,mdb-1212,,active
BE,Ramillies,TEC,https://data.gtfs.be/tec/gtfs/be-tec-gtfs.zip,mdb-1868,https://gtfs.be/,active
BG,Karnobat,Aytos-Avtrotransport Ltd.,https://transport.aytos.bg/gtfs/AytosGTFS.zip,mdb-3155,,active
BG,Pleven,Trolleybus Transport Pleven,https://external.gtfs.ro/pleven/PLEVEN.zip,mdb-2119,,active
BG,Vazrajdane,Urban Mobility Center - Sofia Traffic,https://gtfs.sofiatraffic.bg/api/v1/static,mdb-2848,https://www.sofiatraffic.bg/bg/info-center/gtfs-danni,active
BM,national,Bermuda Department of Public Transportation,https://data.trilliumtransit.com/gtfs/bermuda-bm/bermuda-bm.zip,tld-6684,,active
BO,Pedro Domingo Murillo,Mi Teleférico,https://datosbolivia.github.io/gtfs/mi-teleferico.zip,mdb-3491,https://spdx.org/licenses/CC-BY-4.0.html,active
BR,Região Metropolitana de Belo Horizonte,Empresa de Transportes e Transito de Belo Horizonte (BHTRANS),https://ckan.pbh.gov.br/dataset/77764a7e-63fc-4111-ace3-fb7d3037953a/resource/f0fa78dc-74c3-49fa-8971-c310a76a07fa/download/gtfsfiles.zip,mdb-9,https://dados.pbh.gov.br/dataset/gtfs-estatico-do-sistema-convencional,active
BR,Região Metropolitana de Belo Horizonte,Empresa de Transportes e Transito de Belo Horizonte (BHTRANS),https://ckan.pbh.gov.br/dataset/af0c47bb-5a82-4ae1-874f-e45dea1397ff/resource/b2a9341e-4471-45cc-a8c0-11be805590bc/download/gtfsfiles.zip,mdb-687,https://dados.pbh.gov.br/dataset/feed-gtfs-estatico-do-sistema-suplementar,active
BR,Região Metropolitana de Curitiba,URBS Curitiba,https://github.com/benaytms/urbs-gtfs/releases/download/latest/gtfs_curitiba.zip,mdb-3225,,active
BR,Região Metropolitana de São Paulo,São Paulo Transporte (SPTrans),https://www.sptrans.com.br/umbraco/Surface/PerfilDesenvolvedor/BaixarGTFS?memberName=sptrans,mdb-8,,active
BR,Região Metropolitana do Rio de Janeiro,City Transport Secretary of Rio de Janeiro,https://www.arcgis.com/sharing/rest/content/items/8ffe62ad3b2f42e49814bf941654ea6c/data,mdb-1791,https://www.data.rio/datasets/gtfs-do-rio-de-janeiro/about,active
CA,100 Mile House,BC Transit (100 Mile House),https://bct.tmix.se/Tmix.Cap.TdExport.WebApi/gtfs/?operatorIds=34,mdb-2469,https://www.bctransit.com/open-data/terms-of-use,active
CA,Abbotsford,BC Transit (Central Fraser Valley | Chilliwack | Agassiz-Harrison | Hope),https://bct.tmix.se/Tmix.Cap.TdExport.WebApi/gtfs/?operatorIds=13,mdb-1991,https://www.bctransit.com/open-data/terms-of-use,active
CA,Area B (DeCourcy/Gabriola/Mudge),Gabriola Community Shuttle,https://bctracker.ca/feeds/gabriola/gabriola-feed.zip,tld-6756,,active
CA,Area D (Oyster Bay/Buttle Lake),BC Transit (Campbell River Transit),https://bct.tmix.se/Tmix.Cap.TdExport.WebApi/gtfs/?operatorIds=12,mdb-2514,https://www.bctransit.com/open-data/terms-of-use,active
CA,Area D (Texada Island),BC Transit (Powell River Regional Transit System),https://bct.tmix.se/Tmix.Cap.TdExport.WebApi/gtfs/?operatorIds=29,mdb-2529,https://www.bctransit.com/open-data/terms-of-use,active
CA,Area K (The Arrow Lakes),BC Transit (West Kootenay Transit System),https://bct.tmix.se/Tmix.Cap.TdExport.WebApi/gtfs/?operatorIds=20,mdb-2579,https://www.bctransit.com/open-data/terms-of-use/,active
CA,Ashcroft,BC Transit (Ashcroft-Cache Creek-Clinton Transit System),https://bct.tmix.se/Tmix.Cap.TdExport.WebApi/gtfs/?operatorIds=38,mdb-2468,https://www.bctransit.com/open-data/terms-of-use,active
CA,Barrie,Barrie Transit,http://www.myridebarrie.ca/gtfs/Google_transit.zip,mdb-3,https://www.barrie.ca/services-payments/transportation-parking/barrie-transit/barrie-gtfs,active
CA,Barrie,Simcoe County LINX,http://metrolinx.tmix.se/gtfs/gtfs-simcoe.zip,tld-4742,,active
CA,Belleville,Belleville Transit,https://metrolinx.tmix.se/gtfs/gtfs-belleville.zip,mdb-1858,,active
CA,Belleville,Quinte Transit,https://myride.quintetransit.ca/gtfs/google_transit.zip,tld-4685,,active
CA,Beverly,Edmonton Transit System,https://gtfs.edmonton.ca/TMGTFSRealTimeWebService/GTFS/GTFS.zip,mdb-714,https://data.strathcona.ca/Transportation/Transit-Bus-Schedule-GTFS-Data-Feed-Zip-File/2ek5-rxs5/data?no_mobile=true,active
CA,Bois-des-Filion,Terrebonne-Mascouche,https://exo.quebec/xdata/mrclm/google_transit.zip,mdb-754,https://www.donneesquebec.ca/licence/,active
CA,Brampton,Brampton Transit,https://www.arcgis.com/sharing/rest/content/items/a355aabd5a8c490186bdce559c9c75fb/data,mdb-1994,https://brampton.maps.arcgis.com/home/item.html?id=a355aabd5a8c490186bdce559c9c75fb,active
CA,Brandon,Brandon Transit,https://opendata.brandon.ca/Transit/google_transit.zip,tld-4820,,active
CA,Brantford,Ride Norfolk,https://www.arcgis.com/sharing/rest/content/items/a0a9b1046f9e4d79a6aa0ccf7be081d9/data,tld-5874,,active
CA,British Columbia,BC Transit (Cowichan Valley Regional Transit System),https://bct.tmix.se/Tmix.Cap.TdExport.WebApi/gtfs/?operatorIds=10,mdb-2528,https://www.bctransit.com/open-data/terms-of-use,active
CA,British Columbia,BC Transit (Smithers),https://bct.tmix.se/Tmix.Cap.TdExport.WebApi/gtfs/?operatorIds=31,mdb-2472,https://www.bctransit.com/open-data/terms-of-use,active
CA,Brossard,Réseau express métropolitain,https://gtfs.gpmmom.ca/gtfs/gtfs.zip,tld-6691,,active
CA,Burlington,Burlington Transit,https://opendata.burlington.ca/gtfs-rt/GTFS_Data.zip,mdb-724,https://opendata.burlington.ca/opendata-terms-of-use/City%20of%20Burlington%20-%20Open%20Data%20Terms%20of%20Use.pdf,active
CA,Calgary,Airdrie Transit,https://www.airdrie.ca/gettransitgtfs.cfm,tld-4819,,active
CA,Calgary,Calgary Transit,https://data.calgary.ca/download/npk7-z3bj/application%2Fzip,mdb-712,https://data.calgary.ca/stories/s/u45n-7awa/,active
CA,Charlottetown,T3 Transit,https://data.trilliumtransit.com/gtfs/coachatlantic-pe-ca/coachatlantic-pe-ca.zip,mdb-2132,,active
CA,Chatham-Kent,Chatham Kent Transit (Ride CK),https://ck.usetransit.com/api/1/public/gtfs/5/gtfs.zip?token=eddbcb1b954b64461%21%219687922751%24-%24%409cc77671a2df2f%5E,tld-5552,,active
CA,City of Red Deer,Red Deer Transit,https://data.reddeer.ca/datasets/gtfsdatafeed/download/zip,mdb-1992,,active
CA,Clearwater,BC Transit (Clearwater),https://bct.tmix.se/Tmix.Cap.TdExport.WebApi/gtfs/?operatorIds=35,mdb-2515,https://www.bctransit.com/open-data/terms-of-use,active
CA,Cobalt,Temiskaming Transit,http://metrolinx.tmix.se/gtfs/gtfs-temiskaming.zip,tld-4748,,active
CA,Cornwall,Cornwall Transit,http://metrolinx.tmix.se/gtfs/gtfs-cornwall.zip,mdb-718,,active
CA,Courtenay,BC Transit (Comox Valley Transit System),https://bct.tmix.se/Tmix.Cap.TdExport.WebApi/gtfs/?operatorIds=45,mdb-2524,https://www.bctransit.com/open-data/terms-of-use,active
CA,Cranbrook,BC Transit (Columbia Valley | Cranbrook | Elk Valley | Kimberley),https://bct.tmix.se/Tmix.Cap.TdExport.WebApi/gtfs/?operatorIds=21,mdb-2520,https://www.bctransit.com/open-data/terms-of-use,active
CA,Creston,BC Transit (Creston Valley),https://bct.tmix.se/Tmix.Cap.TdExport.WebApi/gtfs/?operatorIds=16,mdb-2536,https://www.bctransit.com/open-data/terms-of-use,active
CA,Dartmouth,Halifax Transit,http://gtfs.halifax.ca/static/google_transit.zip,mdb-734,http://www.halifax.ca/opendata/OD_TermsOfUse.php,active
CA,Dawson Creek,BC Transit (Dawson Creek Transit System),https://bct.tmix.se/Tmix.Cap.TdExport.WebApi/gtfs/?operatorIds=27,mdb-710,https://www.bctransit.com/open-data/terms-of-use,active
CA,Deux-Montagnes,Société de transport de Laval,https://www.stlaval.ca/datas/opendata/GTF_STL.zip,mdb-3190,https://stlaval.ca/a-propos/diffusion/donnees-ouvertes,active
CA,District of North Vancouver,TransLink Vancouver,https://gtfs-static.translink.ca/gtfs/google_transit.zip,mdb-696,https://www.translink.ca/about-us/doing-business-with-translink/app-developer-resources/gtfs/gtfs-data,active
CA,Drummondville,Ville de Drummondville,https://geomatique.drummondville.ca/GTFS/GTFS_DMV.zip,tld-6711,,active
CA,Fort McMurray,Regional Municipality of Wood Buffalo Transit,https://rmwb-gtfsrt.civilia.ca/gtfs,tld-4690,,active
CA,Fort St. John,BC Transit (Fort St John Transit System),https://bct.tmix.se/Tmix.Cap.TdExport.WebApi/gtfs/?operatorIds=28,mdb-2547,,active
CA,Gatineau,Société de transport de l'Outaouais,https://contenu.sto.ca/GTFS/GTFS.zip,mdb-740,https://www.sto.ca/affaires/espace-developpeurs-donnees-ouvertes/conditions-dutilisation-donnees-ouvertes-et-cle-api-de-la-sto/,active
CA,Gloucester,Ottawa-Carleton Regional Transit Commission (OC Transpo),https://oct-gtfs-emasagcnfmcgeham.z01.azurefd.net/public-access/GTFSExport.zip,mdb-2154,https://www.octranspo.com/en/plan-your-trip/travel-tools/developers/,active
CA,Grande Prairie,Grande Prairie Transit,https://gpt.mapstrat.com/current/google_transit.zip,tld-4821,,active
CA,Greater Sudbury,Greater Sudbury Transit,https://www.greatersudbury.ca/image/opendata/gtfs.zip,mdb-737,http://www.greatersudbury.ca/inside-city-hall/open-government/open-data/open-data-apps/,active
CA,Hamilton,Hamilton Street Railway,https://opendata.hamilton.ca/GTFS-Static/google_transit.zip,mdb-2618,https://www.hamilton.ca/city-council/data-maps/open-data/open-data-licence-terms-and-conditions,active
CA,Hanwell,Fredericton Transit,https://fredericton.tmix.se/Tmix.Cap.TdExport.WebApi/gtfs/gtfs.zip,mdb-2460,https://www.arcgis.com/home/item.html?id=0bc9093b47c744fdb82af7e830ed8590,active
CA,Huntingdon,MRC du Haut-Saint-Laurent,https://gtfs-rt.infra-hubup.fr/mrchsl/current/revision/gtfs,tld-6692,,active
CA,Kamloops,BC Transit (Kamloops Transit System),https://bct.tmix.se/Tmix.Cap.TdExport.WebApi/gtfs/?operatorIds=46,mdb-2551,https://www.bctransit.com/open-data/terms-of-use,active
CA,Kawartha Lakes,Lindsay Transit,http://metrolinx.tmix.se/gtfs/gtfs-kawartha.zip,tld-4732,,active
CA,Kelowna,BC Transit (Kelowna Regional Transit System),https://bct.tmix.se/Tmix.Cap.TdExport.WebApi/gtfs/?operatorIds=47,mdb-2555,https://www.bctransit.com/open-data/terms-of-use,active
CA,Kingston,Kingston Transit,https://api.cityofkingston.ca/gtfs/gtfs.zip,mdb-733,,active
CA,Kitchener,PC Connect Transit System,https://www.perthcounty.ca/en/living-here/resources/files/Transportation/PCConnect_GTFS.zip,tld-4684,,active
CA,Lethbridge,Lethbridge Transit,https://gis.lethbridge.ca/OpenData/DataSets/GTFS_Transit_Data.zip,mdb-1997,https://opendata.lethbridge.ca/pages/open-data-license,active
CA,London,London Transit Commission,http://www.londontransit.ca/gtfsfeed/google_transit.zip,mdb-2,https://www.londontransit.ca/open-data/ltcs-open-data-terms-of-use/,active
CA,London,Middlesex County Connect,https://drive.google.com/drive/folders/1iz7wrnSoWXY_mwAVFVJdL_I0Rv6Ui5Mm,tld-5875,,active
CA,Longueuil,Exo Chambly-Richelieu-Carignan,https://exo.quebec/xdata/citcrc/google_transit.zip,mdb-750,https://www.donneesquebec.ca/licence/,active
CA,Longueuil,Exo Le Richelain / Roussillon,https://exo.quebec/xdata/lrrs/google_transit.zip,mdb-2142,https://exo.quebec/fr/a-propos/donnees-ouvertes,active
CA,Longueuil,Exo Sorel-Varennes,https://exo.quebec/xdata/citsv/google_transit.zip,mdb-741,https://www.donneesquebec.ca/licence/,active
CA,Longueuil,Exo Ville de Sainte-Julie,https://exo.quebec/xdata/omitsju/google_transit.zip,mdb-753,https://www.donneesquebec.ca/licence/,active
CA,Longueuil,Réseau de transport de Longueuil,https://www.rtl-longueuil.qc.ca/transit/latestfeed/RTL.zip,mdb-751,https://www.rtl-longueuil.qc.ca/CMS/MediaFree/file/GTFS/Conditions_GTFS.pdf,active
CA,Lévis,Société de transport de Lévis,https://www.stlevis.ca/sites/default/files/public/assets/gtfs/transit/gtfs_stlevis.zip,mdb-763,https://creativecommons.org/licenses/by/4.0/deed.fr,active
CA,Medicine Hat,Medicine Hat Transit,https://medicinehat.tmix.se/Tmix.Cap.TdExport.WebApi/gtfs/,mdb-2591,,active
CA,Merritt,BC Transit (Merritt),https://bct.tmix.se/Tmix.Cap.TdExport.WebApi/gtfs/?operatorIds=37,mdb-2471,https://www.bctransit.com/open-data/terms-of-use,active
CA,Milton,Milton Transit,http://metrolinx.tmix.se/gtfs/gtfs-milton.zip,mdb-759,https://discover-milton.hub.arcgis.com/pages/disclaimer-and-terms-of-use,active
CA,Miramichi,Miramichi Transit,http://miramichitransit.ca/GTFS/MT_GTFS_2019.01.29.b.zip,mdb-1806,,active
CA,Mississauga,MiWay,https://www.miapp.ca/GTFS/google_transit.zip,mdb-730,https://www.mississauga.ca/miway-transit/developer-download/,active
CA,Moncton,Codiac Transport,https://www7.moncton.ca/opendata/google_transit.zip,mdb-1111,https://catalogue-moncton.opendata.arcgis.com/datasets/transit-files-gtfs,active
CA,Mont-Tremblant,Bus Mont-Tremblant,https://zenbus.net/gtfs/static/download.zip?dataset=tcmt6w8qbuxm,tld-4761,,active
CA,Mont-Tremblant,L'Inter des Laurentides,https://zenbus.net/gtfs/static/download.zip?dataset=linter,tld-5722,,active
CA,Montreal,"Coach USA Erie, Orange Westchester Link, ShortLine Hudson, Suburban Transit, Community Coach, Rockland Coaches, Newark Airport Express, Wisconsin Coach Lines, Van Galder (Coach USA), Coach Suburban Transit Corporation, Coach Community Coach, Coach Hudson Transit Lines, Coach Newark Express, Waukesha County Transit",https://api.prod.coachusa.com/gtfs,tld-5741,,active
CA,Montreal,Exo,https://exo.quebec/xdata/trains/google_transit.zip,mdb-748,,active
CA,Montreal,Exo Sud-ouest,https://exo.quebec/xdata/citso/google_transit.zip,mdb-742,https://www.donneesquebec.ca/licence/,active
CA,Montreal,Exo Vallée du Richelieu,https://exo.quebec/xdata/citvr/google_transit.zip,mdb-752,https://exo.quebec/fr/a-propos/donnees-ouvertes,active
CA,Montreal,Société de transport de Montréal (STM),https://www.stm.info/sites/default/files/gtfs/gtfs_stm.zip,mdb-2126,https://www.stm.info/en/about/developers/terms-use,active
CA,Nanaimo,BC Ferries,http://data.trilliumtransit.com/gtfs/bcferries-bc-ca/bcferries-bc-ca.zip,mdb-690,,active
CA,Nanaimo,BC Transit (Nanaimo),https://bct.tmix.se/Tmix.Cap.TdExport.WebApi/gtfs/?operatorIds=41,mdb-2473,https://www.bctransit.com/open-data/terms-of-use,active
CA,Nanaimo,Hullo Ferries,https://hullo.com/gtfs/gtfs-hullo.zip,mdb-2389,,active
CA,North Bay,North Bay Transit,https://northbay.tmix.se/gtfs/gtfs.zip,tld-4700,,active
CA,North Kentville,Maritime Bus,https://data.trilliumtransit.com/gtfs/maritimebus-ca/maritimebus-ca.zip,mdb-2417,,active
CA,North York,Ontario Northland,https://ontarionorthland.tmix.se/gtfs/gtfs.zip,tld-4817,,active
CA,Oakville,Oakville Transit,https://www.arcgis.com/sharing/rest/content/items/d78a1c1ad6a940009de8b68839a8f606/data,mdb-725,http://www.oakville.ca/data/oakville-transit-route-information.html,active
CA,Old Toronto,Orléans Express,https://gtfs.keolis.ca/gtfs.zip,tld-5721,,active
CA,Old Toronto,Toronto Transit Commission (TTC),https://ckan0.cf.opendata.inter.prod-toronto.ca/dataset/bd4809dd-e289-4de8-bbde-c5c00dafbf4f/resource/28514055-d011-4ed7-8bb0-97961dfe2b66/download/SurfaceGTFS.zip,mdb-2253,,active
CA,Orangeville,Orangeville Transit,http://metrolinx.tmix.se/gtfs/gtfs-orangeville.zip,tld-4682,,active
CA,Orillia,Orillia Transit,http://metrolinx.tmix.se/gtfs/gtfs-orillia.zip,tld-4683,,active
CA,Penetanguishene,Midland Penetanguishene Transit Service,https://midland.usetransit.com/api/1/public/gtfs/2/gtfs.zip?token=64186b9ee7bea60d7638268206162c0c9c1a3f49e,tld-4704,,active
CA,Penticton,BC Transit (South Okanagan-Similkameen),https://bct.tmix.se/Tmix.Cap.TdExport.WebApi/gtfs/?operatorIds=15,mdb-2532,https://www.bctransit.com/open-data/terms-of-use,active
CA,Pontiac,Régie intermunicipale de transport des Collines (Transcollines),https://github.com/transcollines/gtfs/raw/master/transcollines-qc-ca.zip,mdb-739,https://github.com/transcollines/GTFS?tab=License-1-ov-file#readme,active
CA,Port Alberni,Port Alberni,https://bct.tmix.se/Tmix.Cap.TdExport.WebApi/gtfs/?operatorIds=11,mdb-761,https://www.bctransit.com/open-data/terms-of-use,active
CA,Port Hardy,BC Transit (Mount Waddington),https://bct.tmix.se/Tmix.Cap.TdExport.WebApi/gtfs/?operatorIds=17,mdb-2467,https://www.bctransit.com/open-data/terms-of-use,active
CA,Prince Albert,Prince Albert Transit,https://www.citypa.ca/en/parking-streets-and-transportation/resources/Transit/2025-01-02-Google-Transit-GTFS.zip,tld-5509_1,,active
CA,Prince George,BC Transit (Bulkley-Nechako | Prince George),https://bct.tmix.se/Tmix.Cap.TdExport.WebApi/gtfs/?operatorIds=22,mdb-2510,https://www.bctransit.com/open-data/terms-of-use,active
CA,Prince Rupert,BC Transit (Port Edward | Prince Rupert),https://bct.tmix.se/Tmix.Cap.TdExport.WebApi/gtfs/?operatorIds=23,mdb-2543,https://www.bctransit.com/open-data/terms-of-use,active
CA,Quebec City,Réseau de transport de la Capitale,https://cdn.rtcquebec.ca/Site_Internet/DonneesOuvertes/googletransit.zip,mdb-757,https://www.donneesquebec.ca/recherche/dataset/rtc-gtfs-arrets-et-les-parcours,active
CA,Quesnel,BC Transit (Quesnel),https://bct.tmix.se/Tmix.Cap.TdExport.WebApi/gtfs/?operatorIds=32,mdb-2463,https://www.bctransit.com/open-data/terms-of-use,active
CA,Regina,City of Regina,https://opengis.regina.ca/reginagtfs/google_transit.zip,mdb-715,https://open.regina.ca/pages/terms-of-use,active
CA,Revelstoke,BC Transit (Revelstoke),https://bct.tmix.se/Tmix.Cap.TdExport.WebApi/gtfs/?operatorIds=36,mdb-2464,https://www.bctransit.com/open-data/terms-of-use,active
CA,Rimouski,Société des transports de Rimouski,https://www.donneesquebec.ca/recherche/dataset/d2d92b84-4361-42f0-81eb-3c395bc54597/resource/bd4021ba-d3ae-4d3b-b8fd-016405166761/download/gtfsrimouskibus.zip,mdb-2276,https://www.donneesquebec.ca/recherche/dataset/transport-collectif/resource/bd4021ba-d3ae-4d3b-b8fd-016405166761,active
CA,Rouyn-Noranda,Rouyn-Noranda,https://www.donneesquebec.ca/recherche/dataset/41ae2192-51ec-4e20-9a1a-6dd1ffd43777/resource/c08636e0-5ce0-4bcf-9fb3-e3be76665c84/download/gtfs.zip,mdb-2603,https://www.donneesquebec.ca/licence/,active
CA,Saint John,Saint John Transit,https://www.arcgis.com/sharing/rest/content/items/d6f4783521364429a2e51a64c60ae234/data,mdb-2131,https://catalogue-saintjohn.opendata.arcgis.com/datasets/d6f4783521364429a2e51a64c60ae234/about,active
CA,Saint-Jean-sur-Richelieu,Saint Jean Sur Richelieu,https://zenbus.net/gtfs/static/download.zip?dataset=saint-jean-sur-richelieu,tld-5630,,active
CA,Saint-Lin–Laurentides,MRC de Montcalm,https://zenbus.net/gtfs/static/download.zip?dataset=mrc-montcalm,tld-5869,,active
CA,Salt Spring Island Electoral Area,BC Transit (Salt Spring Island),https://bct.tmix.se/Tmix.Cap.TdExport.WebApi/gtfs/?operatorIds=39,mdb-2466,https://www.bctransit.com/open-data/terms-of-use,active
CA,Sarnia,Sarnia Transit,http://metrolinx.tmix.se/gtfs/gtfs-sarnia.zip,tld-4738,,active
CA,Sault Ste. Marie,Sault Ste. Marie Transit,http://metrolinx.tmix.se/gtfs/gtfs-saultstemarie.zip,tld-4740,,active
CA,Scarborough,Toronto Transit Commission (TTC),http://opendata.toronto.ca/toronto.transit.commission/ttc-routes-and-schedules/OpenData_TTC_Schedules.zip,mdb-732,https://open.toronto.ca/dataset/ttc-routes-and-schedules/,active
CA,Sechelt,BC Transit (Sunshine Coast Transit System),https://bct.tmix.se/Tmix.Cap.TdExport.WebApi/gtfs/?operatorIds=18,mdb-2567,https://www.bctransit.com/open-data/terms-of-use,active
CA,Shawinigan,Régie de transport en commun de Shawinigan,https://app.mecatran.com/urb/ws/feed/c2l0ZT1zaGF3aW5pZ2FuO2NsaWVudD1zZWxmO2V4cGlyZT07dHlwZT1ndGZzO2tleT03MjQxM2QzMTNiMmM1ZTY2MWIwMzJlN2E0YTY4NWU0YTI1MzUwNzZi,tld-857,,active
CA,Sherbrooke,Société de Transport de Sherbrooke,https://gtfs.sts.qc.ca:8443/gtfs/client/GTFS_clients.zip,mdb-1996,https://www.donneesquebec.ca/recherche/fr/dataset/transport-sts,active
CA,Sorel-Tracy,Société de transport collectif de Pierre-De Saurel,https://zenbus.net/gtfs/static/download.zip?dataset=pierre-de-saurel,mdb-2379,,active
CA,Southwestern Ontario,Go Transit,https://assets.metrolinx.com/raw/upload/Documents/Metrolinx/Open%20Data/GO-GTFS.zip,mdb-1993,https://www.gotransit.com/en/partner-with-us/software-developers,active
CA,Squamish,BC Transit (Squamish),https://bct.tmix.se/Tmix.Cap.TdExport.WebApi/gtfs/?operatorIds=43,mdb-2563,https://www.bctransit.com/open-data/terms-of-use,active
CA,St-Eustache,Exo Laurentides,https://exo.quebec/xdata/citla/google_transit.zip,mdb-744,https://www.donneesquebec.ca/licence/,active
CA,St. John's,Metrobus Transit,http://www.metrobustransit.ca/google/google_transit.zip,mdb-758,https://metrobus.com/gtfs.asp,active
CA,St. Thomas,Railway City Transit,http://metrolinx.tmix.se/gtfs/gtfs-stthomas.zip,tld-4746,,active
CA,Stratford,Stratford Transit,http://metrolinx.tmix.se/gtfs/gtfs-stratford.zip,tld-4744,,active
CA,Terrace,BC Transit (Hazelton | Kitimat | Terrace),https://bct.tmix.se/Tmix.Cap.TdExport.WebApi/gtfs/?operatorIds=26,mdb-2462,https://www.bctransit.com/open-data/terms-of-use,active
CA,Terrebonne,Exo L'Assomption,https://exo.quebec/xdata/mrclasso/google_transit.zip,mdb-755,https://www.donneesquebec.ca/licence/,active
CA,Thunder Bay,Thunder Bay Transit,http://api.nextlift.ca/gtfs.zip,mdb-736,,active
CA,Timmins,Timmins Transit,http://metrolinx.tmix.se/gtfs/gtfs-timmins.zip,tld-4750,,active
CA,Ucluelet,BC Transit (West Coast),https://bct.tmix.se/Tmix.Cap.TdExport.WebApi/gtfs/?operatorIds=51,mdb-2575,https://www.bctransit.com/open-data/terms-of-use/,active
CA,Unorganized North Sudbury,VIA Rail Canada,https://www.viarail.ca/sites/all/files/gtfs/viarail.zip,mdb-735,https://www.viarail.ca/en/developer-resources,active
CA,Vancouver,Aquabus Ferries,https://aquabusferries.github.io/gtfs-feed/aquabus-bc-ca.zip,mdb-2031,,active
CA,Vaudreuil-Dorion,Exo La Presqu'île,https://exo.quebec/xdata/citpi/google_transit.zip,mdb-743,,active
CA,Vaughan,York Region Transit,https://www.yrt.ca/google/google_transit.zip,mdb-728,https://www.yrt.ca/en/about-us/open-data-licence-agreement.aspx,active
CA,Vernon,BC Transit (Shuswap | Vernon),https://bct.tmix.se/Tmix.Cap.TdExport.WebApi/gtfs/?operatorIds=14,mdb-2508,https://www.bctransit.com/open-data/terms-of-use,active
CA,Victoria,BC Transit (Victoria Regional Transit System),https://bct.tmix.se/Tmix.Cap.TdExport.WebApi/gtfs/?operatorIds=48,mdb-2571,,active
CA,Victoria,The Victoria Clipper,https://addtransit.com/gtfsfile/42017/VictoriaClipper.zip,tld-821,,active
CA,Waterloo,GRT Bus,https://webapps.regionofwaterloo.ca/api/grt-routes/api/staticfeeds/1,mdb-3150,http://www.regionofwaterloo.ca/en/regionalGovernment/GRT_GTFSdata.asp,active
CA,Welland,Niagara Region Transit,http://68.71.24.110/gtfs/GTFSExport.zip,tld-859,,active
CA,Whistler Resort Municipality,BC Transit (Pemberton Valley),https://bct.tmix.se/Tmix.Cap.TdExport.WebApi/gtfs/?operatorIds=50,mdb-2470,https://www.bctransit.com/open-data/terms-of-use,active
CA,Whistler Resort Municipality,BC Transit (Whistler Transit System),https://bct.tmix.se/Tmix.Cap.TdExport.WebApi/gtfs/?operatorIds=44,mdb-2583,https://www.bctransit.com/open-data/terms-of-use,active
CA,Whitby,Durham Region Transit,https://maps.durham.ca/OpenDataGTFS/GTFS_Durham_TXT.zip,mdb-726,,active
CA,Whitehorse,Whitehorse Transit,https://data.whitehorse.ca/Google_transit_Feed_Docs.zip,mdb-689,https://data.whitehorse.ca/,active
CA,Williams Lake,BC Transit (Williams Lake),https://bct.tmix.se/Tmix.Cap.TdExport.WebApi/gtfs/?operatorIds=33,mdb-2587,https://www.bctransit.com/open-data/terms-of-use,active
CA,Windsor,Transit Windsor,https://opendata.citywindsor.ca/Uploads/google_transit.zip,mdb-720,,active
CA,Winnipeg,Winnipeg Transit,http://gtfs.winnipegtransit.com/google_transit.zip,mdb-717,,active
CA,Yellowknife,Yellowknife Transit,https://cityexplorer.yellowknife.ca/gtfs/google_transit.zip,tld-4708,,active
CA,York,Union Pearson Express (UP Express),https://assets.metrolinx.com/raw/upload/Documents/Metrolinx/Open%20Data/UP-GTFS.zip,mdb-1995,https://www.gotransit.com/en/partner-with-us/software-developers,active
CH,Mendrisio,European Sleeper,https://jbb.ghsq.de/gtfs/eu-es.gtfs.zip,mdb-3107,,active
CH,Neuchâtel,Systemaufgaben Kundeninformation SKI+,https://data.opentransportdata.swiss/de/dataset/gtfsflex/permalink,mdb-2053,,active
CH,national,Systemaufgaben Kundeninformation SKI+,https://data.opentransportdata.swiss/dataset/timetable-2026-gtfs2020/permalink,mdb-2898,https://opentransportdata.swiss/en/terms-of-use/#Definitions,active
CL,Santiago Metropolitan Region,"Red Metropolitana de Movilida, EFE Trenes de Chile, Bus de Acercamiento Aeropuerto, Metro de Santiago",https://www.dtpm.cl/descargas/gtfs/GTFS_20260704.zip,mdb-3357,https://www.dtpm.cl/index.php/gtfs-vigente,active
CL,Temuco,"Sociedad de Transportes Linea N°5 S.A., Sociedad de Transporte A. Alemania - P. Nuevo S.A - Línea Nº1, Transportes Línea Número Dos Limitada, Transp. P.De Valdivia-P.Las Casas Ltda. Nº3, Transportes Sta. Rosa Limitada., Taxibuses Numero Seis S.A., Empresa Tobalaba, Mall, Cajón S. A. Línea Nº7, Empresa de Transportes Línea Nº 8 P.L. Casas S.A., E. de Transportes de Pasajeros Línea Nueve S.A, Empresa de Transportes Altamira S.A, Fesub",http://datos.gob.cl/dataset/cef4c471-2837-412b-a78e-1d4c6a261bf9/resource/7887a7e7-9af6-4fc8-b19f-8ff4ea474d1c/download/temuco24nov16.zip,mdb-1864,,active
CN,Futian District,Hong Kong Government Transport Department,https://static.data.gov.hk/td/pt-headway-en/gtfs.zip,mdb-1924,https://data.gov.hk/en/terms-and-conditions,active
CN,Nanshan District,Just Use Wheels,http://feed.justusewheels.com/hk.gtfs.zip,mdb-2933,https://opendatacommons.org/licenses/odbl/1.0/,active
CO,Localidad San Cristóbal,SIMUR Bogota,https://storage.googleapis.com/gtfs-estaticos/GTFS-2026-04-29.zip,mdb-3358,http://www.simur.gov.co/gtfs,active
CO,Tolima,Transporte Público Urbano de Ibagué,https://raw.githubusercontent.com/omtu-unibague/gtfs-ibague/main/gtfs_ibague.zip,mdb-3188,,active
CR,Cantón Curridabat,INCOFER,https://feeds.simovi.org/incofer/schedule/feed.zip,mdb-3480,,active
CY,Famagusta District,OSEA,https://www.motionbuscard.org.cy/opendata/downloadfile?file=GTFS%5C4_google_transit.zip&rel=True,mdb-1916,,active
CY,Larnaca District,Intercity buses,https://www.motionbuscard.org.cy/opendata/downloadfile?file=GTFS%5C5_google_transit.zip&rel=True,mdb-1917,,active
CY,Nicosia,LPT,https://www.motionbuscard.org.cy/opendata/downloadfile?file=GTFS%5C10_google_transit.zip&rel=True,mdb-1919,,active
CY,Nicosia,NPT,https://www.motionbuscard.org.cy/opendata/downloadfile?file=GTFS%5C9_google_transit.zip&rel=True,mdb-1918,,active
CY,Nicosia,PAME EXPRESS,https://www.motionbuscard.org.cy/opendata/downloadfile?file=GTFS%5C11_google_transit.zip&rel=True,mdb-2901,,active
CY,Paphos District,EMEL (Limassol),https://www.motionbuscard.org.cy/opendata/downloadfile?file=GTFS%5C6_google_transit.zip&rel=True,tld-5772,,active
CY,Paphos District,OSYPA,https://www.motionbuscard.org.cy/opendata/downloadfile?file=GTFS%5C2_google_transit.zip&rel=True,mdb-1915,,active
CZ,Olomouc,"Dopravní podnik města Olomouce, a. s.",https://www.dpmo.cz/doc/dpmo-olomouc-cz.zip,mdb-1901,,active
CZ,Plzeň,Plzeňské městské dopravní podniky a.s.,https://jizdnirady.pmdp.cz/jr/gtfs,tld-7926,,active
CZ,Prague,Prazska integrovana doprava (PID),http://data.pid.cz/PID_GTFS.zip,mdb-767,https://pid.cz/o-systemu/opendata/,active
CZ,Prague,naldo Verkehrsverbund,https://www.nvbw.de/fileadmin/user_upload/service/open_data/fahrplandaten_ohne_liniennetz/naldo.zip,mdb-771,https://www.nvbw.de/open-data/fahrplandaten/fahrplandaten-mit-liniennetz,active
CZ,national,Czech national bus feed JDF,https://owncloud.cesnet.cz/index.php/s/IMvVXZIHOuORDrB/download,mdb-2904,,active
DE,Aachen,Eurostar International Ltd.,https://www.data.gouv.fr/api/1/datasets/r/bfd97acd-63f3-4ea4-bfe8-70e4c7fd8d13,tdg-82199,https://www.data.gouv.fr/pages/legal/licences/etalab-2.0,active
DE,Aachen,Long-distance rail transport in Germany,https://download.gtfs.de/germany/fv_free/latest.zip,mdb-768,,active
DE,Aachen,Rurtalbahn GmbH | ABELLIO Rail | VIAS GmbH| Aachener Straßenbahn und Energieversorgungs-AG | Rurtalbus GmbH | WestVerkehr GmbH | Staatsbahnen | National Express | ASEAG Netliner,http://opendata.avv.de/current_GTFS/AVV_GTFS_Masten_mit_SPNV.zip,mdb-1224,,active
DE,Aachen,"Rurtalbahn GmbH, ABELLIO Rail, VIAS GmbH, Aachener Straßenbahn und Energieversorgungs-AG, Rurtalbus GmbH, WestVerkehr GmbH, Staatsbahnen, National Express, ASEAG Netliner",http://opendata.avv.de/current_GTFS/AVV_GTFS_mit_SPNV.zip,mdb-1094,,active
DE,Aschaffenburg,NVBW - Nahverkehrsgesellschaft Baden-Württemberg mbH,https://www.nvbw.de/fileadmin/user_upload/service/open_data/fahrplandaten_mit_liniennetz/bwgesamt.zip,mdb-2393,https://www.nvbw.de/open-data/lizenz,active
DE,Baden-Württemberg,"Regional Bus Stuttgart GmbH RBS, FMO, Regiobus Stuttgart, Friedrich Müller Omnibusunternehmen",https://www.nvbw.de/fileadmin/user_upload/service/open_data/fahrplandaten_ohne_liniennetz/rbs.zip,mdb-1093,,active
DE,Baden-Württemberg,SBG,https://www.nvbw.de/fileadmin/user_upload/service/open_data/fahrplandaten_mit_liniennetz/sbg.zip,mdb-918,,active
DE,Berlin,Verkehrsverbund Berlin-Brandenburg (VBB),http://vbb.de/vbbgtfs,mdb-782,http://vbb.de/vbbgtfs,active
DE,Berlin,Verkehrsverbund Berlin-Brandenburg (VBB),https://unternehmen.vbb.de/fileadmin/user_upload/VBB/Dokumente/API-Datensaetze/gtfs-mastscharf/GTFS.zip,mdb-3233,https://creativecommons.org/licenses/by/4.0/deed.en,active
DE,Cologne,Verkehrsverbund Rhein-Sieg (VRS),http://download.vrsinfo.de/gtfs/google_transit.zip,mdb-778,https://www.vrs.de/fahren/fahrplanauskunft/opendata-/-openservice,active
DE,Elbe-Elster,Verkehrsverbund Berlin-Brandenburg (VBB),https://unternehmen.vbb.de/fileadmin/user_upload/VBB/Dokumente/API-Datensaetze/gtfs-flex.zip,mdb-3234,https://creativecommons.org/licenses/by/4.0/deed.en,active
DE,Freiburg,SWEG Markgräflerland,https://www.nvbw.de/fileadmin/user_upload/service/open_data/fahrplandaten_mit_liniennetz/sweg.zip,mdb-1084,,active
DE,Freiburg im Breisgau,"Freiburger Verkehrs AG (VAG), R.A.S.T. Reisen (RAST), Tuniberg Express",https://www.vag-freiburg.de/fileadmin/gtfs/VAGFR.zip,mdb-1115,https://www.vag-freiburg.de/service-infos/downloads/gtfs-daten,active
DE,Hamburg,Hamburger Verkehrsverbund GmbH (HVV),https://daten.transparenz.hamburg.de/Dataport.HmbTG.ZS.Webservice.GetRessource100/GetRessource100.svc/f0073555-962c-4d55-870e-b94bb676ad9d/Upload__hvv_Rohdaten_GTFS_Fpl_20260408.ZIP,mdb-3362,https://www.govdata.de/dl-de/by-2-0,active
DE,Hügelsheim,Karlsruher Verkehrsverbund,https://projekte.kvv-efa.de/GTFS/google_transit.zip,mdb-2231,https://www.kvv.de/fahrplan/fahrplaene/open-data.html,active
DE,Landkreis Bad Dürkheim,Rhein-Neckar-Verkehr,https://gtfs-sandbox-dds.rnv-online.de/latest/gtfs.zip,mdb-777,https://opendata.rnv-online.de/dataset/gtfs-general-transit-feed-specification,active
DE,Landkreis Bad Kissingen,Verkehrsverbund Mittelthüringen (VMT),https://www.vmt-thueringen.de/fileadmin/VMT_Redaktion/OPEN_DATA/VMT_GTFS.zip,mdb-1172,https://creativecommons.org/licenses/by-nd/2.0/de/,active
DE,Landkreis Böblingen,Verkehrsverbund Pforzheim-Enzkreis (VPE),https://www.nvbw.de/fileadmin/user_upload/service/open_data/fahrplandaten_mit_liniennetz/vpe.zip,mdb-1085,https://www.nvbw.de/open-data/fahrplandaten/fahrplandaten-mit-liniennetz,active
DE,Landkreis Donau-Ries,Hofmann Omnibusverkehr GmbH,https://www.nvbw.de/fileadmin/user_upload/service/open_data/fahrplandaten_mit_liniennetz/kvsh.zip,mdb-1082,https://www.nvbw.de/open-data/fahrplandaten/fahrplandaten-mit-liniennetz,active
DE,Landkreis Schwäbisch Hall,Ver­kehrs­ver­bund Groß­raum Nürn­berg (VGN),http://www.vgn.de/opendata/GTFS.zip,mdb-858,,active
DE,Leipzig,Mitteldeutscher Verkehrsverbund GmbH (MDV),https://www.mdv.de/site/uploads/gtfs_mdv.zip,mdb-2360,https://creativecommons.org/licenses/by/4.0/deed.de,active
DE,Meißen,Polish Trains,https://mkuran.pl/gtfs/polish_trains.zip,mdb-3191,https://bip.plk-sa.pl/ponowne-wykorzystywanie,active
DE,Munich,Münchner Verkehrsgesellschaft (MVG),https://www.mvg.de/static/gtfs/google_transit.zip,mdb-2333,https://www.mvg.de/verbindungen/Fahrplandaten.html,active
DE,Schleswig-Flensburg,Flixbus,https://opendata.samtrafiken.se/gtfs/flixbus/flixbus.zip,mdb-3261,https://www.trafiklab.se/api/gtfs-datasets/gtfs-regional/#licence,active
DE,Stuttgart,"OVA-Aalen, OVA-Bopfingen, Beck+Schubert",https://www.nvbw.de/fileadmin/user_upload/service/open_data/fahrplandaten_mit_liniennetz/oam.zip,mdb-772,https://www.nvbw.de/open-data/fahrplandaten/fahrplandaten-mit-liniennetz,active
DE,Stuttgart,Schweizer Reisen,https://www.nvbw.de/fileadmin/user_upload/service/open_data/fahrplandaten_ohne_liniennetz/vgf.zip,mdb-774,https://www.nvbw.de/open-data/fahrplandaten/fahrplandaten-mit-liniennetz,active
DE,Stuttgart,VOLZ,https://www.nvbw.de/fileadmin/user_upload/service/open_data/fahrplandaten_mit_liniennetz/vgc.zip,mdb-906,,active
DE,Trier,Verkehrsverbund Rhein-Neckar,https://geoportal.vrn.de/services/sharing/rest/content/items/4ec4b1d131eb46a6bb8e216ce9b90eff/data,mdb-1173,https://www.vrn.de/opendata/datasets/soll-fahrplandaten-gtfs-aktuell,active
DE,Tuttlingen,TuTicket,https://www.nvbw.de/fileadmin/user_upload/service/open_data/fahrplandaten_mit_liniennetz/tuticket.zip,mdb-920,,active
DE,Ulm,DB ZugBus Regionalverkehr Alb-Bodensee,https://www.nvbw.de/fileadmin/user_upload/service/open_data/fahrplandaten_mit_liniennetz/rab.zip,mdb-773,https://www.nvbw.de/open-data/fahrplandaten/fahrplandaten-mit-liniennetz,active
DE,Ulm,SWU Verkehr GmbH (SWU),https://gtfs.swu.de/daten/SWU.zip,mdb-776,,active
DE,Vorpommern-Rügen,TrafikLab,https://api.resrobot.se/gtfs/sweden.zip,mdb-2661,https://www.trafiklab.se/api/gtfs-datasets/gtfs-sverige-2/,active
DE,national,DELFI Germany-wide scheduled timetable data (GTFS),https://www.opendata-oepnv.de/index.php?id=1384&tx_vrrkit_view%5Bsharing%5D=eyJkYXRhc2V0IjoiZGV1dHNjaGxhbmR3ZWl0ZS1zb2xsZmFocnBsYW5kYXRlbi1ndGZzIiwidXNlcklkIjo1MDM4fQ%3D%3D&tx_vrrkit_view%5Baction%5D=download&tx_vrrkit_view%5Bcontroller%5D=View,mdb-3215,http://www.opendefinition.org/licenses/cc-by,active
DE,national,Rursee-Schifffahrt KG,https://de.data.public-transport.earth/gtfs-germany.zip,mdb-784,,active
DE,national,"Ulmer Eisenbahnfreunde, Sächsisch-Oberlausitzer Eisenbahngesellschaft, SDG Sächsische Dampfeisenbahngesellschaft mbH, SNCF, vlexx, DB AG, SBB, Nordbahn Eisenbahngesellschaft, Norddeutsche Eisenbahn Gesellschaft, AKN Eisenbahn GmbH, Ostdeutsche Eisenbahn GmbH, NEB Niederbarnimer Eisenbahn, Hanseatische Eisenbahn GmbH, City-Bahn Chemnitz, vogtlandbahn - Die Länderbahn GmbH DLB, trilex - Die Länderbahn GmbH DLB, Mitteldeutsche Regiobahn, DB Regio AG Südost, Freiberger Eisenbahngesellschaft, Arriva Danmark, Abellio Rail NRW GmbH, TRI Train Rental GmbH, National Express, DB Regio AG NRW, eurobahn, Hessische Landesbahn, NordWestBahn, Centralbahn, VIAS Rail GmbH, Rurtalbahn, SNCB, DB RegioNetz Verkehrs GmbH Kurhessenbahn, cantus Verkehrsgesellschaft, metronom, Verkehrsgesellschaft Start Unterelbe mbH, erixx, WestfalenBahn, enno, EVB ELBE-WESER GmbH, Bentheimer Eisenbahn, Abellio Rail Mitteldeutschland GmbH, Dessau-Wörlitzer Eisenbahn, Harzer Schmalspurbahn, DB Regio AG Bayern, alex - Die Länderbahn GmbH DLB, DB Regio AG Bayern, DB RegioNetz Verkehrs GmbH Südostbayernbahn, Bayerische Regiobahn, DB Regio AG Bayern, Bayerische Regiobahn, DB RegioNetz Verkehrs GmbH Südostbayernbahn, Bayerische Regiobahn, Go-Ahead Bayern GmbH, agilis, agilis-Schnellzug, oberpfalz-express - Die Länderbahn GmbH DLB, oberpfalzbahn - Die Länderbahn GmbH DLB, waldbahn - Die Länderbahn GmbH DLB, Erfurter Bahn, Österreichische Bundesbahnen, Museumsbahn, Brohltalbahn, Kasbachtalbahn, Kandertalbahn, Wutachtalbahn, Öchsle-Bahn-Betriebsgesellschaft mbH, Rhön-Zügle, Mainschleifenbahn, Ilztalbahn, Wanderbahn im Regental, Chiemgauer Lokalbahn, BayernBahn GmbH, SÜWEX, CFL, MittelrheinBahn (Trans Regio), Rhenus Veniro, Daadetalbahn, Go-Ahead Baden-Württemberg GmbH, THURBO, DB Regio AG Baden-Württemberg, Hohenzollerische Landesbahn AG, SWEG Bahn Stuttgart GmbH (ehem. Abellio BW), Südwestdeutsche Verkehrs-GmbH, Schwäbische Alb-Bahn, Bodensee-Oberschwaben-Bahn, Erfurter Bahn Express, Süd-Thüringen-Bahn, Süd-Thüringen-Bahn Express, Pressnitztalbahn, Mecklenburgische Bäderbahn Molli, Ceske Drahy, GW Train Regio",https://www.nvbw.de/fileadmin/user_upload/service/open_data/fahrplandaten_mit_liniennetz/bwspnv.zip,mdb-1081,https://www.nvbw.de/open-data/fahrplandaten/fahrplandaten-mit-liniennetz,active
DK,Region of Southern Denmark,OVapi,http://gtfs.ovapi.nl/gtfs-nl.zip,mdb-1077,,active
DZ,Aïn Fekan District,Cleveland Urban Area Transit System,https://passio3.com/cuats/passioTransit/gtfs/google_transit.zip,tld-7827,,active
DZ,Bejaia District,CORSICA LINEA,https://www.data.gouv.fr/api/1/datasets/r/13977931-86ae-4b7a-9598-d222333a5fbd,tdg-83510,https://www.data.gouv.fr/pages/legal/licences/etalab-2.0,active
DZ,Tinduf Disctrict,Fluo Grand Est,https://transport.data.gouv.fr/resources/80417/download?token=xdgqKBTAzhw4DSPz6zeGc4c5eW0LhwztcGv4-vpzP4U,tdg-80417,https://www.data.gouv.fr/pages/legal/licences/etalab-2.0,active
EE,Alutaguse vald,"GoBus AS, NAJA OÜ, OSAÜHING FREMANTI, OV Ida-Bus OÜ",https://eu-gtfs.remix.com/kohtla_jarve.zip,mdb-3366,https://www.agri.ee/regionaalareng-uhistransport/uhistransport-ja-reisimine/uhistranspordiregistri-avaandmed,active
EE,Elva vald,"GoBus AS, MEELIS HEEK, MK Reis OÜ",https://eu-gtfs.remix.com/ida_viru.zip,mdb-3372,https://www.agri.ee/regionaalareng-uhistransport/uhistransport-ja-reisimine/uhistranspordiregistri-avaandmed,active
EE,Häädemeeste vald,GoBus AS,https://eu-gtfs.remix.com/vorumaa.zip,mdb-3376,https://www.agri.ee/regionaalareng-uhistransport/uhistransport-ja-reisimine/uhistranspordiregistri-avaandmed,active
EE,Keila linn,"ATG Bussiliinid OÜ, GoBus AS",https://eu-gtfs.remix.com/valgamaa.zip,mdb-3379,https://www.agri.ee/regionaalareng-uhistransport/uhistransport-ja-reisimine/uhistranspordiregistri-avaandmed,active
EE,Lüganuse vald,GoBus AS,https://eu-gtfs.remix.com/narva.zip,mdb-3365,https://www.agri.ee/regionaalareng-uhistransport/uhistransport-ja-reisimine/uhistranspordiregistri-avaandmed,active
EE,Muhu vald,TS Laevad OÜ,https://eu-gtfs.remix.com/tslaevad.zip,mdb-3384,https://www.agri.ee/regionaalareng-uhistransport/uhistransport-ja-reisimine/uhistranspordiregistri-avaandmed,active
EE,Peipsiääre vald,"Eesti Bussiliinid OÜ, GoBus AS",https://eu-gtfs.remix.com/jogevamaa.zip,mdb-3373,https://www.agri.ee/regionaalareng-uhistransport/uhistransport-ja-reisimine/uhistranspordiregistri-avaandmed,active
EE,Põltsamaa vald,GoBus AS,https://eu-gtfs.remix.com/polvamaa.zip,mdb-3375,https://www.agri.ee/regionaalareng-uhistransport/uhistransport-ja-reisimine/uhistranspordiregistri-avaandmed,active
EE,Põltsamaa vald,"Osaühing Bristol Takso, Papiniidu Projekt AS, Piiroja Invest OÜ, SEBE Aktsiaselts",https://eu-gtfs.remix.com/parnu.zip,mdb-3364,https://www.agri.ee/regionaalareng-uhistransport/uhistransport-ja-reisimine/uhistranspordiregistri-avaandmed,active
EE,Rae vald,HANSABUSS AS,https://eu-gtfs.remix.com/hiiumaa.zip,mdb-3381,https://www.agri.ee/regionaalareng-uhistransport/uhistransport-ja-reisimine/uhistranspordiregistri-avaandmed,active
EE,Rakvere vald,"GoBus AS, HANSABUSS AS, SEBE Aktsiaselts",https://eu-gtfs.remix.com/tartu.zip,mdb-3363,https://www.agri.ee/regionaalareng-uhistransport/uhistransport-ja-reisimine/uhistranspordiregistri-avaandmed,active
EE,Saaremaa vald,"ABuss OÜ, Aktsiaselts Hansa Bussiliinid, Aktsiaselts MK Autobuss, Alukvik OÜ, Arilix OÜ, AS Lux Express Estonia, Asunduse osaühing, ATG Bussiliinid OÜ, Atko Bussiliinid AS, ATKO Liinid OÜ, ATKO Transport OÜ, Ekspress-Auto L Osaühing, Ekspressbussiliinid osaühing, Elmar Purga FIE, ELRON, Estonian Lines OÜ, GoBus AS, HANSABUSS AS, Kalle Bussid OÜ, MEELIS HEEK, MK Reis-X OÜ, NAJA OÜ, Osaühing Bristol Takso, OSAÜHING FREMANTI, osaühing Tulisilm, OV Ida-Bus OÜ, OÜ Baltic Shuttle, PRESTO osaühing, Radix Transport OÜ, Rannu Rukkilill E.S.T. OÜ, Saaremaa vald, SEBE Aktsiaselts, Sirel Reisid OÜ, Taisto Express OÜ, Tallinna Linnatranspordi AS, TS Laevad OÜ, Tõnu Tours OÜ, Valgis osaühing",https://eu-gtfs.remix.com/estonia_unified_gtfs.zip,mdb-3235,https://www.agri.ee/regionaalareng-uhistransport/uhistransport-ja-reisimine/uhistranspordiregistri-avaandmed,active
EE,Saaremaa vald,"Aktsiaselts MK Autobuss, Arilix OÜ, AS ANNISTON, AS Lux Express Estonia, Estonian Lines OÜ, GoBus AS, HANSABUSS AS, Kalle Bussid OÜ, MK Reis OÜ, osaühing Tulisilm, OÜ Baltic Shuttle, Sirel Reisid OÜ, Taisto Express OÜ",https://eu-gtfs.remix.com/kaugliinid.zip,mdb-3383,https://www.agri.ee/regionaalareng-uhistransport/uhistransport-ja-reisimine/uhistranspordiregistri-avaandmed,active
EE,Saaremaa vald,"GoBus AS, Saaremaa vald",https://eu-gtfs.remix.com/saaremaa.zip,mdb-3382,https://www.agri.ee/regionaalareng-uhistransport/uhistransport-ja-reisimine/uhistranspordiregistri-avaandmed,active
EE,Saue vald,"GoBus AS, HANSABUSS AS",https://eu-gtfs.remix.com/raplamaa.zip,mdb-3371,https://www.agri.ee/regionaalareng-uhistransport/uhistransport-ja-reisimine/uhistranspordiregistri-avaandmed,active
EE,Saue vald,"GoBus AS, MK Reis OÜ",https://eu-gtfs.remix.com/laanemaa.zip,mdb-3369,https://www.agri.ee/regionaalareng-uhistransport/uhistransport-ja-reisimine/uhistranspordiregistri-avaandmed,active
EE,Tallinn,"ATG Bussipark OÜ, GoBus AS",https://eu-gtfs.remix.com/jarvamaa.zip,mdb-3374,https://www.agri.ee/regionaalareng-uhistransport/uhistransport-ja-reisimine/uhistranspordiregistri-avaandmed,active
EE,Tallinn,"Alukvik OÜ, Ekspressbussiliinid osaühing, GoBus AS, HANSABUSS AS, SEBE Aktsiaselts",https://eu-gtfs.remix.com/harjumaa.zip,mdb-3368,https://www.agri.ee/regionaalareng-uhistransport/uhistransport-ja-reisimine/uhistranspordiregistri-avaandmed,active
EE,Tallinn,"Atko Bussiliinid AS, Estonian Lines OÜ, GoBus AS",https://eu-gtfs.remix.com/viljandimaa.zip,mdb-3380,https://www.agri.ee/regionaalareng-uhistransport/uhistransport-ja-reisimine/uhistranspordiregistri-avaandmed,active
EE,Tallinn,HANSABUSS AS,https://eu-gtfs.remix.com/laane_virumaa.zip,mdb-3370,https://www.agri.ee/regionaalareng-uhistransport/uhistransport-ja-reisimine/uhistranspordiregistri-avaandmed,active
EE,Tallinn,Tallinna Linn,https://eu-gtfs.remix.com/tallinn.zip,mdb-3047,https://peatus.ee/content/teenusest,active
EE,Valga vald,Latvia by Gustavs Svalbe gsvalbe.id.lv,https://gsvalbe.id.lv/pieturas/dati/latvia.zip,mdb-2337,,active
EE,Valga vald,Pasažieru Vilciens,https://vivi.lv/uploads/GTFS.zip,mdb-3385,https://data.gov.lv/dati/eng/dataset/iekszemes-dzelzcela-vilcienu-kustibas-saraksts-gtfs-formata,active
EE,Viimsi vald,"Aktsiaselts MK Autobuss, Atko Bussiliinid AS, GoBus AS, SEBE Aktsiaselts",https://eu-gtfs.remix.com/parnumaa.zip,mdb-3377,https://www.agri.ee/regionaalareng-uhistransport/uhistransport-ja-reisimine/uhistranspordiregistri-avaandmed,active
EE,Viru-Nigula vald,"HANSABUSS AS, Kihnu Veeteed AS",https://eu-gtfs.remix.com/tartumaa.zip,mdb-3378,https://www.agri.ee/regionaalareng-uhistransport/uhistransport-ja-reisimine/uhistranspordiregistri-avaandmed,active
EE,Väike-Maarja vald,HANSABUSS AS,https://eu-gtfs.remix.com/rakvere.zip,mdb-3367,https://www.agri.ee/regionaalareng-uhistransport/uhistransport-ja-reisimine/uhistranspordiregistri-avaandmed,active
EE,Võru vald,ELRON,https://eu-gtfs.remix.com/elron.zip,mdb-3153,,active
EG,Portsaid,Port Said Transit,https://github.com/youssefelzedy/PortSaid-Transit-GTFS/releases/latest/download/gtfs.zip,mdb-3459,,active
ES,A Coruña,La Coruña Tram Company SA,https://nap.transportes.gob.es/api/Fichero/download/1574,mdb-2767,https://nap.transportes.gob.es/licencia-datos,active
ES,Abenójar,Samar Buses,https://nap.transportes.gob.es/api/Fichero/download/1165,mdb-2712,https://nap.transportes.gob.es/licencia-datos,active
ES,Alacant / Alicante,Vectalia Movilidad (Alicante city buses),https://nap.transportes.gob.es/api/Fichero/download/1607,mdb-2822,https://nap.transportes.gob.es/licencia-datos,active
ES,Alba de Yeltes,Viagón Coaches,https://nap.transportes.gob.es/api/Fichero/download/2073,mdb-2786,https://nap.transportes.gob.es/licencia-datos,active
ES,Albolote,Public Works Agency of the Andalusian Regional Government (Metro de Grenada),https://nap.transportes.gob.es/api/Fichero/download/1568,mdb-2784,https://nap.transportes.gob.es/licencia-datos,active
ES,Alcúdia,Baleària Ferry,https://nap.transportes.gob.es/api/Fichero/download/1527,mdb-2814,https://nap.transportes.gob.es/licencia-datos,active
ES,Almonacid de la Cuba,La Veloz SA (Buses from the Belchite countryside area to Zaragoza (C12)),https://nap.transportes.gob.es/api/Fichero/download/1914,mdb-2808,https://nap.transportes.gob.es/licencia-datos,active
ES,Amezketa,Lurraldebus Tolosaldea,https://nap.transportes.gob.es/api/Fichero/download/1235,mdb-2726,https://nap.transportes.gob.es/licencia-datos,active
ES,Amorebieta-Etxano,Lurraldebus Euskotren bus,https://nap.transportes.gob.es/api/Fichero/download/1202,mdb-2756,https://nap.transportes.gob.es/licencia-datos,active
ES,Arrasate / Mondragón,Lurraldebus Arrasate,https://nap.transportes.gob.es/api/Fichero/download/1198,mdb-2733,https://nap.transportes.gob.es/licencia-datos,active
ES,Arén,Autoridad de Transporte Metropolitano del Área de Barcelona (ATM) Buses and trains in Catalonia (full version),https://nap.transportes.gob.es/api/Fichero/download/2060,mdb-2826,https://nap.transportes.gob.es/licencia-datos,active
ES,Astigarraga,Lurraldebus Ekialdebus,https://nap.transportes.gob.es/api/Fichero/download/1201,mdb-2731,https://nap.transportes.gob.es/licencia-datos,active
ES,Barakaldo,Kbus (Barakaldo urban),https://nap.transportes.gob.es/api/Fichero/download/2068,mdb-2788,https://nap.transportes.gob.es/licencia-datos,active
ES,Barberà del Vallès,Àrea Metropolitana de Barcelona (AMB),https://www.ambmobilitat.cat/OpenData/google_transit.zip,mdb-892,,active
ES,Barcelona,Autocorb Coaches,https://nap.transportes.gob.es/api/Fichero/download/1171,mdb-2779,https://nap.transportes.gob.es/licencia-datos,active
ES,Barcelona,Direxis Masats,https://nap.transportes.gob.es/api/Fichero/download/1983,mdb-2761,https://nap.transportes.gob.es/licencia-datos,active
ES,Barcelona,Direxis TGO (Transportes Generales de Olesa),https://nap.transportes.gob.es/api/Fichero/download/1984,mdb-2775,https://nap.transportes.gob.es/licencia-datos,active
ES,Barcelona,Moventis Sarbus (Buses Sarbus – La Vallesana),https://nap.transportes.gob.es/api/Fichero/download/1581,mdb-2755,https://nap.transportes.gob.es/licencia-datos,active
ES,Barcelona,Railways of the Generalitat of Catalonia (Ferrocarrils de la Generalitat de Catalunya),https://www.fgc.cat/google/google_transit.zip,mdb-1856,https://dadesobertes.fgc.cat/explore/?q=gtfs_zip,active
ES,Barcelona,TRAM Barcelona (Tranvía Metropolitano Barcelona),https://opendata.tram.cat/GTFS/zip/TBX.zip,mdb-1003,,active
ES,Barcelona,TRAM Barcelona Besós (Tranvía Metropolitano Barcelona),https://opendata.tram.cat/GTFS/zip/TBS.zip,mdb-1004,,active
ES,Belmonte de Tajo,Consorcio Regional de Transportes de Madrid CRTM Intercity Buses (Madrid Intercity Buses),http://crtm.maps.arcgis.com/sharing/rest/content/items/885399f83408473c8d815e40c5e702b7/data,mdb-791,http://www.crtm.es/licencia-de-uso,active
ES,Bermeo,Bermibusa,https://nap.transportes.gob.es/api/Fichero/download/2063,mdb-2799,https://nap.transportes.gob.es/licencia-datos,active
ES,Bidania-Goiatz,Lurraldebus Guipuzcoana (La Guipuzcoana),https://nap.transportes.gob.es/api/Fichero/download/1204,mdb-2736,https://nap.transportes.gob.es/licencia-datos,active
ES,Bilbao,Bilbobus,https://nap.transportes.gob.es/api/Fichero/download/1460,mdb-2681,https://nap.transportes.gob.es/licencia-datos,active
ES,Bilbao,Funicular de Artxanda,https://nap.transportes.gob.es/api/Fichero/download/1264,mdb-2680,https://nap.transportes.gob.es/licencia-datos,active
ES,Bordils,Moventis Sarfa (Sarfa buses),https://nap.transportes.gob.es/api/Fichero/download/1576,mdb-2764,https://nap.transportes.gob.es/licencia-datos,active
ES,Castelló de la Plana,Castelló de la Plana Town Hall (city bus),https://nap.transportes.gob.es/api/Fichero/download/1572,mdb-2771,https://nap.transportes.gob.es/licencia-datos,active
ES,Catalonia,Autobusos Interurbans,https://territori.gencat.cat/web/.content/home/serveis/visors-cartografia/bases-cartografiques/infraestructures-mobilitat/autobusos-interurbans/busos-interurbans-GTFS.zip,mdb-2926,,active
ES,Catalonia,Generalitat of Catalonia (Intercity bus),https://nap.transportes.gob.es/api/Fichero/download/1364,mdb-2796,https://nap.transportes.gob.es/licencia-datos,active
ES,Cenes de la Vega,Granada City Council (Granada city bus),https://nap.transportes.gob.es/api/Fichero/download/1564,mdb-2769,https://nap.transportes.gob.es/licencia-datos,active
ES,Cenes de la Vega,TranspRober,http://movilidadgranada.org/gtfs/gtfs.zip,tld-4890,,active
ES,Cervera,Cots Alsina,https://nap.transportes.gob.es/api/Fichero/download/2009,mdb-2805,https://nap.transportes.gob.es/licencia-datos,active
ES,Cáceres,Vectalia Movilidad (Cáceres city bus),https://nap.transportes.gob.es/api/Fichero/download/1493,mdb-2714,https://nap.transportes.gob.es/licencia-datos,active
ES,Deba,Lurraldebus Pesa,https://nap.transportes.gob.es/api/Fichero/download/1233,mdb-2776,https://nap.transportes.gob.es/licencia-datos,active
ES,Eibar,Lurraldebus Eibar,https://nap.transportes.gob.es/api/Fichero/download/1200,mdb-2735,https://nap.transportes.gob.es/licencia-datos,active
ES,Erandio,Autobuses La Unión (ALU),https://nap.transportes.gob.es/api/Fichero/download/1266,mdb-2718,https://nap.transportes.gob.es/licencia-datos,active
ES,Erandio,Erandio City Council (Erandio! Busa),https://nap.transportes.gob.es/api/Fichero/download/2066,mdb-2793,https://nap.transportes.gob.es/licencia-datos,active
ES,Erandio,Euskotren,https://nap.transportes.gob.es/api/Fichero/download/1263,mdb-2715,https://nap.transportes.gob.es/licencia-datos,active
ES,Errenteria,Lurraldebus Urbano de Errentería (Errenteria Urbanoa),https://nap.transportes.gob.es/api/Fichero/download/1234,mdb-2759,https://nap.transportes.gob.es/licencia-datos,active
ES,Etxebarri,Etxebarri Town Hall,https://nap.transportes.gob.es/api/Fichero/download/2065,mdb-2792,https://nap.transportes.gob.es/licencia-datos,active
ES,Fornells de la Selva,Transports Municipals del Gironés SAU (TMG) Girona city bus,https://nap.transportes.gob.es/api/Fichero/download/1570,mdb-2751,https://nap.transportes.gob.es/licencia-datos,active
ES,Fuenlabrada,Empresa Municipal de Transportes de Fuenlabrada (EMTF),https://api.control.optibus.co/opendata/v1/gtfs?uid=c-5cfcd2d1,mdb-2400,,active
ES,Getxo,Bizkaibus,https://baliabideak.bizkaia.eus/Bizkaibus/GTFS/Bizkaibus.zip,mdb-1135,,active
ES,Getxo,El Transbordador de Vizcaya,https://ctb-gtfs.s3.eu-south-2.amazonaws.com/puentebizkaia.zip,mdb-1162,https://creativecommons.org/licenses/by/4.0/,active
ES,Getxo,El Transbordador de Vizcaya (Bizkaia Bridge Ferry),https://nap.transportes.gob.es/api/Fichero/download/1270,mdb-2789,https://nap.transportes.gob.es/licencia-datos,active
ES,Girona,Eixbus S.At,https://nap.transportes.gob.es/api/Fichero/download/1969,mdb-2806,https://nap.transportes.gob.es/licencia-datos,active
ES,Grau/Grado,Consorcio Transportes Asturias,https://nap.transportes.gob.es/api/Fichero/download/1178,mdb-2827,https://nap.transportes.gob.es/licencia-datos,active
ES,Hernani,Lurraldebus - Hernani Urban (Hernani city bus),https://nap.transportes.gob.es/api/Fichero/download/1230,mdb-2734,https://nap.transportes.gob.es/licencia-datos,active
ES,Hernani,Lurraldebus TBH (Interurban Tolosa Buruntzaldea),https://nap.transportes.gob.es/api/Fichero/download/1608,mdb-2757,https://nap.transportes.gob.es/licencia-datos,active
ES,Hontanaya,Consorcio Regional de Transportes de Madrid CRTM Madrid City Bus (Autobús urbano de Madrid),https://www.arcgis.com/sharing/rest/content/items/357e63c2904f43aeb5d8a267a64346d8/data,mdb-2820,https://www.crtm.es/licencia-de-uso,active
ES,Irun,Auif Irunbus (Lurraldebus),https://nap.transportes.gob.es/api/Fichero/download/1199,mdb-2724,https://nap.transportes.gob.es/licencia-datos,active
ES,Las Palmas de Gran Canaria,City Council of Las Palmas de Gran Canaria (city bus),https://nap.transportes.gob.es/api/Fichero/download/1295,mdb-2783,https://nap.transportes.gob.es/licencia-datos,active
ES,Las Palmas de Gran Canaria,Guaguas Municipales,http://www.guaguas.com/transit/google_transit.zip,tld-767,,active
ES,Lasarte-Oria,Lurraldebus Lasarte,https://nap.transportes.gob.es/api/Fichero/download/1231,mdb-2760,https://nap.transportes.gob.es/licencia-datos,active
ES,Leioa,Leioa City Council (Lejoan Busa),https://nap.transportes.gob.es/api/Fichero/download/2061,mdb-2791,https://nap.transportes.gob.es/licencia-datos,active
ES,Lleida,Autobusos de Lleida (Lleida buses),https://nap.transportes.gob.es/api/Fichero/download/1579,mdb-2753,https://nap.transportes.gob.es/licencia-datos,active
ES,Lloret de Mar,Pujol,https://nap.transportes.gob.es/api/Fichero/download/1577,mdb-2750,https://nap.transportes.gob.es/licencia-datos,active
ES,Madrid,Consorcio Regional de Transportes de Madrid CRTM Commuter Network (Red de Cercanías),https://www.arcgis.com/sharing/rest/content/items/1a25440bf66f499bae2657ec7fb40144/data,mdb-2720,https://www.crtm.es/licencia-de-uso,active
ES,Madrid,Consorcio Regional de Transportes de Madrid CRTM Light Rail Network (Red de Metro Ligero),https://www.arcgis.com/sharing/rest/content/items/aaed26cc0ff64b0c947ac0bc3e033196/data,mdb-2802,https://www.crtm.es/licencia-de-uso,active
ES,Madrid,Empresa Municipal de Transportes de Madrid (EMT Madrid),https://servicios.emtmadrid.es:8443/gtfs/transitemt.zip,mdb-793,,active
ES,Mataró,Autoridad de Transporte Metropolitano del Área de Barcelona (ATM) Buses and trains in Catalonia (simplified version),https://nap.transportes.gob.es/api/Fichero/download/2059,mdb-2832,https://nap.transportes.gob.es/licencia-datos,active
ES,Mataró,Avanza Grupo (Mataró city bus),https://nap.transportes.gob.es/api/Fichero/download/1173,mdb-2768,https://nap.transportes.gob.es/licencia-datos,active
ES,Murcia,Transportes de Murcia (Grupo Ruiz),https://nap.transportes.gob.es/api/Fichero/download/1597,mdb-2828,https://nap.transportes.gob.es/licencia-datos,active
ES,Murcia,Tranvía de Murcia (TDM),https://nap.transportes.gob.es/api/Fichero/download/1569,mdb-2729,https://nap.transportes.gob.es/licencia-datos,active
ES,Málaga,Empresa Malagueña de Transportes (EMT),https://gtfs.emtmalaga.es/GTFS/google_transit.zip,mdb-2212,,active
ES,Oiartzun,Lurraldebus Oiartzun (Xorrola),https://nap.transportes.gob.es/api/Fichero/download/1232,mdb-2725,https://nap.transportes.gob.es/licencia-datos,active
ES,Olazti/Olazagutía,La Burundesa S.A.,https://openmobilitydata-data.s3.us-west-1.amazonaws.com/public/feeds/la-burundesa/658/20220922/gtfs.zip,mdb-1316,,active
ES,Ordizia,Lurraldebus Goierrialdea,https://nap.transportes.gob.es/api/Fichero/download/1229,mdb-2732,https://nap.transportes.gob.es/licencia-datos,active
ES,Orpesa / Oropesa del Mar,Generalitat Valenciana (Intercity bus),https://gvinterbus.gva.es/estatico/gtfs.zip,mdb-1870,https://dadesobertes.gva.es/va/dataset/tra-hyr-atmv-horaris-i-rutes,active
ES,Oñati,Oñati urban (Oñatiko herribusa),https://nap.transportes.gob.es/api/Fichero/download/2062,mdb-2737,https://nap.transportes.gob.es/licencia-datos,active
ES,Palma,Consorcio de Transportes de Mallorca,https://www.tib.org/documents/20124/478141/ctm-mallorca-es.zip,mdb-2141,https://www.tib.org/en/sobre-ctm/portal-de-transparencia/dades-obertes,active
ES,Palma,Empresa Municipal de Transports Urbans de Palma de Mallorca,https://github.com/emtpalma/Open-Data/raw/master/lineas-paradas-horarios-gtfs.zip,tld-4324,,active
ES,Palma,Palma City Council (Palma de Mallorca city bus),https://nap.transportes.gob.es/api/Fichero/download/1495,mdb-2782,https://nap.transportes.gob.es/licencia-datos,active
ES,Pamplona,Pamplona Region Bus (TCC Pamplona),https://nap.transportes.gob.es/api/Fichero/download/1177,mdb-2719,https://nap.transportes.gob.es/licencia-datos,active
ES,Pedralba de la Pradería,Alvarez Travelers Coaches,https://nap.transportes.gob.es/api/Fichero/download/2070,mdb-2787,https://nap.transportes.gob.es/licencia-datos,active
ES,Pereña de la Ribera,Ancebus,https://nap.transportes.gob.es/api/Fichero/download/2071,mdb-2795,https://nap.transportes.gob.es/licencia-datos,active
ES,Plentzia,Metro Bilbao,https://ctb-gtfs.s3.eu-south-2.amazonaws.com/metrobilbao.zip,mdb-3052,https://data.ctb.eus/en/pages/legal-notice,active
ES,Pontevedra,Autocares Rías Baixas (Rías Baixas Coaches),https://nap.transportes.gob.es/api/Fichero/download/1843,mdb-2752,https://nap.transportes.gob.es/licencia-datos,active
ES,Premià de Mar,Moventis Empresa Casas (Casas Company Buses),https://nap.transportes.gob.es/api/Fichero/download/1578,mdb-2754,https://nap.transportes.gob.es/licencia-datos,active
ES,Reus,Reus Transport,https://api.sparelabs.com/v1/gtfs/generate/organization/78112279-c065-4987-be69-bc18ab604142,mdb-3081,https://nap.transportes.gob.es/licencia-datos,active
ES,Riotorto,Rodil,https://nap.transportes.gob.es/api/Fichero/download/2074,mdb-2778,https://nap.transportes.gob.es/licencia-datos,active
ES,Salamanca,Salamanca de Transportes S.A. (Grupo Ruiz),https://nap.transportes.gob.es/api/Fichero/download/1598,mdb-2823,https://nap.transportes.gob.es/licencia-datos,active
ES,San Bartolomé,AECFA (Spanish Association for the Coordination and Facilitation of Time Strips),https://nap.transportes.gob.es/api/Fichero/download/1096,mdb-2727,https://nap.transportes.gob.es/licencia-datos,active
ES,San Sebastián,dBus (Donostiabus),https://nap.transportes.gob.es/api/Fichero/download/1196,mdb-2682,https://nap.transportes.gob.es/licencia-datos,active
ES,Santa Cruz de Tenerife,Transportes interurbanos de Tenerife (TITSA),http://www.titsa.com/Google_transit.zip,mdb-787,,active
ES,Santa Eulària des Riu,ALSA buses,https://nap.transportes.gob.es/api/Fichero/download/1133,mdb-2825,https://nap.transportes.gob.es/licencia-datos,active
ES,Santa Eulària des Riu,TIB Transports of the Balearic Islands - CIE Consell Insular d'Eivissa (Ibiza Island Bus),https://nap.transportes.gob.es/api/Fichero/download/1273,mdb-2797,https://nap.transportes.gob.es/licencia-datos,active
ES,Santander,Gobierno de Cantabria (Buses in Cantabria),https://nap.transportes.gob.es/api/Fichero/download/1560,mdb-2748,https://nap.transportes.gob.es/licencia-datos,active
ES,Seseña,Urban Buses of Ciudad Real (AISA),https://nap.transportes.gob.es/api/Fichero/download/1599,mdb-2765,https://nap.transportes.gob.es/licencia-datos,active
ES,Seville,Metro de Sevilla,https://nap.transportes.gob.es/api/Fichero/download/1583,mdb-2781,https://nap.transportes.gob.es/licencia-datos,active
ES,Seville,TUSSAM (Seville bus and tram),https://nap.transportes.gob.es/api/Fichero/download/1567,mdb-2770,https://nap.transportes.gob.es/licencia-datos,active
ES,Sitges,TCC Barcelona Buses,https://nap.transportes.gob.es/api/Fichero/download/1580,mdb-2749,https://nap.transportes.gob.es/licencia-datos,active
ES,Son Servera,TIB Transports de les Illes Balears - CTM Transport Consortium of Mallorcam (Public transport on the island of Mallorca),https://nap.transportes.gob.es/api/Fichero/download/1272,mdb-2766,https://nap.transportes.gob.es/licencia-datos,active
ES,Sopelana,Sopela Town Hall,https://nap.transportes.gob.es/api/Fichero/download/2064,mdb-2790,https://nap.transportes.gob.es/licencia-datos,active
ES,Tarragona,EMT Tarragona,https://nap.transportes.gob.es/api/Fichero/download/1694,mdb-2777,https://nap.transportes.gob.es/licencia-datos,active
ES,Tenerife,Ferry Fred. Olsen (Fred Olsen Express),https://nap.transportes.gob.es/api/Fichero/download/1528,mdb-2722,https://nap.transportes.gob.es/licencia-datos,active
ES,Teruel,Albarracín Movilidad (Buses from the Albarracín mountain range to Teruel (C10)),https://nap.transportes.gob.es/api/Fichero/download/2807,mdb-2807,https://nap.transportes.gob.es/licencia-datos,active
ES,Toledo,Unauto (Ruiz Group),https://nap.transportes.gob.es/api/Fichero/download/1575,mdb-2723,https://nap.transportes.gob.es/licencia-datos,active
ES,Tolosa,Tolosa City Council (Urbano de Tolosa),https://nap.transportes.gob.es/api/Fichero/download/2067,mdb-2758,https://nap.transportes.gob.es/licencia-datos,active
ES,Valencia,Empresa Municipal de Transportes de Valencia (EMT Valencia),https://opendata.vlci.valencia.es/dataset/ab058cf8-ad3e-4d9c-ac89-0c6367ecf351/resource/c81b69e6-c082-44dc-acc6-66fc417b4e66/download/google_transit.zip,mdb-795,https://www.valencia.es/val/ajuntament/govern-obert,active
ES,Valencia,FGV - Generalitat Valenciana Metro de Valencia,https://nap.transportes.gob.es/api/Fichero/download/1168,mdb-2830,https://nap.transportes.gob.es/licencia-datos,active
ES,Valladolid,AUVASA (Valladolid city bus),https://nap.transportes.gob.es/api/Fichero/download/1563,mdb-2730,https://nap.transportes.gob.es/licencia-datos,active
ES,Valladolid,La Regional Vallisoletana S.A,https://drive.usercontent.google.com/u/0/uc?id=1Kzk10f1895vmUF3u2V1YWIpKY0czTTNk&export=download,mdb-2691,,active
ES,Vilaboa,Xunta de Galicia Buses,https://nap.transportes.gob.es/api/Fichero/download/1584,mdb-2821,https://nap.transportes.gob.es/licencia-datos,active
ES,Vitoria-Gasteiz,Alavabus,https://nap.transportes.gob.es/api/Fichero/download/1362,mdb-2824,https://nap.transportes.gob.es/licencia-datos,active
ES,Vitoria-Gasteiz,TUVISA (Transportes Urbanos de Vitoria),http://www.vitoria-gasteiz.org/we001/http/vgTransit/google_transit.zip,mdb-797,https://www.vitoria-gasteiz.org/wb021/was/contenidoAction.do?idioma=es&uid=app_j34_0021,active
ES,Vélez-Málaga,Network of Metropolitan Transport Consortiums of Andalusia,https://nap.transportes.gob.es/api/Fichero/download/1562,mdb-2721,https://nap.transportes.gob.es/licencia-datos,active
ES,Zaragoza,Avanza Grupo (Zaragoza urban transport),https://nap.transportes.gob.es/api/Fichero/download/1176,mdb-2773,https://nap.transportes.gob.es/licencia-datos,active
ES,Zaragoza,Ouigo,https://nap.transportes.gob.es/api/Fichero/download/1766,mdb-2785,https://nap.transportes.gob.es/licencia-datos,active
ES,Zaragoza,RENFE VIAJEROS SOCIEDAD MERCANTIL ESTATAL SA,https://www.data.gouv.fr/api/1/datasets/r/eae0fa46-087a-4018-ada9-d8add124e635,tdg-82386,https://www.data.gouv.fr/pages/legal/licences/etalab-2.0,active
ES,Zaragoza,Renfe commuter trains (Cercanias),https://ssl.renfe.com/ftransit/Fichero_CER_FOMENTO/fomento_transit.zip,mdb-2653,https://data.renfe.com/dataset/horarios-cercanias/resource/6f1523c6-a9e3-48e3-9ace-bb107a762be6,active
ES,Zaragoza,Tranvías Urbanos de Zaragoza (Zaragoza Tram),https://nap.transportes.gob.es/api/Fichero/download/1687,mdb-2801,https://nap.transportes.gob.es/licencia-datos,active
ES,Zarautz,Lurraldebus Zarautz,https://nap.transportes.gob.es/api/Fichero/download/1237,mdb-2728,https://nap.transportes.gob.es/licencia-datos,active
ES,el Campello,FGV - Generalitat Valenciana Trains and trams in Alicante and the Costa Blanca,https://nap.transportes.gob.es/api/Fichero/download/1167,mdb-2829,https://nap.transportes.gob.es/licencia-datos,active
ES,es Castell,TIB Transports of the Balearic Islands - CIME Consell Insular de Menorca (Menorca Island Bus),https://nap.transportes.gob.es/api/Fichero/download/1363,mdb-2763,https://nap.transportes.gob.es/licencia-datos,active
ES,l'Hospitalet de Llobregat,Transports Metropolitans de Barcelona (TMB),https://api.tmb.cat/v1/static/datasets/gtfs.zip?app_id=ca07cd5b,mdb-2359,https://developer.tmb.cat/,active
ES,national,Centro Comercial RÍO Shopping (La Regional Vallisoletana S.A),https://github.com/10198aprieto/rioshoppingbus-gtfs/archive/refs/heads/main.zip,mdb-3181,,active
ES,national,RíoBUS,https://files.catbox.moe/mk9df1.zip,mdb-3455,,active
ES,national,Zaratán,https://files.catbox.moe/giiq3a.zip,mdb-3454,,active
ET,Addis Ababa,Addis Ababa Transport (all),https://gitlab.com/digitaltransport/data/africa/addis-ababa/-/raw/master/Addis%20Ababa%20GTFS_2023/et-addisababa.zip,tld-6782,,active
FI,Hamina,Waltti - Kotka,https://tvv.fra1.digitaloceanspaces.com/217.zip,mdb-1127,https://creativecommons.org/licenses/by/4.0/,active
FI,Hattula,Waltti - Hämeenlinna,https://tvv.fra1.digitaloceanspaces.com/203.zip,mdb-1098,https://creativecommons.org/licenses/by/4.0/,active
FI,Helsinki,Helsingin seudun liikenne (HSL),http://dev.hsl.fi/gtfs/hsl.zip,mdb-865,http://developer.reittiopas.fi/pages/en/home.php,active
FI,Imatra,Lappeenranta,https://tvv.fra1.digitaloceanspaces.com/225.zip,mdb-929,https://opendata.waltti.fi/docs,active
FI,Juva,Mikkeli,https://tvv.fra1.digitaloceanspaces.com/227.zip,mdb-1130,https://opendata.waltti.fi/docs#gtfs-packages,active
FI,Jyväskylä,Waltti - Jyväskylä,https://tvv.fra1.digitaloceanspaces.com/209.zip,mdb-867,https://creativecommons.org/licenses/by/4.0/,active
FI,Kajaani,"Vekka Liikenne Oy, Kainuun Tilausliikenne P. Jääskeläinen Ky, Oulaisten Liikenne Oy",https://tvv.fra1.digitaloceanspaces.com/211.zip,tld-829,,active
FI,Korsholm,Waltti - Vaasa,https://tvv.fra1.digitaloceanspaces.com/249.zip,mdb-1131,https://opendata.waltti.fi/docs#gtfs-packages,active
FI,Kouvola,Waltti - Kouvola,https://tvv.fra1.digitaloceanspaces.com/219.zip,mdb-1128,https://creativecommons.org/licenses/by/4.0/,active
FI,Lahti,"Haarasilta Toivo Samuli, Järvisen Liikenne Oy, Koiviston Auto Oy, Lehtimäen Liikenne Oy, Bus Travel Oy Reissu Ruoti, Tilausliikenne Kuisma Ky",https://tvv.fra1.digitaloceanspaces.com/223.zip,mdb-1129,,active
FI,Liperi,Waltti - Joensuu,https://tvv.fra1.digitaloceanspaces.com/207.zip,mdb-1227,https://creativecommons.org/licenses/by/4.0/,active
FI,Oulu,Waltti - Oulu,https://tvv.fra1.digitaloceanspaces.com/229.zip,mdb-869,,active
FI,Pori,Waltti - Pori,https://tvv.fra1.digitaloceanspaces.com/231.zip,mdb-2839,https://creativecommons.org/licenses/by/4.0/,active
FI,Rovaniemi,Koskilinjat Oy,https://tvv.fra1.digitaloceanspaces.com/237.zip,tld-5528,,active
FI,Salo,"J. Vainion Liikenne Oy, LS-Liikennelinjat Oy, Salon Tilausmatkat Oy",https://tvv.fra1.digitaloceanspaces.com/239.zip,tld-5529,,active
FI,Turku,Turku,http://data.foli.fi/gtfs/gtfs.zip,mdb-864,,active
FI,Vesanto,Kuopio,http://karttapalvelu.kuopio.fi/google_transit/google_transit.zip,mdb-868,,active
FI,Vesanto,"Kuopion Tila-Auto Oy*, Oy Pohjolan liikenne Ab*, Kymen Charterline Oy, Mika K. Niskanen Oy, Savonlinja Oy, Pohjolan Matka (Pohjolan Turistiauto Oy), Kuopion Liikenne",https://tvv.fra1.digitaloceanspaces.com/221.zip,tld-832,,active
FI,national,"Finferries, Alandstrafiken, Rosita Oy, JS Ferryway Ltd Oy, Kuljetus-Savolainen Oy, Archipelago Lines Oy, Sundqvist Investments Oy Ab, Pörtö Line, Nordic Coast Line, Yksityinen, HSL, Vitharun, Espoon kaupunki, Suomen saaristokuljetus, Norsöline, JT-Line Oy, A&S Ravintolat, Merisataman lauttaliikenne, NJK Blekholmen, Ferra Oy, City Cruisers, Aava Lines Oy, Helsingin Risteilypalvelut/TMSJ Group Oy",http://lautta.net/db/gtfs/gtfs.zip,mdb-1114,,active
FI,national,"Porvoon Museorautatie, Pieksämäen Höyryveturiyhdistys ry",https://rata.digitraffic.fi/api/v1/trains/gtfs-passenger.zip,mdb-1102,,active
FR,Abbecourt,Oise Mobilité - Syndicat mixte des transports collectifs de l'Oise,https://www.data.gouv.fr/api/1/datasets/r/2aeffed5-95e9-4587-a8f8-f52c32968566,tdg-81648,https://www.data.gouv.fr/pages/legal/licences/etalab-2.0,active
FR,Aboncourt-Gesincourt,Région Bourgogne-Franche-Comté,https://www.data.gouv.fr/api/1/datasets/r/27cc46db-561f-42c4-8ab2-8436e64c9921,tdg-84074,https://www.data.gouv.fr/pages/legal/licences/etalab-2.0,active
FR,Abrest,VICHY COMMUNAUTE,https://www.data.gouv.fr/api/1/datasets/r/c087ca61-f4db-44b2-bdc1-ec221c2bf762,tdg-84137,https://www.data.gouv.fr/pages/legal/licences/etalab-2.0,active
FR,Afa,Communauté d'Agglomération du Pays Ajaccien,https://www.data.gouv.fr/api/1/datasets/r/5021a054-43c8-49b7-9166-832f2af6c8f0,tdg-83836,https://www.data.gouv.fr/pages/legal/licences/etalab-2.0,active
FR,Agen,Tempo Bus,https://www.data.gouv.fr/api/1/datasets/r/c1415ff3-7457-4b51-aead-aacbf03a474e,tdg-80245,https://www.data.gouv.fr/pages/legal/licences/etalab-2.0,active
FR,Aiguèze,AGGLOMERATION DU GARD RHODANIEN,https://www.data.gouv.fr/api/1/datasets/r/3ba2db00-235a-4958-980e-5cdd20ce204e,tdg-83042,https://www.data.gouv.fr/pages/legal/licences/etalab-2.0,active
FR,Aire-sur-la-Lys,Région Hauts-de-France,https://www.data.gouv.fr/api/1/datasets/r/293d12e7-7db8-42d8-bbb4-543aad13fc7e,tdg-81828,,active
FR,Aix-en-Provence,BlaBlaCar Bus,https://www.data.gouv.fr/api/1/datasets/r/fd54f81f-4389-4e73-be75-491133d011c3,tdg-52605,https://opendatacommons.org/licenses/odbl/1.0/,active
FR,Aix-en-Pévèle,Région Hauts-de-France,https://www.data.gouv.fr/api/1/datasets/r/58babea3-fc7a-4e2d-be16-69936f10e81c,tdg-81829,,active
FR,Albi,Communauté d'agglomération de l'Albigeois,https://www.data.gouv.fr/api/1/datasets/r/15878ceb-7c8f-4546-bb0f-c540a15f2188,tdg-79728,https://opendatacommons.org/licenses/odbl/1.0/,active
FR,Albi,Communauté d'agglomération de l'Albigeois,https://www.data.gouv.fr/api/1/datasets/r/eff42667-b36b-4334-bc44-6cf620f90cbf,tdg-79687,https://opendatacommons.org/licenses/odbl/1.0/,active
FR,Albon,Région Auvergne-Rhône-Alpes,https://www.data.gouv.fr/api/1/datasets/r/4e69fff6-6ae5-4ac0-9fa4-9c24ac92f291,tdg-80961,https://opendatacommons.org/licenses/odbl/1.0/,active
FR,Alissas,Communauté d'Agglomération Privas Centre Ardèche,https://www.data.gouv.fr/api/1/datasets/r/ba477c37-93d1-4900-8958-baf3c6de9d57,tdg-79272,https://www.data.gouv.fr/pages/legal/licences/etalab-2.0,active
FR,Allerey-sur-Saône,Le Grand Chalon,https://www.data.gouv.fr/api/1/datasets/r/f11a3766-1fe3-40ff-8d5a-27eacda3d9a7,tdg-82664,https://www.data.gouv.fr/pages/legal/licences/etalab-2.0,active
FR,Allez-et-Cazeneuve,Communauté d'Agglomération du Grand Villeneuvois,https://www.data.gouv.fr/api/1/datasets/r/9248b0d3-3675-491b-8990-8058f0fdbcb5,tdg-82189,https://www.data.gouv.fr/pages/legal/licences/etalab-2.0,active
FR,Allinges,Oùra,https://transport.data.gouv.fr/resources/84108/download?token=xdgqKBTAzhw4DSPz6zeGc4c5eW0LhwztcGv4-vpzP4U,tdg-84108,https://opendatacommons.org/licenses/odbl/1.0/,active
FR,Alluy,Région Bourgogne-Franche-Comté,https://www.data.gouv.fr/api/1/datasets/r/6f4787d8-30d8-4a75-845a-1e1dfb71c15a,tdg-84075,https://www.data.gouv.fr/pages/legal/licences/etalab-2.0,active
FR,Alès,Syndicat Mixte du Bassin d'Alès - Réseau Ales'Y,https://www.data.gouv.fr/api/1/datasets/r/b9a0f32e-4386-454c-8759-b82653fa861e,tdg-75062,https://opendatacommons.org/licenses/odbl/1.0/,active
FR,Amboise,JVMALIN,https://fr.ftp.opendatasoft.com/centrevaldeloire/OKINAGTFS/GTFS_AO/AMBOISE.zip,tdg-83528,odc-odbl,active
FR,Ambès,Bordeaux Métropole,https://www.data.gouv.fr/api/1/datasets/r/10b87ffe-e6bb-494d-93df-bb6019e223d9,tdg-83024,https://www.data.gouv.fr/pages/legal/licences/etalab-2.0,active
FR,Ambérieu-en-Bugey,Oùra,https://www.data.gouv.fr/api/1/datasets/r/317b003c-dca6-4908-8829-6d2842a5f47c,tdg-79865,https://opendatacommons.org/licenses/odbl/1.0/,active
FR,Amorots-Succos,Syndicat des Mobilités Pays Basque-Adour,https://www.data.gouv.fr/api/1/datasets/r/a6c39f5b-9e05-4dc6-be13-f2620ff73216,tdg-80701,https://opendatacommons.org/licenses/odbl/1.0/,active
FR,Andernos-les-Bains,Nouvelle-Aquitaine Mobilités,https://www.data.gouv.fr/api/1/datasets/r/88be32ef-3b1a-493f-b73f-660a1f1b24f7,tdg-82155,https://opendatacommons.org/licenses/odbl/1.0/,active
FR,Andernos-les-Bains,UNION DES BATELIERS ARCACHONNAIS,https://transport.data.gouv.fr/resources/84043/download?token=xdgqKBTAzhw4DSPz6zeGc4c5eW0LhwztcGv4-vpzP4U,tdg-84043,https://www.data.gouv.fr/pages/legal/licences/etalab-2.0,active
FR,Angoulême,STGA - réseau Möbius,https://www.data.gouv.fr/api/1/datasets/r/021fd4a3-ba9a-4d78-aa65-71d4d289f389,tdg-82093,https://opendatacommons.org/licenses/odbl/1.0/,active
FR,Aniche,Région Hauts-de-France,https://www.data.gouv.fr/api/1/datasets/r/bb4ce18c-af05-4a8c-b7ae-f9c53bdb3fae,tdg-81830,,active
FR,Annesse-et-Beaulieu,Nouvelle-Aquitaine Mobilités,https://www.data.gouv.fr/api/1/datasets/r/907e15b8-9a0c-4b00-b1b3-325ab1ac7d4c,tdg-82357,https://opendatacommons.org/licenses/odbl/1.0/,active
FR,Araules,Région Auvergne-Rhône-Alpes,https://www.data.gouv.fr/api/1/datasets/r/6dc48e22-edc4-478d-896d-7fdd02bbcda9,tdg-38881,https://opendatacommons.org/licenses/odbl/1.0/,active
FR,Arcachon,Nouvelle-Aquitaine Mobilités,https://www.data.gouv.fr/api/1/datasets/r/9564e981-7d13-481d-a29f-452025af7432,tdg-82319,https://opendatacommons.org/licenses/odbl/1.0/,active
FR,Archamps,Communauté d'Agglomération Annemasse - les Voirons Agglomération,https://www.data.gouv.fr/api/1/datasets/r/373e19e2-af0a-4939-9f33-3f1268d1e0bb,tdg-76779,https://www.data.gouv.fr/pages/legal/licences/etalab-2.0,active
FR,Ardoix,CA ANNONAY RHONE AGGLO,https://www.data.gouv.fr/api/1/datasets/r/5e4b3c12-dd7d-4dcf-a761-41024867e56d,tdg-82904,https://www.data.gouv.fr/pages/legal/licences/etalab-2.0,active
FR,Armeau,Communauté d'Agglomération du Grand Sénonais INTERCOM,https://www.data.gouv.fr/api/1/datasets/r/5f2edbfa-9025-467d-b769-80f4b1ec4ba6,tdg-81898,https://opendatacommons.org/licenses/odbl/1.0/,active
FR,Arpheuilles-Saint-Priest,Montluçon Communauté,https://www.data.gouv.fr/api/1/datasets/r/e8599784-71ba-4814-a905-4e215295109f,tdg-84114,https://opendatacommons.org/licenses/odbl/1.0/,active
FR,Ars-en-Ré,Zenbus,https://www.data.gouv.fr/api/1/datasets/r/f167d4d3-cd32-475b-a12f-0403534679e5,tdg-8597,https://opendatacommons.org/licenses/odbl/1.0/,active
FR,Arzano,TBK - Réseau de transports publics de Quimperlé,https://www.data.gouv.fr/api/1/datasets/r/e530ec1c-7432-4c3a-9908-e1c5fb44de3a,tdg-80671,https://www.data.gouv.fr/pages/legal/licences/etalab-2.0,active
FR,Assérac,Transdev CapAtlantique Mobilités • Lila Presqu'île,https://transport.data.gouv.fr/resources/83762/download?token=xdgqKBTAzhw4DSPz6zeGc4c5eW0LhwztcGv4-vpzP4U,tdg-83762,https://opendatacommons.org/licenses/odbl/1.0/,active
FR,Aubigny-Les Clouzeaux,La Roche-sur-Yon Agglomération,https://www.data.gouv.fr/api/1/datasets/r/735f1b54-94ee-4a21-b378-05c2b44ad70f,tdg-79520,https://www.data.gouv.fr/pages/legal/licences/etalab-2.0,active
FR,Ault,Région Hauts-de-France,https://www.data.gouv.fr/api/1/datasets/r/429d30fb-ba6e-4e90-ad82-6d589a98cbfd,tdg-82277,,active
FR,Aureilhan,TLP Mobilités,https://www.data.gouv.fr/api/1/datasets/r/84f7501c-de7b-46d9-8e0c-14c30d9fa58b,tdg-83134,https://www.data.gouv.fr/pages/legal/licences/etalab-2.0,active
FR,Autun,Grand Autunois Morvan,https://www.data.gouv.fr/api/1/datasets/r/b587f007-9b23-4b2a-a609-9368a4c2c490,tdg-83383,https://opendatacommons.org/licenses/odbl/1.0/,active
FR,Auvergne-Rhône-Alpes,Oùra,https://api.oura3.cityway.fr/dataflow/offre-tc/download?provider=OURA&dataFormat=GTFS&dataProfil=OPENDATA,tdg-78904,odc-odbl,active
FR,Auvergne-Rhône-Alpes,Oùra,https://www.data.gouv.fr/api/1/datasets/r/231acea2-40cf-4c06-b2eb-646274e0b853,tdg-78904,https://opendatacommons.org/licenses/odbl/1.0/,active
FR,Auvergne-Rhône-Alpes,Région Auvergne-Rhône-Alpes,https://api.oura3.cityway.fr/dataflow/offre-tc/download?provider=CARS_REGION_EXPRESS&dataFormat=GTFS&dataProfil=OPENDATA,tdg-83112,odc-odbl,active
FR,Avenay-Val-d'Or,Région Hauts-de-France,https://transport.data.gouv.fr/resources/83620/download?token=xdgqKBTAzhw4DSPz6zeGc4c5eW0LhwztcGv4-vpzP4U,tdg-83620,,active
FR,Avermes,ALEO,https://transport.data.gouv.fr/resources/83839/download?token=xdgqKBTAzhw4DSPz6zeGc4c5eW0LhwztcGv4-vpzP4U,tdg-83839,https://www.data.gouv.fr/pages/legal/licences/etalab-2.0,active
FR,Avricourt,Fluo Grand Est,https://transport.data.gouv.fr/resources/80427/download?token=xdgqKBTAzhw4DSPz6zeGc4c5eW0LhwztcGv4-vpzP4U,tdg-80427,https://www.data.gouv.fr/pages/legal/licences/etalab-2.0,active
FR,Avrillé,Angers Loire Métropole,https://www.data.gouv.fr/api/1/datasets/r/32f30b64-33f7-43bb-9b6f-34c21c2f83a3,tdg-80036,https://opendatacommons.org/licenses/odbl/1.0/,active
FR,Ayros-Arbouix,Communauté de Communes Pyrénées Vallées des Gaves,https://www.data.gouv.fr/api/1/datasets/r/382a2cc7-336b-49ff-9fbd-f355629701b6,tdg-83155,https://www.data.gouv.fr/pages/legal/licences/etalab-2.0,active
FR,Azé,Mâconnais Beaujolais Agglomération,https://www.data.gouv.fr/api/1/datasets/r/2c2b58d3-e93b-47af-be7b-655520671cbc,tdg-83507,https://opendatacommons.org/licenses/odbl/1.0/,active
FR,Baden,Transdev GMVA Mobilités • Kicéo,https://www.data.gouv.fr/api/1/datasets/r/565533c0-64ae-44d6-9dfa-169be5b805c6,tdg-82553,https://www.data.gouv.fr/pages/legal/licences/etalab-2.0,active
FR,Badens,Carcassonne Agglo,https://www.data.gouv.fr/api/1/datasets/r/941123b0-004e-4f48-81e7-8c62fb4f07aa,tdg-81876,https://www.data.gouv.fr/pages/legal/licences/etalab-2.0,active
FR,Baho,Sankéo,https://www.data.gouv.fr/api/1/datasets/r/6e9de060-61f6-49aa-a7ae-f0e5f509415a,tdg-83734,https://www.data.gouv.fr/pages/legal/licences/etalab-2.0,active
FR,Baignes-Sainte-Radegonde,Nouvelle-Aquitaine Mobilités,https://www.data.gouv.fr/api/1/datasets/r/7eb95c82-711e-455c-86b1-ecf138697ebe,tdg-82324,https://opendatacommons.org/licenses/odbl/1.0/,active
FR,Balan,Oùra,https://www.data.gouv.fr/api/1/datasets/r/10bf603d-9302-435e-a1dd-a60d91a645ee,tdg-79864,https://opendatacommons.org/licenses/odbl/1.0/,active
FR,Balaruc-les-Bains,Sète Agglopole Méditerranée,https://www.data.gouv.fr/api/1/datasets/r/9402f130-ac11-4615-8494-a5c84fcdb78c,tdg-81575,https://www.data.gouv.fr/pages/legal/licences/etalab-2.0,active
FR,Ballon,Nouvelle-Aquitaine Mobilités,https://www.data.gouv.fr/api/1/datasets/r/030b9c31-4237-4355-a4d5-842861d225be,tdg-82350,https://opendatacommons.org/licenses/odbl/1.0/,active
FR,Bannalec,Région Bretagne,https://www.data.gouv.fr/api/1/datasets/r/becd68ea-3e7a-4336-b14a-dc3bdcf493c2,tdg-81476,https://opendatacommons.org/licenses/odbl/1.0/,active
FR,"Bar-le-Duc, Verdun, Commercy",Fluo,https://zenbus.net/gtfs/static/download.zip?dataset=grand-est-tgv,mdb-1882,https://transport.data.gouv.fr/datasets/horaires-theoriques-et-temps-reel-du-reseau-fluo-grand-est-navettes-tgv-gtfs-gtfs-rt,active
FR,Barentin,Syndicat mixte Atoumod,https://transport.data.gouv.fr/resources/82309/download?token=xdgqKBTAzhw4DSPz6zeGc4c5eW0LhwztcGv4-vpzP4U,tdg-82309,https://www.data.gouv.fr/pages/legal/licences/etalab-2.0,active
FR,Barst,Fluo Grand Est,https://transport.data.gouv.fr/resources/80467/download?token=xdgqKBTAzhw4DSPz6zeGc4c5eW0LhwztcGv4-vpzP4U,tdg-80467,https://www.data.gouv.fr/pages/legal/licences/etalab-2.0,active
FR,Bartenheim,Fluo Grand Est,https://transport.data.gouv.fr/resources/80437/download?token=xdgqKBTAzhw4DSPz6zeGc4c5eW0LhwztcGv4-vpzP4U,tdg-80437,https://www.data.gouv.fr/pages/legal/licences/etalab-2.0,active
FR,Bastia,Communauté d'Agglomération de Bastia,https://www.data.gouv.fr/api/1/datasets/r/ddbec19b-ed75-42f8-9205-573519298632,tdg-83962,https://www.data.gouv.fr/pages/legal/licences/etalab-2.0,active
FR,Bauvin,TADAO,https://www.data.gouv.fr/api/1/datasets/r/47a5e290-7883-4a40-bdcf-b693f64087b0,tdg-83643,https://opendatacommons.org/licenses/odbl/1.0/,active
FR,Bazicourt,Région Hauts-de-France,https://www.data.gouv.fr/api/1/datasets/r/c50a9ec8-98dc-40ee-a842-555738197957,tdg-81822,,active
FR,Beaucé,Transdev Fougères • SURF,https://www.data.gouv.fr/api/1/datasets/r/665d6c43-598d-4d9d-aa98-206072f4dfa0,tdg-64280,https://opendatacommons.org/licenses/odbl/1.0/,active
FR,Beaumont-en-Véron,Communauté de Communes Chinon Vienne et Loire,https://www.data.gouv.fr/api/1/datasets/r/6348dadb-600c-42c8-bbea-f6ac09505ed3,tdg-82150,https://www.data.gouv.fr/pages/legal/licences/etalab-2.0,active
FR,Beaumont-les-Autels,JVMALIN,https://www.data.gouv.fr/api/1/datasets/r/a193c142-366b-4a7b-8afb-c0bdf23ca7ea,tdg-83521,https://opendatacommons.org/licenses/odbl/1.0/,active
FR,Beauvais,Oise Mobilité - Syndicat mixte des transports collectifs de l'Oise,https://www.data.gouv.fr/api/1/datasets/r/191ae476-2ce8-48d7-bed2-b9cb93f63364,tdg-81138,https://www.data.gouv.fr/pages/legal/licences/etalab-2.0,active
FR,Beauvais,Oise Mobilité - Syndicat mixte des transports collectifs de l'Oise,https://www.data.gouv.fr/api/1/datasets/r/2b8e53ce-a26c-4986-8d33-505e1b680bb4,tdg-81074,https://www.data.gouv.fr/pages/legal/licences/etalab-2.0,active
FR,Beauvais,Oise Mobilité - Syndicat mixte des transports collectifs de l'Oise,https://www.data.gouv.fr/api/1/datasets/r/61277099-cde9-457c-919d-a1b7b20fe992,tdg-81650,https://www.data.gouv.fr/pages/legal/licences/etalab-2.0,active
FR,Beire-le-Châtel,Région Bourgogne-Franche-Comté,https://www.data.gouv.fr/api/1/datasets/r/151b2c7b-e8a9-4873-909e-d376eaeeb1e0,tdg-84078,https://www.data.gouv.fr/pages/legal/licences/etalab-2.0,active
FR,Bellevigne-les-Châteaux,Région des Pays de la Loire,https://www.data.gouv.fr/api/1/datasets/r/4c73f3c1-7f5a-4e38-b97d-75471bd47048,tdg-81416,https://opendatacommons.org/licenses/odbl/1.0/,active
FR,Bergerac,Nouvelle-Aquitaine Mobilités,https://www.data.gouv.fr/api/1/datasets/r/f5437c89-50b3-4d35-8d38-be8b9417f7a0,tdg-82373,https://opendatacommons.org/licenses/odbl/1.0/,active
FR,Bernay,Intercom Bernay Terres de Normandie,https://www.data.gouv.fr/api/1/datasets/r/9ffc26b2-d293-4ec5-9cf6-4690d542f019,tdg-83775,https://www.data.gouv.fr/pages/legal/licences/etalab-2.0,active
FR,Berzy-le-Sec,Syndicat intercommunal des Transports Urbains Soissonnais,https://transport.data.gouv.fr/resources/83821/download?token=xdgqKBTAzhw4DSPz6zeGc4c5eW0LhwztcGv4-vpzP4U,tdg-83821,https://www.data.gouv.fr/pages/legal/licences/etalab-2.0,active
FR,Biscarrosse,Trans-Landes,https://static.data.gouv.fr/resources/biscabus/20260629-080019/gtfs-biscabus.zip,tdg-83203,lov2,active
FR,Biscarrosse,Trans-Landes,https://www.data.gouv.fr/api/1/datasets/r/7e4a061d-60d8-498b-aee1-b4f23d942a0c,tdg-83203,https://www.data.gouv.fr/pages/legal/licences/etalab-2.0,active
FR,Bischwiller,Fluo Grand Est,https://transport.data.gouv.fr/resources/80449/download?token=xdgqKBTAzhw4DSPz6zeGc4c5eW0LhwztcGv4-vpzP4U,tdg-80449,https://www.data.gouv.fr/pages/legal/licences/etalab-2.0,active
FR,Blanzy,monRéZO,https://www.data.gouv.fr/api/1/datasets/r/128b06bc-f263-4530-8e03-395402f87256,tdg-82999,https://www.data.gouv.fr/pages/legal/licences/etalab-2.0,active
FR,Blesmes,Communauté d'Agglomération de la Région de Château-Thierry,https://www.data.gouv.fr/api/1/datasets/r/37ea6578-7f6d-4124-a150-3d450a529d69,tdg-83793,https://www.data.gouv.fr/pages/legal/licences/etalab-2.0,active
FR,Bordeaux,Zenbus,https://www.data.gouv.fr/api/1/datasets/r/4cb2f0a9-d3d8-402b-b0bb-afafb741e5f1,tdg-10230,https://opendatacommons.org/licenses/odbl/1.0/,active
FR,Bougé-Chambalud,Oùra,https://transport.data.gouv.fr/resources/83725/download?token=xdgqKBTAzhw4DSPz6zeGc4c5eW0LhwztcGv4-vpzP4U,tdg-83725,https://opendatacommons.org/licenses/odbl/1.0/,active
FR,Bourg-Saint-Maurice,Communauté de Communes Haute-Tarentaise,https://static.data.gouv.fr/resources/funiculaire/20260622-125937/gtfs-15-06-2026-funiculaire-ads.zip,tdg-83848,lov2,active
FR,Bourg-Saint-Maurice,Communauté de Communes Haute-Tarentaise,https://static.data.gouv.fr/resources/navettes-bourg-saint-maurice/20260609-123248/gtfs-09-06-2026-08-00-laronde-intersaison.zip,tdg-83626,lov2,active
FR,Bourg-Saint-Maurice,Communauté de Communes Haute-Tarentaise,https://static.data.gouv.fr/resources/navettes-la-rosiere/20260703-071037/gtfs-navettes-la-rosiere-ete2026.zip,tdg-84133,lov2,active
FR,Bourg-Saint-Maurice,Communauté de Communes Haute-Tarentaise,https://transport.data.gouv.fr/resources/83626/download?token=xdgqKBTAzhw4DSPz6zeGc4c5eW0LhwztcGv4-vpzP4U,tdg-83626,https://www.data.gouv.fr/pages/legal/licences/etalab-2.0,active
FR,Bourg-Saint-Maurice,Communauté de Communes Haute-Tarentaise,https://transport.data.gouv.fr/resources/83848/download?token=xdgqKBTAzhw4DSPz6zeGc4c5eW0LhwztcGv4-vpzP4U,tdg-83848,https://www.data.gouv.fr/pages/legal/licences/etalab-2.0,active
FR,Bourg-et-Comin,Région Hauts-de-France,https://www.data.gouv.fr/api/1/datasets/r/46fa1d25-72a8-40e2-849d-c08c096a44c7,tdg-82276,,active
FR,Bourgogne-Franche-Comté,Région Bourgogne-Franche-Comté,https://exs.mobigo2.cityway.fr/gtfs.aspx?key=OPENDATA&operatorCode=UT21,tdg-84078,lov2,active
FR,Bourgogne-Franche-Comté,Région Bourgogne-Franche-Comté,https://exs.mobigo2.cityway.fr/gtfs.aspx?key=OPENDATA&operatorCode=UT25,tdg-84077,lov2,active
FR,Bourgogne-Franche-Comté,Région Bourgogne-Franche-Comté,https://exs.mobigo2.cityway.fr/gtfs.aspx?key=OPENDATA&operatorCode=UT39,tdg-84076,lov2,active
FR,Bourgogne-Franche-Comté,Région Bourgogne-Franche-Comté,https://exs.mobigo2.cityway.fr/gtfs.aspx?key=OPENDATA&operatorCode=UT58,tdg-84075,lov2,active
FR,Bourgogne-Franche-Comté,Région Bourgogne-Franche-Comté,https://exs.mobigo2.cityway.fr/gtfs.aspx?key=OPENDATA&operatorCode=UT70,tdg-84074,lov2,active
FR,Bourgogne-Franche-Comté,Région Bourgogne-Franche-Comté,https://exs.mobigo2.cityway.fr/gtfs.aspx?key=OPENDATA&operatorCode=UT71,tdg-84073,lov2,active
FR,Bourgogne-Franche-Comté,Région Bourgogne-Franche-Comté,https://exs.mobigo2.cityway.fr/gtfs.aspx?key=OPENDATA&operatorCode=UT89,tdg-84072,lov2,active
FR,Bourgogne-Franche-Comté,Région Bourgogne-Franche-Comté,https://www.viamobigo.fr/ftp/zipopendata/ut.gtfs.zip,tdg-83931,lov2,active
FR,Bourogne,Optymo - Belfort,https://www.data.gouv.fr/api/1/datasets/r/797c424e-7d28-4e65-84f6-6677e47d8a6e,tdg-79374,https://opendatacommons.org/licenses/odbl/1.0/,active
FR,Breistroff-la-Grande,Fluo Grand Est,https://transport.data.gouv.fr/resources/80459/download?token=xdgqKBTAzhw4DSPz6zeGc4c5eW0LhwztcGv4-vpzP4U,tdg-80459,https://www.data.gouv.fr/pages/legal/licences/etalab-2.0,active
FR,Brens,Communauté d'Agglomération Gaillac Graulhet,https://www.data.gouv.fr/api/1/datasets/r/d0579894-2c5a-42c1-a44c-d550af952f49,tdg-82583,https://www.data.gouv.fr/pages/legal/licences/etalab-2.0,active
FR,Bresse Vallons,Oùra,https://www.data.gouv.fr/api/1/datasets/r/cd0ec3c7-431b-48df-bab5-269e5d5c05bb,tdg-80147,https://opendatacommons.org/licenses/odbl/1.0/,active
FR,Bressuire,Nouvelle-Aquitaine Mobilités,https://www.data.gouv.fr/api/1/datasets/r/414c049b-323a-4a5c-b484-e3917a62f485,tdg-82363,https://opendatacommons.org/licenses/odbl/1.0/,active
FR,Brest,Brest métropole,https://www.data.gouv.fr/api/1/datasets/r/583d1419-058b-481b-b378-449cab744c82,tdg-43286,https://www.data.gouv.fr/pages/legal/licences/etalab-2.0,active
FR,Brest,Région Bretagne,https://www.data.gouv.fr/api/1/datasets/r/705809de-4712-4c52-add3-03c4d9b6d621,tdg-81480,https://opendatacommons.org/licenses/odbl/1.0/,active
FR,Brest Métropole,Brest métropole,https://s3.eu-west-1.amazonaws.com/files.orchestra.ratpdev.com/networks/bibus/exports/medias.zip,tdg-43286,lov2,active
FR,Bretagne,Région Bretagne,https://www.data.gouv.fr/api/1/datasets/r/8c7b32d0-6481-4bb8-b903-c50a04c72fec,tdg-81559,https://opendatacommons.org/licenses/odbl/1.0/,active
FR,Bretagne,Région Bretagne,https://www.korrigo.bzh/ftp/OPENDATA/BREIZHGO_CAR_22.gtfs.zip,tdg-81461,odc-odbl,active
FR,Bretagne,Région Bretagne,https://www.korrigo.bzh/ftp/OPENDATA/BREIZHGO_CAR_29.gtfs.zip,tdg-81462,odc-odbl,active
FR,Bretagne,Région Bretagne,https://www.korrigo.bzh/ftp/OPENDATA/BREIZHGO_CAR_35.gtfs.zip,tdg-81463,odc-odbl,active
FR,Bretagne,Région Bretagne,https://www.korrigo.bzh/ftp/OPENDATA/BREIZHGO_CAR_56.gtfs.zip,tdg-81464,odc-odbl,active
FR,Bretagne,Région Bretagne,https://www.korrigo.bzh/ftp/OPENDATA/BREIZHGO_TER.gtfs.zip,tdg-81474,odc-odbl,active
FR,Bretagne,Région Bretagne,https://www.korrigo.bzh/ftp/OPENDATA/KORRIGOBRET.gtfs.zip,tdg-81559,odc-odbl,active
FR,Briançon,Communauté de Communes du Briançonnais,https://www.data.gouv.fr/api/1/datasets/r/3ee23301-f454-4175-ba53-4734c30d5245,tdg-81455,https://www.data.gouv.fr/pages/legal/licences/etalab-2.0,active
FR,Brion,Région Auvergne-Rhône-Alpes,https://www.data.gouv.fr/api/1/datasets/r/c379471b-c554-4838-9c00-39d7ced7b53a,tdg-83112,https://opendatacommons.org/licenses/odbl/1.0/,active
FR,Bruguières,Toulouse métropole,https://www.data.gouv.fr/api/1/datasets/r/64318177-f5b5-4144-a6be-2d0f22d26c77,tdg-81678,https://opendatacommons.org/licenses/odbl/1.0/,active
FR,Bubry,Lorient Agglomération,https://www.data.gouv.fr/api/1/datasets/r/c32dc40b-3538-4796-a6c6-fd239d6c1364,tdg-80611,https://www.data.gouv.fr/pages/legal/licences/etalab-2.0,active
FR,Béthisy-Saint-Pierre,Oise Mobilité - Syndicat mixte des transports collectifs de l'Oise,https://www.data.gouv.fr/api/1/datasets/r/d9ea4b4a-0717-4a7d-bd14-054afa192457,tdg-81146,https://www.data.gouv.fr/pages/legal/licences/etalab-2.0,active
FR,"CA ""Saintes - Grandes Rives - L'Agglo""",Nouvelle-Aquitaine Mobilités,https://www.pigma.org/public/opendata/nouvelle_aquitaine_mobilites/publication/ca_saintes-aggregated-gtfs.zip,tdg-82375,odc-odbl,active
FR,CA Agglo Pays d'Issoire,Agglo Pays d'Issoire,https://static.data.gouv.fr/resources/cherpa-horaires-lignes-regulieres/20251218-155013/gtfs-cherpa-20251215-au-20260831.zip,tdg-81643,lov2,active
FR,CA Agglo du Pays de Dreux,JVMALIN,https://fr.ftp.opendatasoft.com/centrevaldeloire/OKINAGTFS/GTFS_AO/DREUX.zip,tdg-83529,odc-odbl,active
FR,CA Agglomération d'Agen,Tempo Bus,https://static.data.gouv.fr/resources/agen-gtfs-scolaire/20250912-142632/agen-gtfs-scolaire-rentree-2025-v9.zip,tdg-81219,lov2,active
FR,CA Agglomération d'Agen,Tempo Bus,https://static.data.gouv.fr/resources/agen-gtfs-tad/20260705-124601/agen-gtfs-tad-ete-2026-ubi.zip,tdg-81220,lov2,active
FR,CA Agglomération d'Agen,Tempo Bus,https://static.data.gouv.fr/resources/agen-gtfs-urbain/20260705-124628/agen-gtfs-urbain-ete-2026-ubi.zip,tdg-80245,lov2,active
FR,CA Amiens Métropole,Ametis,https://static.data.gouv.fr/resources/ametis/20260722-091043/gtfs-fusion-20260721-1000.zip,tdg-80223,lov2,active
FR,CA Amiens Métropole,Ametis,https://static.data.gouv.fr/resources/ametis/20260723-085212/sae-20260723-1050.zip,tdg-80705,lov2,active
FR,CA Annemasse-Les Voirons-Agglomération,Communauté d'Agglomération Annemasse - les Voirons Agglomération,https://s3.eu-west-1.amazonaws.com/files.orchestra.ratpdev.com/networks/tp2a/exports/medias.zip,tdg-76779,lov2,active
FR,CA Annonay Rhône Agglo,CA ANNONAY RHONE AGGLO,https://static.data.gouv.fr/resources/gtfs-reseau-scolaire-coqueligo-annonay-rhone-agglo/20251106-125325/coqueligo-coqueligo-scolaire-v9-14-gtfs-2025-11-06-13-49-31.zip,tdg-83872,lov2,active
FR,CA Annonay Rhône Agglo,CA ANNONAY RHONE AGGLO,https://static.data.gouv.fr/resources/gtfs-reseau-transport-urbain-coqueligo/20260304-165750/gtfs-21112025.zip,tdg-83716,lov2,active
FR,CA Annonay Rhône Agglo,CA ANNONAY RHONE AGGLO,https://static.data.gouv.fr/resources/gtfs-transports-a-la-demande-tad-coqueligo/20260611-095444/gtfs-coqueligo-tad-2026-06112026-c.zip,tdg-82904,lov2,active
FR,CA Ardenne Métropole,Fluo Grand Est,https://api.grandest2.cityway.fr/exs/GTFS?Key=OPENDATA&OperatorCode=CHM,tdg-80451,lov2,active
FR,CA Arlysère,Oùra,https://api.oura3.cityway.fr/dataflow/offre-tc/download?provider=ARLYSERE&dataFormat=GTFS&dataProfil=OPENDATA,tdg-84135,odc-odbl,active
FR,CA Bassin d'Arcachon Sud (COBAS),Nouvelle-Aquitaine Mobilités,https://www.pigma.org/public/opendata/nouvelle_aquitaine_mobilites/publication/cobas-aggregated-gtfs.zip,tdg-82319,odc-odbl,active
FR,"CA Beaune, Côte et Sud - Communauté Beaune-Chagny-Nolay",Communauté d'Agglomération Beaune Côte et Sud,https://static.data.gouv.fr/resources/offre-de-transport-de-la-c-a-beaune-cote-sud-gtfs/20251230-134445/gtfs-30-12-2025-04-15.zip,tdg-82660,lov2,active
FR,CA Bergeracoise,Nouvelle-Aquitaine Mobilités,https://www.pigma.org/public/opendata/nouvelle_aquitaine_mobilites/publication/ca_bergeracoise-aggregated-gtfs.zip,tdg-82373,odc-odbl,active
FR,CA CAP Excellence,Syndicat Mixte des Transports du Petit Cul de Sac Marin,https://www.data.gouv.fr/api/1/datasets/r/ac89688b-252b-4b23-9e97-39226402cf2b,tdg-82727,https://www.data.gouv.fr/pages/legal/licences/etalab-2.0,active
FR,CA CIVIS (Communauté Intercommunale des Villes Solidaires),ALTERNEO,https://static.data.gouv.fr/resources/donnees-du-reseau-alterneo/20260724-045017/gtfs-cineo-20260305-20270305v3.zip,tdg-80676,lov2,active
FR,CA CIVIS (Communauté Intercommunale des Villes Solidaires),ALTERNEO,https://transport.data.gouv.fr/resources/80676/download?token=xdgqKBTAzhw4DSPz6zeGc4c5eW0LhwztcGv4-vpzP4U,tdg-80676,https://www.data.gouv.fr/pages/legal/licences/etalab-2.0,active
FR,CA Cannes Pays de Lérins,Palmbus,https://static.data.gouv.fr/resources/horaires-theoriques-et-temps-reel-gtfs-gtfs-rt-du-reseau-palmbus-cannes-pays-de-lerins/20260730-072130/palmbus-cannes-fr.zip,tdg-79420,lov2,active
FR,CA Carcassonne Agglo,Carcassonne Agglo,https://static.data.gouv.fr/resources/reseau-rtca/20260324-093822/gtfs.zip,tdg-81876,lov2,active
FR,CA Caux Seine Agglo,Transdev • Normandie,https://app.pysae.com/api/v4/groups/caux-seine-agglo/gtfs/pub,tdg-83783,odc-odbl,active
FR,CA Chartres Métropole,Filibus - Chartres Métropole Transports,https://static.data.gouv.fr/resources/filibus-urbain/20260716-101744/gtfs-filibus-20260720-20270702.zip,tdg-80587,lov2,active
FR,CA Chauny Tergnier La Fère,Communauté d'agglomération Chauny-Tergnier-La Fère,https://static.data.gouv.fr/resources/gtfs-du-reseau-lyneo/20260706-141937/gtfsreseau-lyneo-06-07-2026.zip,tdg-80221,lov2,active
FR,CA Cholet Agglomération,Transports Publics du Choletais,https://static.data.gouv.fr/resources/horaires-theoriques-reseau-choletbus/20260728-133740/gtfs.zip,tdg-79352,lov2,active
FR,CA Châteauroux Métropole,CHATEAUROUX METROPOLE,https://data.chateauroux-metropole.fr/api/v2/catalog/datasets/reseau-de-bus-urbain_horizon/alternative_exports/gtfs_20260105_zip,tdg-83794,lov2,active
FR,CA Châteauroux Métropole,CHATEAUROUX METROPOLE,https://static.data.gouv.fr/resources/reseau-de-bus-urbain-horizon/20231109-153356/gtfs-20231109-115706.zip,tdg-81365,lov2,active
FR,CA Coeur de Flandre,Coeur de Flandre Agglo,https://gtfs-rt.infra-hubup.fr/hopbus/current/revision/gtfs,tdg-83202,lov2,active
FR,CA Colmar Agglomération,Fluo Grand Est,https://api.grandest2.cityway.fr/exs/GTFS?Key=OPENDATA&OperatorCode=CAC,tdg-80479,lov2,active
FR,CA Concarneau Cornouaille Agglomération,Région Bretagne,https://www.korrigo.bzh/ftp/OPENDATA/CORALIE.gtfs.zip,tdg-81476,odc-odbl,active
FR,CA Creil Sud Oise,Oise Mobilité - Syndicat mixte des transports collectifs de l'Oise,https://api.oisemob.cityway.fr/dataflow/offre-tc/download?provider=AXO&dataFormat=GTFS&dataProfil=OPENDATA,tdg-81072,lov2,active
FR,CA Creil Sud Oise,Oise Mobilité - Syndicat mixte des transports collectifs de l'Oise,https://api.oisemob.cityway.fr/dataflow/tad/download?provider=AXO&dataFormat=gtfs,tdg-81645,lov2,active
FR,CA Dinan Agglomération,Transdev • Bretagne ,https://static.data.gouv.fr/resources/reseau-urbain-dinamo/20260821-140452/gtfs-20260821-092934-dinamo.zip,tdg-79545,odc-odbl,active
FR,CA Douaisis Agglo,EVEOLE,https://static.data.gouv.fr/resources/eveole-douai-reseau-bus-du-syndicat-mixte-des-transports-du-douaisis-smtd/20260707-151337/gtfs-du-060726-au-030127.zip,tdg-79544,odc-odbl,active
FR,CA Dracénie Provence Verdon Agglomération,Dracénie Provence Verdon agglomération,https://www.datasud.fr/fr/dataset/datasets/1760/resource/2210/download/,tdg-81907,lov2,active
FR,CA Durance-Lubéron-Verdon Agglomération,Durance Luberon Verdon Agglomération,https://static.data.gouv.fr/resources/reseau-de-transport-en-commun-trans-agglo-de-dlva/20260107-075252/gtfs-695e0e00e75be-0701.zip,tdg-83789,lov2,active
FR,CA Durance-Lubéron-Verdon Agglomération,Durance Luberon Verdon Agglomération,https://www.datasud.fr/fr/dataset/datasets/3941/resource/5123/download/,tdg-83291,lov2,active
FR,CA ECLA  (Espace Communautaire Lons Agglomération),Espace Communautaire Lons Agglomération,https://static.data.gouv.fr/resources/ecla-lons-agglo-mobilites/20250507-095356/gtfs-ecla-l1-l2-l3-l4-07-05-2025.zip,tdg-82415,lov2,active
FR,"CA Epernay, Coteaux et Plaine de Champagne",Fluo Grand Est,https://api.grandest2.cityway.fr/exs/GTFS?Key=OPENDATA&OperatorCode=EPY,tdg-80443,lov2,active
FR,CA Estérel Côte d'Azur Agglomération,Estérel Côte d'Azur Agglomération,https://www.esterelcotedazur-lebus.fr/uploads/gtfs/,tdg-82294,lov2,active
FR,CA Evreux Portes de Normandie,Syndicat mixte Atoumod,https://static.data.gouv.fr/resources/transurbain-evreux-portes-de-normandie/20260622-071336/pt-th-offer-transurbain-gtfs-20260609-304-opendata.zip,tdg-80613,lov2,active
FR,CA Flers Agglo,NEMUS (Réseau de transports de Flers Agglo),https://static.data.gouv.fr/resources/donnees-theoriques-du-reseau-urbain-de-flers-agglo-au-format-gtfs/20260414-121512/nemus-gtfs-du-01-01-26-au-31-12-26.zip,tdg-83782,lov2,active
FR,CA Flers Agglo,NEMUS (Réseau de transports de Flers Agglo),https://static.data.gouv.fr/resources/reseau-nemus/20260722-100829/gtfs-au-100726.zip,tdg-82094,lov2,active
FR,CA Fougères Agglomération,Transdev Fougères • SURF,https://static.data.gouv.fr/resources/reseau-urbain-surf/20260806-112153/gtfs-20260806-115735-surf.zip,tdg-64280,odc-odbl,active
FR,CA Fécamp Caux Littoral Agglomération,Syndicat mixte Atoumod,https://static.data.gouv.fr/resources/ficibus-fecamp-caux-littoral/20260820-084152/pt-th-offer-ficibus-gtfs-20260819-833-opendata.zip,tdg-82311,lov2,active
FR,CA Gaillac-Graulhet,Communauté d'Agglomération Gaillac Graulhet,https://static.data.gouv.fr/resources/reseau-urbain-le-passe-pont-communes-de-couffouleux-et-de-rabastens/20250904-131713/gtfs-passe-pont.zip,tdg-82196,lov2,active
FR,CA Gap-Tallard-Durance,Communauté d'Agglomération Gap-Tallard-Durance,https://gtfs-rt.infra-hubup.fr/cagtd/current/gtfs,tdg-81547,lov2,active
FR,CA Golfe du Morbihan - Vannes Agglomération,Transdev GMVA Mobilités • Kicéo,https://static.data.gouv.fr/resources/reseau-urbain-kiceo/20260821-155707/gtfs-20260821-175106-kiceo.zip,tdg-82553,lov2,active
FR,CA Grand Auch Coeur de Gascogne,Zenbus,https://zenbus.net/gtfs/static/download.zip?dataset=auch-alliance,tdg-8119,odc-odbl,active
FR,CA Grand Belfort,Optymo - Belfort,https://static.data.gouv.fr/resources/arrets-circuits-et-horaires-du-reseau-optymo-de-belfort/20260707-090040/gtfs.zip,tdg-79374,odc-odbl,active
FR,CA Grand Châtellerault,Transports de l'Agglomération Châtelleraudaise,https://static.data.gouv.fr/resources/donnees-tac-reseau-de-transport-de-grand-chatellerault-2025/20251020-100448/gtfs-tac-20102025-05072026.zip,tdg-82166,lov2,active
FR,CA Grand Lac,Ondéa - COMPAGNIE DE TRANSPORT DU LAC DU BOURGET-CTLB,https://s3.eu-west-1.amazonaws.com/files.orchestra.ratpdev.com/networks/ctlb-aix-les-bains/exports/pan.zip,tdg-71223,lov2,active
FR,CA Grand Longwy Agglomération,Transport du Grand Longwy,https://static.data.gouv.fr/resources/horaires-theoriques-du-reseau-tgl/20260813-140904/septembre-2026.zip,tdg-84148,lov2,active
FR,CA Grand Montauban,Société d'économie Mixte des Transports Montalbanais,https://static.data.gouv.fr/resources/gtfs-de-la-societe-de-transport-urbain-du-grand-montauban-semtm/20260722-140124/gtfs-ete-26.zip,tdg-84120,odc-odbl,active
FR,CA Grand Sud Caraïbe,COMMUNAUTE D'AGGLOMERATION GRAND SUD CARAIBE,https://static.data.gouv.fr/resources/donnee-statistiques-transport/20260708-133625/export-tsud-1-.zip,tdg-83511,lov2,active
FR,CA GrandSoissons Agglomération,Syndicat intercommunal des Transports Urbains Soissonnais,https://static.data.gouv.fr/resources/transport-a-la-demande-flexitus-1/20260126-155430/flexitus-flexitus-version-v2-gtfs-2026-01-26-16-54-11.zip,tdg-83820,lov2,active
FR,CA GrandSoissons Agglomération,Syndicat intercommunal des Transports Urbains Soissonnais,https://static.data.gouv.fr/resources/transport-scolaire-scoltus/20260623-075055/scol-tus-scoltus-v11-gtfs-2026-06-23-09-49-54.zip,tdg-83821,lov2,active
FR,CA Guingamp-Paimpol Agglomération de l'Armor à l'Argoat,Armor Argoat Mobilité • Guingamp-Paimpol Mobilité,https://static.data.gouv.fr/resources/reseau-urbain-scolaire-guingamp-paimpol-mobilite/20260723-072622/gtfs-gpa-sum26.zip,tdg-72361,odc-odbl,active
FR,CA Haut-Bugey Agglomération,Oùra,https://api.oura3.cityway.fr/dataflow/offre-tc/download?provider=OYONNAX&dataFormat=GTFS&dataProfil=OPENDATA,tdg-84112,odc-odbl,active
FR,CA Hérault-Méditerranée,Communauté d'Agglomération Hérault Méditerranée,https://zenbus.net/gtfs/static/download.zip?dataset=agdecapbus68429531,tdg-64163,lov2,active
FR,CA Intercommunale de la Réunion Est (CIREST),SPL Estival/ Cirest,https://www.data.gouv.fr/api/1/datasets/r/3b659ebb-8c17-46f4-a8ac-78c4129a4a29,tdg-83774,https://www.data.gouv.fr/pages/legal/licences/etalab-2.0,active
FR,CA Intercommunale de la Réunion Est (CIREST),SPL Estival/ Cirest ,https://static.data.gouv.fr/resources/jeu-de-donnee-spl-estival-2025/20260127-034956/gtfs-esti-2026.zip,tdg-83774,lov2,active
FR,CA Intercommunale du Nord de la Réunion (CINOR),CITALIS,https://static.data.gouv.fr/resources/citalis-telepherique-papang/20251229-113508/pap1-gtfs-2025-12-02-2028-03-01.zip,tdg-82880,lov2,active
FR,CA Intercommunale du Nord de la Réunion (CINOR),CITALIS,https://static.data.gouv.fr/resources/horaire-du-reseau-citalis/20260716-064515/15072026-au-31122026-pysae.zip,tdg-82879,lov2,active
FR,CA Intercommunale du Nord de la Réunion (CINOR),CITALIS,https://www.data.gouv.fr/api/1/datasets/r/fa444b8c-c1c6-4015-ac50-f748c12764d3,tdg-82880,https://www.data.gouv.fr/pages/legal/licences/etalab-2.0,active
FR,CA Intercommunale du Nord de la Réunion (CINOR),CITALIS,https://www.data.gouv.fr/api/1/datasets/r/fc065c47-8644-4941-a8ca-4d8322a45749,tdg-82879,https://www.data.gouv.fr/pages/legal/licences/etalab-2.0,active
FR,CA L'Agglo Foix-Varilhes,L'agglo Foix-Varilhes,https://static.data.gouv.fr/resources/reseau-lagglo-bus-de-lagglo-foix-varilhes/20251217-143135/gtfs-1er-decembre2025.zip,tdg-25381,lov2,active
FR,CA La Riviéra du Levant,Syndicat Mixte des Transports du Petit Cul de Sac Marin,https://static.data.gouv.fr/resources/syndicat-mixte-des-transports-du-petit-cul-de-sac-marin/20260102-170300/karulis-2026.zip,tdg-82727,lov2,active
FR,CA La Roche-sur-Yon - Agglomération,La Roche-sur-Yon Agglomération,https://s3.eu-west-1.amazonaws.com/files.orchestra.ratpdev.com/networks/impulsyon/exports/medias.zip,tdg-79520,lov2,active
FR,CA Lamballe Terre et Mer,Transdev • Bretagne ,https://static.data.gouv.fr/resources/reseau-urbain-distribus/20260821-140550/gtfs-20260821-102840-distribus.zip,tdg-79528,odc-odbl,active
FR,CA Lannion-Trégor Communauté,Région Bretagne,https://www.korrigo.bzh/ftp/OPENDATA/TILT.gtfs.zip,tdg-81770,odc-odbl,active
FR,CA Laval Agglomération,LAVAL Agglomération,https://s3.eu-west-1.amazonaws.com/files.orchestra.ratpdev.com/networks/rd-laval/exports/pan.zip,tdg-81018,odc-odbl,active
FR,CA Le Grand Chalon,Le Grand Chalon,https://static.data.gouv.fr/resources/reseauzoom-horaires-theoriques/20251229-092806/gtfs-20251217-143039-stac-gc.zip,tdg-82664,lov2,active
FR,CA Le Grand Narbonne,Le Grand Narbonne Communauté d'Agglomération,https://s3.eu-west-1.amazonaws.com/files.orchestra.ratpdev.com/networks/narbonne/exports/scolaires-sans-tad.zip,tdg-82661,lov2,active
FR,CA Le Grand Périgueux,Nouvelle-Aquitaine Mobilités,https://www.pigma.org/public/opendata/nouvelle_aquitaine_mobilites/publication/ca_grand_perigueux-aggregated-gtfs.zip,tdg-82357,odc-odbl,active
FR,CA Les Sables d'Olonne Agglomération,Région des Pays de la Loire,https://mobi-iti-pdl.okina.fr/static/mobiiti_les_sables_d_olonne/gtfs_imported-id_oleane.zip,tdg-81421,odc-odbl,active
FR,CA Lisieux Normandie,Syndicat mixte Atoumod,https://static.data.gouv.fr/resources/astrobus-lisieux-normandie/20260629-073138/pt-th-offer-astrobus-gtfs-20260624-736-opendata.zip,tdg-82140,lov2,active
FR,CA Lorient Agglomération,Lorient Agglomération,https://s3.eu-west-1.amazonaws.com/files.orchestra.ratpdev.com/networks/rdla-lorient/exports/medias.zip,tdg-80611,lov2,active
FR,CA Luberon Monts de Vaucluse,CA Luberon Monts de Vaucluse,https://app.pysae.com/api/v2/groups/cavaillon/gtfs/pub,tdg-83394,lov2,active
FR,CA Lunel Agglo,Communauté d'Agglomération Lunel Agglo,https://static.data.gouv.fr/resources/offre-de-transport-du-reseau-ole-lunel-agglo-gtfs-et-gtfs-rt/20260629-104535/gtfs-lunel-agglo-reseau-ole-2026-vjuin.zip,tdg-83852,lov2,active
FR,CA Mont de Marsan Agglomération,Nouvelle-Aquitaine Mobilités,https://www.pigma.org/public/opendata/nouvelle_aquitaine_mobilites/publication/ca_du_marsan-aggregated-gtfs.zip,tdg-82377,odc-odbl,active
FR,CA Montargoise et Rives du Loing (AME),Agglomération Montargoise Et rives du loing,https://static.data.gouv.fr/resources/offre-de-transports-urbain-du-reseau-amelys-gtfs/20260817-092242/gtfs-standard-06-07-2026-04-07-2027.zip,tdg-83326,lov2,active
FR,CA Montluçon Communauté,Montluçon Communauté,https://saeiv-p01.navocap.com/NvpGTFS/72/api/static/getzip,tdg-84065,odc-odbl,active
FR,CA Montluçon Communauté,Montluçon Communauté,https://static.data.gouv.fr/resources/horaires-theoriques-et-reel-du-reseau-maelis-montlucon-communaute-gtfs/20260708-114129/gtfs-2026-06-29-au-2026-08-30.zip,tdg-84114,odc-odbl,active
FR,CA Montluçon Communauté,Montluçon Communauté,https://www.data.gouv.fr/api/1/datasets/r/4b0bc62d-0854-4ddb-b703-0882e5ad5981,tdg-84065,https://opendatacommons.org/licenses/odbl/1.0/,active
FR,CA Montélimar Agglomération,Montélibus,https://static.data.gouv.fr/resources/horaires-montelibus/20260820-100511/gtfs-2026-08-20.zip,tdg-82545,lov2,active
FR,CA Morlaix Communauté,Région Bretagne,https://www.korrigo.bzh/ftp/OPENDATA/LINEOTIM_Complet.gtfs.zip,tdg-82291,odc-odbl,active
FR,CA Moulins Communauté,ALEO,https://api.pysae.com/api/v4/groups/moulins/gtfs/pub,tdg-83839,lov2,active
FR,CA Mulhouse Alsace Agglomération,Fluo Grand Est,https://api.grandest2.cityway.fr/exs/GTFS?Key=OPENDATA&OperatorCode=SITRAM,tdg-80787,lov2,active
FR,CA Mulhouse Alsace Agglomération,Mulhouse Alsace Agglomération,https://eu.ftp.opendatasoft.com/mulhouse/TRANSPORT_GTFS/SOLEA.GTFS_current.zip,tdg-80492,lov2,active
FR,CA Mâconnais Beaujolais Agglomération,Mâconnais Beaujolais Agglomération,https://static.data.gouv.fr/resources/offre-de-transport-du-reseau-trema-gtfs/20251015-151314/trema-gtfs-2025-10-15.zip,tdg-83507,odc-odbl,active
FR,CA Mâconnais Beaujolais Agglomération,Mâconnais Beaujolais Agglomération,https://static.data.gouv.fr/resources/offre-de-transport-du-reseau-trema-gtfs/20260701-200358/trema-gtfs-2026-07-01.zip,tdg-84097,odc-odbl,active
FR,CA Mâconnais Beaujolais Agglomération,Mâconnais Beaujolais Agglomération,https://static.data.gouv.fr/resources/offre-de-transport-du-reseau-trema-gtfs/20260821-115049/trema-gtfs-2026-08-21.zip,tdg-84156,odc-odbl,active
FR,CA Pau Béarn Pyrénées,Pau Béarn Pyrénées Mobilités,https://opendata.idelis.fr/?file=GTFS_MultiRoutes/Data.GTFS.zip,tdg-83632,lov2,active
FR,CA Pau Béarn Pyrénées,Pau Béarn Pyrénées Mobilités,https://opendata.idelis.fr/?file=GTFS_Scolaris/Data.GTFS.zip,tdg-83631,lov2,active
FR,CA Pays de Montbéliard Agglomération,évolitY,https://static.data.gouv.fr/resources/evolity-horaires-theoriques-de-transport-public/20260709-133238/2026-07-13-au-2027-06-11-gtfs-mpm-rs-v2.zip,tdg-81944,odc-odbl,active
FR,CA Porte de l'Isère (CAPI),Communauté d'agglomération Porte de l'Isère,https://api.pysae.com/api/v4/groups/keolis-9cc4/gtfs/6a5504d0f9fc74c03997b2dd,tdg-52937,odc-odbl,active
FR,CA Privas Centre Ardèche,Communauté d'Agglomération Privas Centre Ardèche,https://static.data.gouv.fr/resources/reseau-urbain-interurbain-et-scolaire-de-la-communaute-dagglomeration-privas-centre-ardeche/20240830-054117/t-cap-dsp24-gtfs-2024-08-30-07-35-58.zip,tdg-79274,lov2,active
FR,CA Privas Centre Ardèche,Communauté d'Agglomération Privas Centre Ardèche,https://static.data.gouv.fr/resources/reseau-urbain-interurbain-et-scolaire-de-la-communaute-dagglomeration-privas-centre-ardeche/20250917-112807/gtfs-scol-tcap-17-09-25.zip,tdg-81342,lov2,active
FR,CA Privas Centre Ardèche,Communauté d'Agglomération Privas Centre Ardèche,https://static.data.gouv.fr/resources/reseau-urbain-interurbain-et-scolaire-de-la-communaute-dagglomeration-privas-centre-ardeche/20250917-112833/gtfs-dsp-tcap-17-09-25.zip,tdg-79272,lov2,active
FR,CA Provence-Alpes-Agglomération,PROVENCE-ALPES-AGGLOMERATION,https://static.data.gouv.fr/resources/reseau-de-transport-urbains-dignois/20240603-092831/rtud-v8-gtfs-2024-06-03-11-20-05.zip,tdg-81367,lov2,active
FR,CA Provence-Alpes-Agglomération,PROVENCE-ALPES-AGGLOMERATION,https://static.data.gouv.fr/resources/reseau-de-transport-urbains-dignois/20260317-131818/rtud-v16-gtfs-2026-03-17-14-14-15.zip,tdg-83915,lov2,active
FR,CA Quimper Bretagne Occidentale,Quimper Bretagne Occidentale,https://s3.eu-west-1.amazonaws.com/files.orchestra.ratpdev.com/networks/qbo/exports/medias.zip,tdg-83408,odc-odbl,active
FR,CA Quimperlé Communauté,TBK - Réseau de transports publics de Quimperlé,https://s3.eu-west-1.amazonaws.com/files.orchestra.ratpdev.com/networks/tbk/exports/export-pan.zip,tdg-80671,lov2,active
FR,CA Redon Agglomération,REDON Agglomération,https://static.data.gouv.fr/resources/reseau-urbain-de-redon-agglomeration/20251017-090411/518-20251014.zip,tdg-83512,lov2,active
FR,CA Redon Agglomération,REDON Agglomération,https://static.data.gouv.fr/resources/transport-scolaire-redon-agglomeration-format-gtfs/20250521-093604/gtfs-20250520190316z.zip,tdg-83126,odc-odbl,active
FR,CA Riom Limagne et Volcans,Keolis RIOM,https://static.data.gouv.fr/resources/horaires-rlv-mobilites/20260819-074157/gtfs-19-08-2026-05-45.zip,tdg-82547,lov2,active
FR,CA Roannais Agglomération,Oùra,https://api.oura3.cityway.fr/dataflow/offre-tc/download?provider=STAR&dataFormat=GTFS&dataProfil=OPENDATA,tdg-79861,odc-odbl,active
FR,CA Rochefort Océan,Nouvelle-Aquitaine Mobilités,https://www.pigma.org/public/opendata/nouvelle_aquitaine_mobilites/publication/ca_rochefort_ocean-aggregated-gtfs.zip,tdg-82367,odc-odbl,active
FR,CA Rodez Agglomération,Open Data Rodez Agglomération,https://static.data.gouv.fr/resources/transport-du-reseau-urbain-agglobus-et-de-transports-scolaires-gtfs/20260701-070738/gtfsrodezagglo.zip,tdg-81175,lov2,active
FR,CA Royan Atlantique,Communauté d'Agglomération Royan Atlantique,https://data.agglo-royan.fr/dataset/9b761974-a195-4e33-91b7-ecee3b368016/resource/d4915904-ebd0-43cf-9b35-fbfc04ce91fd/download/gtfs_20260612_181741_tdra.zip,tdg-79499,fr-lo,active
FR,CA Royan Atlantique,Nouvelle-Aquitaine Mobilités,https://www.pigma.org/public/opendata/nouvelle_aquitaine_mobilites/publication/ca_royan_atlantique-aggregated-gtfs.zip,tdg-82361,odc-odbl,active
FR,CA Saint-Avold Synergie,Fluo Grand Est,https://api.grandest2.cityway.fr/exs/GTFS?Key=OPENDATA&OperatorCode=TRANSAVOLD,tdg-82413,lov2,active
FR,CA Saint-Brieuc Armor Agglomération,Saint-Brieuc Armor Agglomération,https://static.data.gouv.fr/resources/gtfs-du-reseau-de-transports-publics-de-saint-brieuc-armor-agglomeration/20260522-153134/gtfs.zip,tdg-67655,odc-odbl,active
FR,CA Saint-Louis Agglomération,Fluo Grand Est,https://api.grandest2.cityway.fr/exs/GTFS?Key=OPENDATA&OperatorCode=CC3F,tdg-80437,lov2,active
FR,CA Sarreguemines Confluences,Fluo Grand Est,https://api.grandest2.cityway.fr/exs/GTFS?Key=OPENDATA&OperatorCode=CABUS,tdg-80469,lov2,active
FR,CA Saumur Val de Loire,Région des Pays de la Loire,https://mobi-iti-pdl.okina.fr/static/mobiiti_saumur_val_de_loire/gtfs_imported-id_saumur.zip,tdg-81416,odc-odbl,active
FR,CA Seine Normandie Agglomération,Syndicat mixte Atoumod,https://static.data.gouv.fr/resources/sngo-vernon-les-andelys-seine-normandie-agglo/20260128-092712/sngo.zip,tdg-80655,lov2,active
FR,CA Seine-Eure,Syndicat mixte Atoumod,https://static.data.gouv.fr/resources/semo-val-de-reuil-louviers-seine-eure-agglo/20260729-142915/pt-th-offer-semo-gtfs-20260720-616-opendata-1-.zip,tdg-81338,lov2,active
FR,CA Sud Sainte Baume,Agglomération Sud Sainte Baume,https://www.datasud.fr/fr/dataset/datasets/4682/resource/6530/download/,tdg-83893,lov2,active
FR,CA Sète Agglopôle Méditerranée,Sète Agglopole Méditerranée,https://drive.google.com/uc?export=download&id=1PUISUlg0tpVFTdr7NOzJ2w9KthNXpQNn,tdg-81575,lov2,active
FR,CA Tarbes-Lourdes-Pyrénées,TLP Mobilités,https://static.data.gouv.fr/resources/horaires-theoriques-du-reseau-tarbes-lourdes-tlp-mobilites-gtfs/20260811-071513/gtfs-ktlp-zenbus-040826-161026.zip,tdg-83134,lov2,active
FR,CA Territoire de la Côte Ouest (TCO),SEMTO,https://static.data.gouv.fr/resources/reseau-karouest/20260817-142540/gtfs-koa1808.zip,tdg-81116,lov2,active
FR,CA Territoire de la Côte Ouest (TCO),SEMTO,https://www.data.gouv.fr/api/1/datasets/r/c9c2f609-d0cd-4233-ad1b-cf86b9bf2dc8,tdg-81116,https://www.data.gouv.fr/pages/legal/licences/etalab-2.0,active
FR,CA Territoires Vendômois,Alliance Atlantique,https://api.pysae.com/api/v4/groups/vendome/gtfs/6a7aebbfa0311b9abe6e74f8,tdg-82832,lov2,active
FR,CA Thonon Agglomération,Oùra,https://api.oura3.cityway.fr/dataflow/offre-tc/download?provider=THONON&dataFormat=GTFS&dataProfil=OPENDATA,tdg-84108,odc-odbl,active
FR,CA Thonon Agglomération,Thonon Agglomération,https://static.data.gouv.fr/resources/thonon-agglomeration-donnees-gtfs/20260630-070210/gtfsrdbtdiffusion.zip,tdg-82178,lov2,active
FR,CA Troyes Champagne Métropole,TCAT - Transports en Commun de l'Agglomération Troyenne,https://static.data.gouv.fr/resources/donnees-tcat-troyes-champagne-metropole-1/20260520-141045/gtfs.zip,tdg-79747,odc-odbl,active
FR,CA Troyes Champagne Métropole,TCAT - Transports en Commun de l'Agglomération Troyenne,https://static.data.gouv.fr/resources/donnees-tcat-troyes-champagne-metropole-1/20260811-141050/gtfsnavineo.zip,tdg-79847,odc-odbl,active
FR,CA Tulle Agglo,Nouvelle-Aquitaine Mobilités,https://www.pigma.org/public/opendata/nouvelle_aquitaine_mobilites/publication/ca_tulle-aggregated-gtfs.zip,tdg-82379,odc-odbl,active
FR,CA Val de Garonne Agglomération,Nouvelle-Aquitaine Mobilités,https://www.pigma.org/public/opendata/nouvelle_aquitaine_mobilites/publication/ca_val_de_garonne-aggregated-gtfs.zip,tdg-82370,odc-odbl,active
FR,CA Valence Romans Agglo,Valence Romans Mobilités,https://static.data.gouv.fr/resources/ce-jeu-de-donnees-contient-la-liste-des-arrets-des-horaires-et-des-parcours-theoriques-du-reseau-de-transport-urbain-et-interurbain-de-vrm/20260518-071358/gtfs-citea-20260517-20260628.zip,tdg-82148,lov2,active
FR,CA Ventoux-Comtat-Venaissin (COVE),Communauté d'Agglomération Ventoux Comtat Venaissin,https://www.datasud.fr/fr/dataset/datasets/2268/resource/6459/download/,tdg-83785,lov2,active
FR,CA Vichy Communauté,VICHY COMMUNAUTE,https://h36.hanoverdisplays.com/keolis_vichy/gtfs/prod/GTFS_Prod_keolis_vichy.zip,tdg-84137,lov2,active
FR,CA Vienne Condrieu,Vienne Condrieu Agglomération,https://s3.eu-west-1.amazonaws.com/files.orchestra.ratpdev.com/networks/vienne-mobi/exports/panregion.zip,tdg-52917,odc-odbl,active
FR,CA Vitré Communauté,VITRE COMMUNAUTE,https://static.data.gouv.fr/resources/reseau-urbain-ville-de-vitre/20250425-133101/20-gtfs-urbain-vitre-ete-2025.zip,tdg-83019,lov2,active
FR,CA Vitré Communauté,VITRE COMMUNAUTE,https://static.data.gouv.fr/resources/reseau-urbain-ville-de-vitre/20250716-121402/planning.zip,tdg-83280,lov2,active
FR,CA Vitré Communauté,VITRE COMMUNAUTE,https://static.data.gouv.fr/resources/reseau-urbain-ville-de-vitre/20250724-070907/05-gtfs-urbain-vitre-chateaubourg-sept25-v05.zip,tdg-83276,lov2,active
FR,CA Vitré Communauté,VITRE COMMUNAUTE,https://www.data.gouv.fr/api/1/datasets/r/c7b620bf-e0c5-4f81-a34b-9c8d02c6e3a4,tdg-83019,https://www.data.gouv.fr/pages/legal/licences/etalab-2.0,active
FR,CA d'Arles-Crau-Camargue-Montagnette,ENVIA,https://static.data.gouv.fr/resources/donnees-statiques-et-temps-reels-reseau-envia/20260729-064934/gtfs-envia-20260729.zip,tdg-82662,lov2,active
FR,CA d'Epinal,Fluo Grand Est,https://api.grandest2.cityway.fr/exs/GTFS?Key=OPENDATA&OperatorCode=IMAGINE,tdg-80461,lov2,active
FR,CA de Bar-le-Duc - Sud Meuse,Fluo Grand Est,https://api.grandest2.cityway.fr/exs/GTFS?Key=OPENDATA&OperatorCode=TUB,tdg-80441,lov2,active
FR,CA de Bastia,Communauté d'Agglomération de Bastia,https://static.data.gouv.fr/resources/via-bastia-1/20260527-142804/viabastia-viabastiav86-gtfs-20260522-105102.zip,tdg-83962,lov2,active
FR,CA de Blois ''Agglopolys'',JVMALIN,https://fr.ftp.opendatasoft.com/centrevaldeloire/OKINAGTFS/GTFS_AO/BLOIS.zip,tdg-83526,odc-odbl,active
FR,CA de Béziers-Méditerranée,Réseau beeMob - Transports en commun de l'Agglomération Béziers Méditerranée,https://s3.eu-west-1.amazonaws.com/files.orchestra.ratpdev.com/networks/rdbm/exports/gtfs-pour-le-pan.zip,tdg-83368,odc-odbl,active
FR,CA de Cambrai,Communauté d'Agglomération de Cambrai,https://static.data.gouv.fr/resources/donnees-gtfs-reseau-tuc-communaute-dagglomeration-de-cambrai/20260324-131607/rhdf-gtfs-cac-tuc-24-03-26.zip,tdg-80751,lov2,active
FR,CA de Castres Mazamet,CA  de CASTRES - MAZAMET,https://static.data.gouv.fr/resources/offre-de-transport-du-reseau-libellus-gtfs/20260108-095309/08012026.zip,tdg-79508,odc-odbl,active
FR,CA de Chaumont,Fluo Grand Est,https://api.grandest2.cityway.fr/exs/GTFS?Key=OPENDATA&OperatorCode=CHT,tdg-80410,lov2,active
FR,CA de Châlons-en-Champagne,Fluo Grand Est,https://api.grandest2.cityway.fr/exs/GTFS?Key=OPENDATA&OperatorCode=CEC,tdg-80457,lov2,active
FR,CA de Forbach Porte de France,Fluo Grand Est,https://api.grandest2.cityway.fr/exs/GTFS?Key=OPENDATA&OperatorCode=FORBUS,tdg-80467,lov2,active
FR,CA de Haguenau,Fluo Grand Est,https://api.grandest2.cityway.fr/exs/GTFS?Key=OPENDATA&OperatorCode=Haguenau,tdg-80449,lov2,active
FR,CA de Haguenau,Zenbus,https://zenbus.net/gtfs/static/download.zip?dataset=haguenau,tdg-79014,odc-odbl,active
FR,CA de La Rochelle,Nouvelle-Aquitaine Mobilités,https://www.pigma.org/public/opendata/nouvelle_aquitaine_mobilites/publication/ca_la_rochelle-aggregated-gtfs.zip,tdg-82350,odc-odbl,active
FR,CA de Lens - Liévin,TADAO,https://chouette.enroute.mobi/api/v1/datas/opendata/gtfs.zip,tdg-83643,odc-odbl,active
FR,CA de Nevers,Communauté d'Agglomération de Nevers,https://static.data.gouv.fr/resources/versions-des-horaires-theoriques-des-lignes-du-reseau-de-bus-au-format-gtfs/20260717-055745/gtfs-2026-ete.zip,tdg-81227,lov2,active
FR,CA de Nîmes Métropole,Tango,https://static.data.gouv.fr/resources/offre-de-transport-du-reseau-tango-de-nimes-metropole-gtfs-gtfs-rt/20260812-135031/gtfs-production.zip,tdg-82911,lov2,active
FR,CA de Saint-Dié-des-Vosges,Fluo Grand Est,https://api.grandest2.cityway.fr/exs/GTFS?Key=OPENDATA&OperatorCode=DEOBUS,tdg-80453,lov2,active
FR,CA de Sophia Antipolis,Communauté d'Agglomération Sophia Antipolis (CASA),https://open-share.agglo-casa.fr/s/34FS2SWg36NEZk4/download,tdg-79342,odc-odbl,active
FR,CA de Sophia Antipolis,Communauté d'Agglomération Sophia Antipolis (CASA),https://www.data.gouv.fr/api/1/datasets/r/344e5a88-e993-4952-a8bf-503048020116,tdg-79342,https://opendatacommons.org/licenses/odbl/1.0/,active
FR,CA de Vesoul,Réseau moova - Communauté d'Agglomération de Vesoul,https://static.data.gouv.fr/resources/horaires-theoriques-du-reseau-moova-communaute-dagglomeration-de-vesoul-gtfs/20260326-155123/gtfs-vesoul.zip,tdg-81222,lov2,active
FR,CA de l'Albigeois (C2A),Communauté d'agglomération de l'Albigeois,https://static.data.gouv.fr/resources/offre-de-transports-du-grand-albigeois-gtfs/20260622-084755/libea-reseau-navettes.zip,tdg-79728,odc-odbl,active
FR,CA de l'Albigeois (C2A),Communauté d'agglomération de l'Albigeois,https://static.data.gouv.fr/resources/offre-de-transports-du-grand-albigeois-gtfs/20260813-074150/libea-reseau-periurbain.zip,tdg-81522,odc-odbl,active
FR,CA de l'Albigeois (C2A),Communauté d'agglomération de l'Albigeois,https://static.data.gouv.fr/resources/offre-de-transports-du-grand-albigeois-gtfs/20260813-074157/libea-reseau-urbain.zip,tdg-79687,odc-odbl,active
FR,CA de l'Auxerrois,Communauté d'Agglomération de l'Auxerrois,https://static.data.gouv.fr/resources/reseau-de-transports-en-commun-de-la-communaute-dagglomeration-de-lauxerrois/20260706-062350/gtfs-mdma.zip,tdg-78934,lov2,active
FR,CA de l'Espace Sud de la Martinique,Martinique Transport,https://static.data.gouv.fr/resources/gtfs-urbain-de-la-zone-sud/20230109-181149/gtfs-sud-sudlib.zip,tdg-80394,lov2,active
FR,CA de l'Espace Sud de la Martinique,Martinique Transport,https://static.data.gouv.fr/resources/gtfs-urbain-de-la-zone-sud/20230821-030926/gtfs-maritime-martinique.zip,tdg-81193,lov2,active
FR,CA de l'Espace Sud de la Martinique,Martinique Transport,https://static.data.gouv.fr/resources/gtfs-urbain-de-la-zone-sud/20260623-142336/gtfssudsudlib.zip,tdg-79897,lov2,active
FR,CA de l'Espace Sud de la Martinique,Martinique Transport,https://www.data.gouv.fr/api/1/datasets/r/d910480b-c9a5-4f48-a257-4e1aa799c5c8,tdg-79897,https://www.data.gouv.fr/pages/legal/licences/etalab-2.0,active
FR,CA de la Baie de Somme,Communauté d'agglomération de la Baie de Somme,https://static.data.gouv.fr/resources/regie-des-transports-baag-gtfs/20251217-131705/gtfs-baag-17122025.zip,tdg-83757,lov2,active
FR,CA de la Baie de Somme,Communauté d'agglomération de la Baie de Somme,https://www.data.gouv.fr/api/1/datasets/r/47ead4b7-dc95-41f0-916a-7411d9f6b79b,tdg-83757,https://www.data.gouv.fr/pages/legal/licences/etalab-2.0,active
FR,CA de la Porte du Hainaut,Syndicat Intercommunal de Mobilité et d'Organisation Urbaine du Valenciennois,https://static.data.gouv.fr/resources/simouv-horaires-theoriques-format-gtfs-et-temps-reel-format-siri-transvilles-valenciennes/20260819-075543/google-transit.zip,tdg-84121,lov2,active
FR,CA de la Presqu'île de Guérande Atlantique (Cap Atlantique),Transdev CapAtlantique Mobilités • Lila Presqu'île,https://static.data.gouv.fr/resources/reseau-urbain-scolaire-lila-presquile/20260721-131126/gtfs-20260706-100805-capatlantique-3.zip,tdg-83762,odc-odbl,active
FR,CA de la Provence Verte,Communauté d'Agglomération Provence Verte,https://www.datasud.fr/fr/dataset/datasets/1311/resource/5230/download/,tdg-83429,lov2,active
FR,CA de la Riviera Française,Keolis Menton Riviera,https://static.data.gouv.fr/resources/horaires-reseau-zest/20260710-140010/gtfs-10072026-0806.zip,tdg-79559,lov2,active
FR,CA de la Région Dieppoise,Syndicat mixte Atoumod,https://static.data.gouv.fr/resources/deepmob-dieppe-maritime/20260717-132010/pt-th-offer-deepmob-gtfs-20260713-784-opendata.zip,tdg-80680,lov2,active
FR,CA de la Région Nazairienne et de l'Estuaire (CARENE),Saint-Nazaire agglo - La CARENE,https://app.mecatran.com/utw/ws/gtfsfeed/static/stran-merge?apiKey=2e6071036d276153761f0c090b4a45420e047612,tdg-83881,lov2,active
FR,CA de la Région de Château-Thierry,Communauté d'Agglomération de la Région de Château-Thierry,https://static.data.gouv.fr/resources/gtfs-reseau-fablio-lignes-regulieres/20260108-145743/gtfs-2026-fablio.zip,tdg-83793,lov2,active
FR,CA de la Région de Compiègne et de la Basse Automne,Oise Mobilité - Syndicat mixte des transports collectifs de l'Oise,https://api.oisemob.cityway.fr/dataflow/offre-tc/download?provider=ALLOTIC&dataFormat=GTFS&dataProfil=OPENDATA,tdg-81158,lov2,active
FR,CA de la Région de Compiègne et de la Basse Automne,Oise Mobilité - Syndicat mixte des transports collectifs de l'Oise,https://api.oisemob.cityway.fr/dataflow/offre-tc/download?provider=TIC_INT&dataFormat=GTFS&dataProfil=OPENDATA,tdg-81146,lov2,active
FR,CA de la Région de Compiègne et de la Basse Automne,Oise Mobilité - Syndicat mixte des transports collectifs de l'Oise,https://api.oisemob.cityway.fr/dataflow/offre-tc/download?provider=TIC_URB&dataFormat=GTFS&dataProfil=OPENDATA,tdg-81066,lov2,active
FR,CA des Deux Baies en Montreuillois,COMMUNAUTE D'AGGLOMERATION DES 2 BAIES EN MONTREUILLOIS,https://static.data.gouv.fr/resources/reseau-ca2bm-a-compter-du-1er-juin-2025/20260715-075301/ca2bm-lignes-regulieres-v32-ter-modif-gtfs-gtfs-2026-07-15-09-48-30.zip,tdg-83315,lov2,active
FR,CA du Bassin d'Arcachon Nord (COBAN),Nouvelle-Aquitaine Mobilités,https://www.pigma.org/public/opendata/nouvelle_aquitaine_mobilites/publication/coban-aggregated-gtfs.zip,tdg-82155,odc-odbl,active
FR,CA du Bassin d'Aurillac,Oùra,https://api.oura3.cityway.fr/dataflow/offre-tc/download?provider=AURILLAC&dataFormat=GTFS&dataProfil=OPENDATA,tdg-84136,odc-odbl,active
FR,CA du Bassin de Bourg-en-Bresse,Grand Bourg Agglomération,https://saeiv-p01.navocap.com/NvpGTFS/74/api/static/getzip,tdg-83841,lov2,active
FR,CA du Bassin de Bourg-en-Bresse,Grand Bourg Agglomération,https://transport.data.gouv.fr/resources/83841/download?token=xdgqKBTAzhw4DSPz6zeGc4c5eW0LhwztcGv4-vpzP4U,tdg-83841,https://www.data.gouv.fr/pages/legal/licences/etalab-2.0,active
FR,CA du Bassin de Bourg-en-Bresse,Oùra,https://api.oura3.cityway.fr/dataflow/offre-tc/download?provider=RUBIS&dataFormat=GTFS&dataProfil=OPENDATA,tdg-80147,odc-odbl,active
FR,CA du Bassin de Brive,Nouvelle-Aquitaine Mobilités,https://www.pigma.org/public/opendata/nouvelle_aquitaine_mobilites/publication/ca_bassin_de_brive-aggregated-gtfs.zip,tdg-82355,odc-odbl,active
FR,CA du Beauvaisis,Oise Mobilité - Syndicat mixte des transports collectifs de l'Oise,https://api.oisemob.cityway.fr/dataflow/offre-tc/download?provider=COROLIS_INT&dataFormat=GTFS&dataProfil=OPENDATA,tdg-81138,lov2,active
FR,CA du Beauvaisis,Oise Mobilité - Syndicat mixte des transports collectifs de l'Oise,https://api.oisemob.cityway.fr/dataflow/offre-tc/download?provider=COROLIS_URB&dataFormat=GTFS&dataProfil=OPENDATA,tdg-81074,lov2,active
FR,CA du Beauvaisis,Oise Mobilité - Syndicat mixte des transports collectifs de l'Oise,https://api.oisemob.cityway.fr/dataflow/tad/download?provider=COROLIS_INT&dataFormat=gtfs,tdg-81650,lov2,active
FR,CA du Bocage Bressuirais,Nouvelle-Aquitaine Mobilités,https://www.pigma.org/public/opendata/nouvelle_aquitaine_mobilites/publication/ca_bocage_bressuirais-aggregated-gtfs.zip,tdg-82363,odc-odbl,active
FR,CA du Boulonnais,Communauté d'agglomération du Boulonnais,https://s3.eu-west-1.amazonaws.com/files.orchestra.ratpdev.com/networks/boulogne/exports/medias.zip,tdg-51449,lov2,active
FR,CA du Caudrésis et du Catésis,Communauté d'Agglomération du Caudrésis et du Catésis,https://static.data.gouv.fr/resources/gtfs-reseau-arc-en-ciel-secteur-nord-perimetre-caudresis-catesis/20250911-075554/gtfs-com-sco-59-p3b.zip,tdg-83396,lov2,active
FR,CA du Centre Littoral,Communauté d’Agglomération du Centre Littoral de Guyane,https://static.data.gouv.fr/resources/agence-agglobus/20250806-142142/agglobus-peri-urbain-25-agglo-bus-inter-gtfs-2025-07-23-07-58-11-2-.zip,tdg-81705,lov2,active
FR,CA du Centre Littoral,Communauté d’Agglomération du Centre Littoral de Guyane,https://static.data.gouv.fr/resources/agence-agglobus/20260226-105258/gtfs-agglobus-2026-oe-v2.zip,tdg-83781,lov2,active
FR,CA du Centre Littoral,Communauté d’Agglomération du Centre Littoral de Guyane,https://static.data.gouv.fr/resources/agence-agglobus/20260709-120019/gtfsl7et10.zip,tdg-83304,lov2,active
FR,CA du Centre Littoral,Communauté d’Agglomération du Centre Littoral de Guyane,https://www.data.gouv.fr/api/1/datasets/r/12c4aed4-a268-4cb3-8fb5-7625a747cf56,tdg-83304,https://www.data.gouv.fr/pages/legal/licences/etalab-2.0,active
FR,CA du Centre Littoral,Communauté d’Agglomération du Centre Littoral de Guyane,https://www.data.gouv.fr/api/1/datasets/r/9e9cea88-cdf9-4f3d-ae17-f30c9512d276,tdg-81705,https://www.data.gouv.fr/pages/legal/licences/etalab-2.0,active
FR,CA du Centre Littoral,Communauté d’Agglomération du Centre Littoral de Guyane,https://www.data.gouv.fr/api/1/datasets/r/d358344a-ed1e-4d74-b092-9cbc517b10a8,tdg-83781,https://www.data.gouv.fr/pages/legal/licences/etalab-2.0,active
FR,CA du Centre de la Martinique,Martinique Transport,https://static.data.gouv.fr/resources/gtfs-urbain-de-la-zone-centre/20260821-150128/gtfs-centre-rtm.zip,tdg-79898,lov2,active
FR,CA du Centre de la Martinique,Martinique Transport,https://www.data.gouv.fr/api/1/datasets/r/6e599077-0719-44b4-82ad-0da90a282846,tdg-79898,https://www.data.gouv.fr/pages/legal/licences/etalab-2.0,active
FR,CA du Cotentin,Communauté d'agglomération Le Cotentin,https://static.data.gouv.fr/resources/horaires-theoriques-et-en-temps-reel-des-bus-et-autocars-circulant-sur-le-reseau-cap-cotentin/20260701-123050/gtfs-capcotentin-010726-au-30082026.zip,tdg-79831,lov2,active
FR,CA du Gard Rhodanien,AGGLOMERATION DU GARD RHODANIEN,https://static.data.gouv.fr/resources/donnees-transport-2024/20260209-120436/gtfs-uggo-mtw-maj-plan-prod-02022026-2.zip,tdg-83042,lov2,active
FR,CA du Grand Angoulême,STGA - réseau Möbius,https://static.data.gouv.fr/resources/horaires-theoriques-et-temps-reel-reseau-mobius/20251008-085244/gtfs-mobius-saison25-26-20250930-tad.zip,tdg-82093,odc-odbl,active
FR,CA du Grand Annecy,Sibra,https://static.data.gouv.fr/resources/offre-de-transports-sibra-a-annecy-gtfs/20260807-131116/gtfs-sibra.zip,tdg-80100,odc-odbl,active
FR,CA du Grand Avignon (COGA),Grand Avignon,https://api.maas-fr.cityway.fr/dataflow/offre-tc/download?provider=ORIZO&dataFormat=GTFS&dataProfil=OPENDATA,tdg-84115,lov2,active
FR,CA du Grand Cahors,Communauté d'Agglomération du Grand Cahors,https://static.data.gouv.fr/resources/donnees-gtfs-du-reseau-de-transports-public-du-grand-cahors/20250903-064002/gtfs-.zip,tdg-81432,odc-odbl,active
FR,CA du Grand Chambéry,Grand Chambéry,https://mwe.mecatran.com/utw/ws/gtfsfeed/static/chambery?apiKey=223f2f102c1242570d3f0231326a271940774f72&type=gtfs_urbain,tdg-82272,odc-odbl,active
FR,CA du Grand Cognac,Nouvelle-Aquitaine Mobilités,https://www.pigma.org/public/opendata/nouvelle_aquitaine_mobilites/publication/ca_grand_cognac-aggregated-gtfs.zip,tdg-82365,odc-odbl,active
FR,CA du Grand Dax,Trans-Landes,https://static.data.gouv.fr/resources/reseau-couralin-grand-dax-1/20260629-073939/gtfs-dax-couralin.zip,tdg-83418,lov2,active
FR,CA du Grand Dole,Communauté d'Agglomération du Grand Dole,https://static.data.gouv.fr/resources/reseau-de-transport-du-grand-dole/20260219-150623/gtfs-dole.zip,tdg-81254,lov2,active
FR,CA du Grand Guéret,Communauté d'agglomération du grand Gueret,https://static.data.gouv.fr/resources/agglobus/20260821-085940/260821.zip,tdg-79483,lov2,active
FR,CA du Grand Saint-Dizier Der et Vallées,Fluo Grand Est,https://api.grandest2.cityway.fr/exs/GTFS?Key=OPENDATA&OperatorCode=SDZ,tdg-80477,lov2,active
FR,CA du Grand Sénonais,Communauté d'Agglomération du Grand Sénonais INTERCOM,https://static.data.gouv.fr/resources/horaires-du-reseau-de-bus-intercom-3/20260819-095219/gtfs-20260817-143608-open-data.zip,tdg-81898,odc-odbl,active
FR,CA du Grand Verdun,Fluo Grand Est,https://api.grandest2.cityway.fr/exs/GTFS?Key=OPENDATA&OperatorCode=TIV,tdg-80772,lov2,active
FR,CA du Grand Villeneuvois,Communauté d'Agglomération du Grand Villeneuvois,https://static.data.gouv.fr/resources/elios-transports-urbains-du-grand-villeneuvois/20260803-081632/gtfs-ete-2026-1.zip,tdg-82189,lov2,active
FR,CA du Libournais,Nouvelle-Aquitaine Mobilités,https://www.pigma.org/public/opendata/nouvelle_aquitaine_mobilites/publication/ca_du_libournais-aggregated-gtfs.zip,tdg-82359,odc-odbl,active
FR,CA du Niortais,Nouvelle-Aquitaine Mobilités,https://www.pigma.org/public/opendata/nouvelle_aquitaine_mobilites/publication/ca_du_niortais-aggregated-gtfs.zip,tdg-82352,odc-odbl,active
FR,CA du Nord Grande Terre,Communauté d'Agglomération du Nord Grande-Terre,https://static.data.gouv.fr/resources/reseau-transport-urbain-du-nord-grande-terre-1/20260128-152453/urbaincangtv7-v73-gtfs-20260127.zip,tdg-83020,lov2,active
FR,CA du Pays Ajaccien,Communauté d'Agglomération du Pays Ajaccien,https://static.data.gouv.fr/resources/information-sur-les-transports-en-commun/20260210-131528/gtfs-capa-27.01.2026.zip,tdg-83836,lov2,active
FR,CA du Pays Ajaccien,TRANSPORT PHOENIX,https://static.data.gouv.fr/resources/andemu-gtfs-2025/20250529-153656/andemu-gtfs-2025.zip,tdg-83146,lov2,active
FR,CA du Pays Nord Martinique,Martinique Transport,https://static.data.gouv.fr/resources/gtfs-urbain-de-la-zone-nord-cap-nord/20260625-182554/gtfsnordrtm.zip,tdg-80606,lov2,active
FR,CA du Pays Nord Martinique,Martinique Transport,https://www.data.gouv.fr/api/1/datasets/r/82481c27-2e52-40ef-a563-b011ba487ead,tdg-80606,https://www.data.gouv.fr/pages/legal/licences/etalab-2.0,active
FR,CA du Pays de Gex,Pays de Gex Agglo,https://static.data.gouv.fr/resources/transports-publics-urbains-sur-le-territoire-de-la-ca-du-pays-de-gex-1/20260227-090024/gtfs.zip,tdg-81585,lov2,active
FR,CA du Pays de Grasse,Communauté d'agglomération du Pays de Grasse,https://static.data.gouv.fr/resources/lignes-regulieres-de-transports-sillages-en-pays-de-grasse-urbain-et-scolaire/20251119-082709/gtfs-scolaire-sillages-20251119.zip,tdg-79821,lov2,active
FR,CA du Pays de Grasse,Communauté d'agglomération du Pays de Grasse,https://static.data.gouv.fr/resources/lignes-regulieres-de-transports-sillages-en-pays-de-grasse-urbain-et-scolaire/20251119-082733/gtfs-urbain-sillages-20251119.zip,tdg-79822,lov2,active
FR,CA du Pays de Landerneau-Daoulas,Région Bretagne,https://www.korrigo.bzh/ftp/OPENDATA/ARBUS.gtfs.zip,tdg-81459,odc-odbl,active
FR,CA du Pays de Laon,Communauté d'Agglomération du Pays de Laon,https://s3.eu-west-1.amazonaws.com/files.orchestra.ratpdev.com/networks/tul-gares/exports/medias.zip,tdg-80707,lov2,active
FR,CA du Pays de Saint Malo Agglomération,Transdev SMA Mobilités • MAT,https://static.data.gouv.fr/resources/reseau-urbain-mat/20260819-075159/gtfs-au-19082026-au-31122026.zip,tdg-82555,lov2,active
FR,CA du Pays de Saint-Gilles-Croix-de-Vie,Pays de Saint Gilles Croix de Vie Agglomération,https://static.data.gouv.fr/resources/transport-urbain/20260623-090258/tu-v2.1-15062026-30062027.zip,tdg-82097,lov2,active
FR,CA du Pays de Saint-Omer,Communauté d'Agglomération du Pays de Saint-Omer,https://static.data.gouv.fr/resources/transports-en-commun-audomarois-1/20260424-185310/20-04-2026.zip,tdg-83988,lov2,active
FR,CA du Pays de Saint-Omer,Communauté d'Agglomération du Pays de Saint-Omer,https://static.data.gouv.fr/resources/transports-en-commun-audomarois-1/20260430-132927/mouveo.zip,tdg-83987,lov2,active
FR,CA du Pays de l'Or,Transp'Or - Pays de l'Or Agglomération,https://static.data.gouv.fr/resources/offre-transport-en-commun-du-reseau-transpor-gtfs/20220701-115247/transp-or-ete-v1-gtfs-2022-06-30-17-38-32.zip,tdg-79551,lov2,active
FR,CA du Pays de l'Or,Transp'Or - Pays de l'Or Agglomération,https://static.data.gouv.fr/resources/offre-transport-en-commun-du-reseau-transpor-gtfs/20260630-083249/transp-or-ete-saison-2026-sans-tad-gtfs-2026-06-30-10-32-30.zip,tdg-84099,lov2,active
FR,CA du Puy-en-Velay,Communauté d'Agglomération du Puy-en-Velay,https://geoportail.lepuyenvelay.fr/data/gtfs/tad/gtfs/,tdg-83904,lov2,active
FR,CA du Puy-en-Velay,Communauté d'Agglomération du Puy-en-Velay,https://geoportail.lepuyenvelay.fr/data/gtfs/tad/gtfs_tad.zip,tdg-83903,lov2,active
FR,CA du Puy-en-Velay,Communauté d'Agglomération du Puy-en-Velay,https://geoportail.lepuyenvelay.fr/data/gtfs/urbain/gtfs/,tdg-83905,lov2,active
FR,CA du Puy-en-Velay,Communauté d'Agglomération du Puy-en-Velay,https://geoportail.lepuyenvelay.fr/data/gtfs/urbain/gtfs_urbain.zip,tdg-83906,lov2,active
FR,CA du Puy-en-Velay,Communauté d'Agglomération du Puy-en-Velay,https://www.data.gouv.fr/api/1/datasets/r/0bdd928a-c207-4d69-9a0b-cd520e870d7f,tdg-83905,https://www.data.gouv.fr/pages/legal/licences/etalab-2.0,active
FR,CA du Puy-en-Velay,Communauté d'Agglomération du Puy-en-Velay,https://www.data.gouv.fr/api/1/datasets/r/4544fd3f-cf34-4bab-b6ff-e5ad89476347,tdg-83903,https://www.data.gouv.fr/pages/legal/licences/etalab-2.0,active
FR,CA du Puy-en-Velay,Communauté d'Agglomération du Puy-en-Velay,https://www.data.gouv.fr/api/1/datasets/r/72cb82e9-df44-40fc-9fea-4f93f8a527af,tdg-83904,https://www.data.gouv.fr/pages/legal/licences/etalab-2.0,active
FR,CA du Puy-en-Velay,Communauté d'Agglomération du Puy-en-Velay,https://www.data.gouv.fr/api/1/datasets/r/c3d26d87-0b2d-4d26-83b5-9474f12e31a4,tdg-83906,https://www.data.gouv.fr/pages/legal/licences/etalab-2.0,active
FR,CA du Saint-Quentinois,PASTEL,https://static.data.gouv.fr/resources/bus-pastel-saint-quentin/20251230-130818/gtfs-20251204-171737-sqm.zip,tdg-82704,lov2,active
FR,CA du Sud,Réseau CARSUD,https://static.data.gouv.fr/resources/referentiel-topologique-reseau-carsud/20260820-092019/gtfs-20-aout-2026-v2.zip,tdg-81183,lov2,active
FR,CA du Sud,Réseau CARSUD,https://www.data.gouv.fr/api/1/datasets/r/8f3642e3-9fc3-45ed-af46-8c532966ace3,tdg-81183,https://www.data.gouv.fr/pages/legal/licences/etalab-2.0,active
FR,CC Aunis Atlantique,Nouvelle-Aquitaine Mobilités,https://www.pigma.org/public/opendata/nouvelle_aquitaine_mobilites/publication/cc_aunis_atlantique-aggregated-gtfs.zip,tdg-83982,odc-odbl,active
FR,CC Auray Quiberon Terre Atlantique,Auray Quiberon Terre Atlantique,https://static.data.gouv.fr/resources/reseau-urbain-glazgo/20260608-065944/gtfs-20260608-085523-glazgo.zip,tdg-83300,odc-odbl,active
FR,CC Caux - Austreberthe,Syndicat mixte Atoumod,https://static.data.gouv.fr/resources/moca-communaute-de-communes-caux-austreberthe/20260701-135055/pt-th-offer-moca-gtfs-20260107-303-opendata.zip,tdg-82309,lov2,active
FR,CC Challans-Gois Communauté,Challans Gois Communauté,https://static.data.gouv.fr/resources/reseau-transport-urbain-yole-bus-gtfs-1/20260324-155936/gtfs-challans-gois.zip,tdg-83969,lov2,active
FR,CC Challans-Gois Communauté,Challans Gois Communauté,https://transport.data.gouv.fr/resources/83969/download?token=xdgqKBTAzhw4DSPz6zeGc4c5eW0LhwztcGv4-vpzP4U,tdg-83969,https://www.data.gouv.fr/pages/legal/licences/etalab-2.0,active
FR,"CC Chinon, Vienne et Loire",Communauté de Communes Chinon Vienne et Loire,https://static.data.gouv.fr/resources/reseau-cvlmobilite-plan-de-transport-theorique-ligne-a-format-gtfs/20250706-123815/cvlm-lignea-07072025.zip,tdg-82150,lov2,active
FR,CC Châteaubriant-Derval,Communauté de Communes Châteaubriant Derval,https://static.data.gouv.fr/resources/cbus-5/20260722-130354/gtfs-cbus-31-08-2026.zip,tdg-84105,notspecified,active
FR,CC Cluses-Arve et Montagnes,Communauté de communes Cluses Arve et Montagne,https://static.data.gouv.fr/resources/gtfs-ete-2/20260704-000225/gtfs-arvi-ete26.zip,tdg-83578,lov2,active
FR,CC Coeur de Loire,Communauté de Communes Cœur de Loire,https://api.pysae.com/api/v4/groups/coeur-de-loire/gtfs/pub,tdg-83859,lov2,active
FR,CC Coeur de Maurienne Arvan,COMMUNAUTE DE COMMUNES COEUR DE MAURIENNE ARVAN,https://static.data.gouv.fr/resources/transport-urbain-3cma-bus/20260630-183023/2026-07-01-3cmabus.zip,tdg-83258,lov2,active
FR,CC Coeur du Var,Transdev Var,https://static.data.gouv.fr/resources/le-taco-1/20260629-121934/taco-luc-en-provencev15-20260601.zip,tdg-82874,lov2,active
FR,CC Coutances Mer et Bocage,Syndicat mixte Atoumod,https://static.data.gouv.fr/resources/cosibus-coutances-mer-et-bocage/20260520-065200/cosibus.zip,tdg-82312,lov2,active
FR,CC Côte Landes Nature,Nouvelle-Aquitaine Mobilités,https://www.pigma.org/public/opendata/nouvelle_aquitaine_mobilites/publication/digo-aggregated-gtfs.zip,tdg-83870,odc-odbl,active
FR,CC Côte Landes Nature,Trans-Landes,https://static.data.gouv.fr/resources/reseau-digo-cote-landes-nature/20250805-083958/gtfs-cote-landes-nature.zip,tdg-83312,lov2,active
FR,CC Decazeville Communauté,DECAZEVILLE COMMUNAUTE,https://static.data.gouv.fr/resources/transport-urbain-du-bassin/20200805-161154/transports-urbains-du-bassin-version-1-3-gtfs-2020-07-30-17-59-13.zip,tdg-22408,lov2,active
FR,CC Decazeville Communauté,DECAZEVILLE COMMUNAUTE,https://static.data.gouv.fr/resources/transport-urbain-du-bassin/20230102-111115/transports-urbains-du-bassin-version-2-4-gtfs-2023-01-02-10-36-49.zip,tdg-80253,lov2,active
FR,CC Decazeville Communauté,DECAZEVILLE COMMUNAUTE,https://static.data.gouv.fr/resources/transport-urbain-du-bassin/20250217-154406/transports-urbains-du-bassin-version-2-6-gtfs-2024-12-16-11-39-36.zip,tdg-11492,lov2,active
FR,CC Dombes Saône Vallée,Oùra,https://api.oura3.cityway.fr/dataflow/offre-tc/download?provider=SAONIBUS&dataFormat=GTFS&dataProfil=OPENDATA,tdg-79859,odc-odbl,active
FR,CC Douarnenez Communauté,Région Bretagne,https://www.korrigo.bzh/ftp/OPENDATA/TUDBUS.gtfs.zip,tdg-81927,odc-odbl,active
FR,CC Entre Bièvre et Rhône,Oùra,https://api.oura3.cityway.fr/dataflow/offre-tc/download?provider=PEAGE_ROUSSILLON&dataFormat=GTFS&dataProfil=OPENDATA,tdg-83725,odc-odbl,active
FR,CC Intercom Bernay Terres de Normandie,Intercom Bernay Terres de Normandie,https://static.data.gouv.fr/resources/reseau-transport-urbain-de-bernay/20251114-113532/horaires-ibus-2025-2026.zip,tdg-83775,lov2,active
FR,CC Intercom de la Vire au Noireau,Intercom de la Vire au Noireau,https://static.data.gouv.fr/resources/tiva-a-la-demande-service-de-transport-a-la-demande-intercom-de-la-vire-au-noireau-2025-2026/20251208-170106/tiva-a-la-demande.zip,tdg-83770,lov2,active
FR,CC Intercom de la Vire au Noireau,Intercom de la Vire au Noireau,https://static.data.gouv.fr/resources/tiva-scolaire-secondaires-intravire-intercom-de-la-vire-au-noireau-2025-2026/20251217-180553/sco.zip,tdg-83769,lov2,active
FR,CC Intercom de la Vire au Noireau,Intercom de la Vire au Noireau,https://static.data.gouv.fr/resources/tiva-urbain-reseau-urbain-a-vire-intercom-de-la-vire-au-noireau-2025-2026/20260102-153237/urbain.zip,tdg-83846,lov2,active
FR,CC Jalle-Eau-Bourde,Nouvelle-Aquitaine Mobilités,https://www.pigma.org/public/opendata/nouvelle_aquitaine_mobilites/publication/jalle_eau_bourde-aggregated-gtfs.zip,tdg-81557,odc-odbl,active
FR,CC Maremne Adour Côte Sud,Trans-Landes,https://static.data.gouv.fr/resources/reseau-yego-macs/20260629-072927/gtfs-yego-ete-2026.zip,tdg-83416,odc-odbl,active
FR,CC Moselle et Madon,Fluo Grand Est,https://api.grandest2.cityway.fr/exs/GTFS?Key=OPENDATA&OperatorCode=TMM,tdg-82388,lov2,active
FR,CC Orne Lorraine Confluences,Fluo Grand Est,https://api.grandest2.cityway.fr/exs/GTFS?Key=OPENDATA&OperatorCode=LEFIL,tdg-80445,lov2,active
FR,CC Pays d'Evian Vallée d'Abondance,Communauté de communes pays d'Evian - vallée d'Abondance,https://static.data.gouv.fr/resources/donnees-du-reseau-evad-1/20251209-123614/gtfs-scolaire.zip,tdg-83746,lov2,active
FR,CC Pays d'Evian Vallée d'Abondance,Communauté de communes pays d'Evian - vallée d'Abondance,https://static.data.gouv.fr/resources/donnees-du-reseau-evad-1/20260728-142846/260724-gtfs-evad-ete-2026-et-rentree-2026.zip,tdg-80973,lov2,active
FR,CC Pays d'Orange en Provence,Communauté de Communes du Pays d'Orange en Provence,https://exs.sud.cityway.fr/gtfs.aspx?key=SUD&operatorCode=ORANGE,tdg-82715,odc-odbl,active
FR,CC Pays d'Orange en Provence,Communauté de Communes du Pays d'Orange en Provence,https://www.data.gouv.fr/api/1/datasets/r/d6c75600-f730-421e-93df-74a143d3e723,tdg-82715,https://opendatacommons.org/licenses/odbl/1.0/,active
FR,CC Pontivy Communauté,Transdev • Bretagne ,https://static.data.gouv.fr/resources/reseau-urbain-pondibus/20260630-161416/gtfs-20260630-181006-pondibus.zip,tdg-81179,odc-odbl,active
FR,CC Retz en Valois,Communauté de communes Retz-en-Valois,https://static.data.gouv.fr/resources/donnees-de-mobilite/20260107-150213/gtfs-20260105-090453-villeo.zip,tdg-82689,lov2,active
FR,CC Retz en Valois,Syndicat intercommunal des Transports Urbains Soissonnais,https://static.data.gouv.fr/resources/transports-urbains-soissonnais-tus/20260623-072534/transports-urbains-soissonnais-tus-v01-2025-gtfs-2026-06-23-09-23-03.zip,tdg-82154,lov2,active
FR,CC Rives de Moselle,Fluo Grand Est,https://api.grandest2.cityway.fr/exs/GTFS?Key=OPENDATA&OperatorCode=RIV,tdg-83277,lov2,active
FR,CC Rumilly Terre de Savoie,J'ybus,https://static.data.gouv.fr/resources/offre-de-transports-jybus-a-rumilly/20260807-132033/gtfs-jybus.zip,tdg-80092,lov2,active
FR,CC Sarrebourg Moselle Sud,Fluo Grand Est,https://api.grandest2.cityway.fr/exs/GTFS?Key=OPENDATA&OperatorCode=ISIBUS,tdg-80447,lov2,active
FR,CC Serre-Ponçon,Communauté de communes de Serre-Ponçon,https://static.data.gouv.fr/resources/navette-chorges-chanteloube-ete-2026-reseau-vai/20260515-073127/navette-vai-chorges-baie-de-chanteloube-ete-2026.zip,tdg-84030,lov2,active
FR,CC Serre-Ponçon,Communauté de communes de Serre-Ponçon,https://static.data.gouv.fr/resources/navettes-stations-hiver-2025-2026-reseau-vai/20251230-085133/navettes-stations-vai-hiver-2025-2026.zip,tdg-83736,lov2,active
FR,CC Serre-Ponçon,Communauté de communes de Serre-Ponçon,https://static.data.gouv.fr/resources/reseau-vai-embrun/20250827-125315/transports-vai-embrun-2025-2026.zip,tdg-83364,lov2,active
FR,CC Spelunca-Liamone,Régie de transport Communauté de communes Spelunca-Liamone,https://zenbus.net/gtfs/static/download.zip?dataset=speluncaliamone,tdg-84068,lov2,active
FR,CC Terres Touloises,Fluo Grand Est,https://api.grandest2.cityway.fr/exs/GTFS?Key=OPENDATA&OperatorCode=MOVIA,tdg-80463,lov2,active
FR,CC Terres d'Argentan Interco,Syndicat mixte Atoumod,https://static.data.gouv.fr/resources/argentanbus-argentan-intercom/20260710-125655/pt-th-offer-argentanbus-gtfs-20260707-611-opendata-1-.zip,tdg-82315,lov2,active
FR,CC Thelloise,Oise Mobilité - Syndicat mixte des transports collectifs de l'Oise,https://api.oisemob.cityway.fr/dataflow/offre-tc/download?provider=PASSTHELLE&dataFormat=GTFS&dataProfil=OPENDATA,tdg-81068,lov2,active
FR,CC Thelloise,Oise Mobilité - Syndicat mixte des transports collectifs de l'Oise,https://api.oisemob.cityway.fr/dataflow/tad/download?provider=PASSTHELLE&dataFormat=gtfs,tdg-81648,lov2,active
FR,CC Thiers Dore et Montagne,Oùra,https://api.oura3.cityway.fr/dataflow/offre-tc/download?provider=THIERS&dataFormat=GTFS&dataProfil=OPENDATA,tdg-84032,odc-odbl,active
FR,CC Vierzon-Sologne-Berry,Transdev Vierzon Mobilités • Le Vib,https://static.data.gouv.fr/resources/reseau-urbain-le-vib/20260806-083754/gtfs-20260805-151415-levib-hb-pan-du-01-08-26-au-31-07-27.zip,tdg-82554,odc-odbl,active
FR,CC Yvetot Normandie,Syndicat mixte Atoumod,https://static.data.gouv.fr/resources/vikibus-yvetot-normandie/20260116-123130/pt-th-offer-vikibus-gtfs-20260113-317-opendata.zip,tdg-81975,lov2,active
FR,"CC de Granville, Terre et Mer",Syndicat mixte Atoumod,https://static.data.gouv.fr/resources/neva-granville-terre-et-mer/20260730-140440/pt-th-offer-neva-gtfs-20260729-886-opendata.zip,tdg-82721,lov2,active
FR,CC de Millau Grands Causses,Communauté de communes de Millau Grands Causses,https://static.data.gouv.fr/resources/fiches-horaires-reseau-urbain-mio-ccmillaugrandscausses/20260414-150442/gtfs-mio-2026.zip,tdg-83978,lov2,active
FR,CC de Miribel et du Plateau,Oùra,https://api.oura3.cityway.fr/dataflow/offre-tc/download?provider=COLIBRI&dataFormat=GTFS&dataProfil=OPENDATA,tdg-79810,odc-odbl,active
FR,CC de Montesquieu,Nouvelle-Aquitaine Mobilités,https://www.pigma.org/public/opendata/nouvelle_aquitaine_mobilites/publication/montesquieu-aggregated-gtfs.zip,tdg-81555,odc-odbl,active
FR,CC de Pont-Audemer / Val de Risle,Syndicat mixte Atoumod,https://static.data.gouv.fr/resources/le-bus-pont-audemer-val-de-risle/20250819-074312/pt-th-offer-lebus-gtfs-20250812-817-opendata.zip,tdg-82310,lov2,active
FR,CC de Sélestat,Fluo Grand Est,https://api.grandest2.cityway.fr/exs/GTFS?Key=OPENDATA&OperatorCode=CCSelestat,tdg-80401,lov2,active
FR,CC de l'Aire Cantilienne,Oise Mobilité - Syndicat mixte des transports collectifs de l'Oise,https://api.oisemob.cityway.fr/dataflow/offre-tc/download?provider=CCAC&dataFormat=GTFS&dataProfil=OPENDATA,tdg-81042,lov2,active
FR,CC de l'Argonne Champenoise,Fluo Grand Est,https://api.grandest2.cityway.fr/exs/GTFS?Key=OPENDATA&OperatorCode=SMD,tdg-80471,lov2,active
FR,CC de l'Ile de Noirmoutier,Alliance Atlantique,https://static.data.gouv.fr/resources/noirmoutier-gratibus-gtfs-gtfs-rt/20260820-122338/noirmoutier-2026-v5-2-.zip,tdg-81924,lov2,active
FR,CC de l'Ile-Rousse - Balagne,Collectivité de Corse,https://static.data.gouv.fr/resources/gtfs-transport-horaires-des-lignes-de-la-communaute-dile-rousse-balagne-a-balanina/20250627-205558/a-balanina.zip,tdg-82997,lov2,active
FR,CC de l'Ouest Vosgien,Communauté de Communes de l'Ouest Vosgien,https://static.data.gouv.fr/resources/horaires-theoriques-du-reseau-neobus-communaute-de-communes-de-louest-vosgien-gtfs/20251231-083603/gtfs-sadap-neobus.zip,tdg-79814,lov2,active
FR,CC de la Côtière à Montluel,Oùra,https://api.oura3.cityway.fr/dataflow/offre-tc/download?provider=MONTLUEL&dataFormat=GTFS&dataProfil=OPENDATA,tdg-79864,odc-odbl,active
FR,CC de la Plaine d'Estrées,Oise Mobilité - Syndicat mixte des transports collectifs de l'Oise,https://api.oisemob.cityway.fr/dataflow/offre-tc/download?provider=HOPLA&dataFormat=GTFS&dataProfil=OPENDATA,tdg-81519,lov2,active
FR,CC de la Plaine d'Estrées,Oise Mobilité - Syndicat mixte des transports collectifs de l'Oise,https://api.oisemob.cityway.fr/dataflow/tad/download?Provider=HOPLA&dataFormat=gtfs&dataProfil=OPENDATA,tdg-81649,lov2,active
FR,CC de la Plaine de l'Ain,Oùra,https://api.oura3.cityway.fr/dataflow/offre-tc/download?provider=TAM&dataFormat=GTFS&dataProfil=OPENDATA,tdg-79865,odc-odbl,active
FR,CC de la Vallée de Chamonix-Mont-Blanc,Transdev Chamonix,https://static.data.gouv.fr/resources/gtfs-reseau-chamonix-mobilite/20260810-082014/gtfs-automne-chx2026.2026.08.07.zip,tdg-82663,lov2,active
FR,CC des Pays d'Oise et d'Halatte,Oise Mobilité - Syndicat mixte des transports collectifs de l'Oise,https://api.oisemob.cityway.fr/dataflow/offre-tc/download?provider=TOHM&dataFormat=GTFS&dataProfil=OPENDATA,tdg-81034,lov2,active
FR,CC des Pays du Sel et du Vermois,Fluo Grand Est,https://api.grandest2.cityway.fr/exs/GTFS?Key=OPENDATA&OperatorCode=SELVERM,tdg-82907,lov2,active
FR,CC des Sablons,Oise Mobilité - Syndicat mixte des transports collectifs de l'Oise,https://api.oisemob.cityway.fr/dataflow/offre-tc/download?provider=SABLONS&dataFormat=GTFS&dataProfil=OPENDATA,tdg-81070,lov2,active
FR,CC des Sablons,Oise Mobilité - Syndicat mixte des transports collectifs de l'Oise,https://api.oisemob.cityway.fr/dataflow/tad/download?provider=SABLONS&dataFormat=gtfs,tdg-81651,lov2,active
FR,CC des Vallées de Thônes,ARAVIS Bus,https://static.data.gouv.fr/resources/aravis-bus-hiver-2025-2026/20251210-145252/export-gtfs-aravis-hiver-2026-hiver20252026.zip,tdg-83755,lov2,active
FR,CC des Vallées de Thônes,ARAVIS Bus,https://static.data.gouv.fr/resources/aravis-bus-hiver-2025-2026/20260605-061348/export-gtfs-aravis-ete-2026.zip,tdg-84055,lov2,active
FR,CC du Bassin d'Aubenas,Tout'enbus,https://app.mecatran.com/utw/ws/gtfsfeed/static/aubenas?apiKey=6527571c533049035b6a0d41252853243b1f2a68,tdg-81255,lov2,active
FR,CC du Bassin de Pompey,Fluo Grand Est,https://api.grandest2.cityway.fr/exs/GTFS?Key=OPENDATA&OperatorCode=LESIT,tdg-80475,lov2,active
FR,CC du Bassin de Pont-à-Mousson,Fluo Grand Est,https://api.grandest2.cityway.fr/exs/GTFS?Key=OPENDATA&OperatorCode=LEBUS,tdg-80465,lov2,active
FR,CC du Briançonnais,Communauté de Communes du Briançonnais,https://static.data.gouv.fr/resources/donnees-de-transport-en-commun-reseau-altigo-communaute-de-communes-du-brianconnais-format-gtfs/20260715-065139/altigo-gtfs-2026-07-15-08-50-06.zip,tdg-81455,lov2,active
FR,CC du Centre Corse,Collectivité de Corse,https://static.data.gouv.fr/resources/gtfs-transport-via-corsica-corte-a-la-vallee-de-la-restonica-ligne-c13/20260727-120808/via-corsica-restonica.zip,tdg-82998,lov2,active
FR,CC du Centre-Ouest,Communauté de Communes du Centre-Ouest,https://static.data.gouv.fr/resources/gtfs-reseau-de-transport-tmco-3co-mayotte/20260306-070138/gtfs-tmco-3co-2026-02-01-v2.zip,tdg-83891,lov2,active
FR,CC du Clermontois,Oise Mobilité - Syndicat mixte des transports collectifs de l'Oise,https://api.oisemob.cityway.fr/dataflow/offre-tc/download?provider=LEBUS&dataFormat=GTFS&dataProfil=OPENDATA,tdg-81056,lov2,active
FR,CC du Clermontois,Oise Mobilité - Syndicat mixte des transports collectifs de l'Oise,https://api.oisemob.cityway.fr/dataflow/tad/download?provider=LEBUS&dataFormat=gtfs,tdg-81652,lov2,active
FR,CC du Grand Autunois Morvan,Grand Autunois Morvan,https://static.data.gouv.fr/resources/arrets-lignes-regulieres-reseau-de-transport-urbain-a-autun/20251030-071946/ligne-a-autun-ca-roule.zip,tdg-83383,odc-odbl,active
FR,CC du Grand Langres,Fluo Grand Est,https://api.grandest2.cityway.fr/exs/GTFS?Key=OPENDATA&OperatorCode=LAN,tdg-80403,lov2,active
FR,CC du Guillestrois et du Queyras,Communauté de communes du Guillestrois et du Queyras,https://static.data.gouv.fr/resources/reseau-de-transports-collectifs-de-la-ccgq/20260817-083208/gtfsv1.7.4.zip,tdg-82604,lov2,active
FR,CC du Liancourtois,Oise Mobilité - Syndicat mixte des transports collectifs de l'Oise,https://api.oisemob.cityway.fr/dataflow/offre-tc/download?provider=LELIBELLULE&dataFormat=GTFS&dataProfil=OPENDATA,tdg-83922,odc-odbl,active
FR,CC du Liancourtois,Oise Mobilité - Syndicat mixte des transports collectifs de l'Oise,https://api.oisemob.cityway.fr/dataflow/tad/download?provider=LELIBELLULE&dataFormat=gtfs,tdg-83921,odc-odbl,active
FR,CC du Pays Haut Val d'Alzette,Fluo Grand Est,https://api.grandest2.cityway.fr/exs/GTFS?Key=OPENDATA&OperatorCode=CITELINE,tdg-80459,lov2,active
FR,CC du Pays Noyonnais,Oise Mobilité - Syndicat mixte des transports collectifs de l'Oise,https://api.oisemob.cityway.fr/dataflow/offre-tc/download?provider=LIBBUS&dataFormat=GTFS&dataProfil=OPENDATA,tdg-81054,lov2,active
FR,CC du Pays Sabolien,Transdev • Pays de la Loire,https://static.data.gouv.fr/resources/reseau-urbain-reso/20260810-145022/gtfs-20260810-160801-reso.zip,tdg-79537,odc-odbl,active
FR,CC du Pays d'Issoudun,JVMALIN,https://fr.ftp.opendatasoft.com/centrevaldeloire/OKINAGTFS/GTFS_AO/ISSOUDUN.zip,tdg-83531,odc-odbl,active
FR,CC du Pays de Honfleur-Beuzeville,Syndicat mixte Atoumod,https://static.data.gouv.fr/resources/hobus-honfleur/20251229-095527/pt-th-offer-hobus-gtfs-20251226-808-opendata.zip,tdg-82711,lov2,active
FR,CC du Pays de Pontchâteau St-Gildas-des-Bois,Région des Pays de la Loire,https://app.mecatran.com/utw/ws/gtfsfeed/static/pdlFlex?apiKey=19496e1c0c0e42607d54444b2a191b61533b3634,tdg-81394,lov2,active
FR,CC du Pays de Sainte-Odile,Fluo Grand Est,https://api.grandest2.cityway.fr/exs/GTFS?Key=OPENDATA&OperatorCode=Obernai,tdg-80439,lov2,active
FR,CC du Pays de Valois,Oise Mobilité - Syndicat mixte des transports collectifs de l'Oise,https://api.oisemob.cityway.fr/dataflow/offre-tc/download?provider=CYPRE&dataFormat=GTFS&dataProfil=OPENDATA,tdg-81058,lov2,active
FR,CC du Pays des Ecrins,Communauté de Communes du Pays des Écrins,https://www.datasud.fr/fr/dataset/datasets/4311/resource/5843/download/,tdg-83467,lov2,active
FR,CC du Sud Corse,Communauté de Communes du Sud Corse,https://pysae.com/api/v2/groups/porto-vecchio/gtfs/pub,tdg-81252,lov2,active
FR,CC du Sud Estuaire,Transdev • Pays de la Loire,https://static.data.gouv.fr/resources/reseau-urbain-brevibus/20260818-131256/gtfs-20260724-163855-brevibus-hors-bord-ete26hiver2627.zip,tdg-79151,odc-odbl,active
FR,CC du Sud Gironde,Nouvelle-Aquitaine Mobilités,https://www.pigma.org/public/opendata/nouvelle_aquitaine_mobilites/publication/cc_sud_gironde-aggregated-gtfs.zip,tdg-83853,odc-odbl,active
FR,CC du Territoire de Lunéville à Baccarat,Lulu en Bus (Ex. Lunéo),https://app.pysae.com/api/v2/groups/luneo/gtfs/pub,tdg-83509,odc-odbl,active
FR,CC du Thouarsais,Nouvelle-Aquitaine Mobilités,https://www.pigma.org/public/opendata/nouvelle_aquitaine_mobilites/publication/cc_du_thouarsais-aggregated-gtfs.zip,tdg-83533,odc-odbl,active
FR,CC du Val de Sarthe,Transdev • Pays de la Loire,https://static.data.gouv.fr/resources/reseau-urbain-illygo/20260817-101157/gtfs-20260806-183657-illygo.zip,tdg-80586,odc-odbl,active
FR,CU Angers Loire Métropole,Angers Loire Métropole,https://chouette.enroute.mobi/api/v1/datas/Irigo/gtfs.zip,tdg-80036,odc-odbl,active
FR,CU Le Creusot Montceau-les-Mines,monRéZO,https://static.data.gouv.fr/resources/arrets-horaires-et-parcours-theoriques-du-reseau-monrezo-cucm-gtfs-1/20260707-080727/gtfs-2026.06-elec-cmt-opendata.zip,tdg-82999,lov2,active
FR,CU Le Havre Seine Métropole,Réseau de transport en commun Le Havre Seine Métropole LiA,https://opendata.transports-lia.fr/gtfs/GTFS.zip,tdg-84037,odc-odbl,active
FR,CU Le Mans Métropole,SETRAM,https://static.data.gouv.fr/resources/gtfs-du-reseau-des-transports-bus-et-tramway-setram-circulant-sur-le-territoire-le-mans-metropole/20260706-090730/gtfssetramlmm.zip,tdg-79601,lov2,active
FR,CU Limoges Métropole,Nouvelle-Aquitaine Mobilités,https://www.pigma.org/public/opendata/nouvelle_aquitaine_mobilites/publication/ca_limoges_metropole-aggregated-gtfs.zip,tdg-82348,odc-odbl,active
FR,CU Perpignan Méditerranée Métropole,Sankéo,https://eur.mecatran.com/utw/ws/gtfsfeed/static/perpignan?apiKey=612f606b5e3b0a3e6e1f441a2c4a050f6a345b55,tdg-82900,lov2,active
FR,CU Perpignan Méditerranée Métropole,Sankéo,https://static.data.gouv.fr/resources/gtfs-sankeo/20260724-111849/gtfssankeo.zip,tdg-83735,lov2,active
FR,CU Perpignan Méditerranée Métropole,Sankéo,https://static.data.gouv.fr/resources/gtfs-sankeo/20260724-112213/gtfssankeo.zip,tdg-83734,lov2,active
FR,CU d'Arras,Communauté Urbaine d'Arras,https://static.data.gouv.fr/resources/reseau-de-transport-artis/20250829-085009/gtfs-20250828-151217.zip,tdg-83372,lov2,active
FR,CU de Dunkerque,Communauté Urbaine de Dunkerque / Réseau Dk Bus,https://static.data.gouv.fr/resources/offre-de-transports-reseau-dk-bus-de-la-communaute-urbaine-de-dunkerque-gtfs/20260706-085929/gtfs-20260624-110758-dkbus.zip,tdg-82683,odc-odbl,active
FR,CU du Grand Poitiers,Grand Poitiers Open Data,https://data.grandpoitiers.fr/data-fair/api/v1/datasets/offre-de-transport-du-reseau-vitalis/metadata-attachments/gtfs.zip,tdg-83389,lov2,active
FR,CU du Grand Reims,Fluo Grand Est,https://api.grandest2.cityway.fr/exs/GTFS?Key=OPENDATA&OperatorCode=REI,tdg-80594,lov2,active
FR,Cabannes,Région Provence-Alpes-Côte-d'Azur,https://www.data.gouv.fr/api/1/datasets/r/9c8116cb-2f1a-4045-b149-c5bf6cae6bef,tdg-82137,https://www.data.gouv.fr/pages/legal/licences/etalab-2.0,active
FR,Cagnicourt,Région Hauts-de-France,https://www.data.gouv.fr/api/1/datasets/r/deb2e6c8-fc48-4a11-b7d0-180f961fd4dc,tdg-81833,,active
FR,Campagne-lès-Wardrecques,Communauté d'Agglomération du Pays de Saint-Omer,https://www.data.gouv.fr/api/1/datasets/r/a490d239-942a-4206-bed5-cef5a2007bcd,tdg-83987,https://www.data.gouv.fr/pages/legal/licences/etalab-2.0,active
FR,Campan,Zenbus,https://zenbus.net/gtfs/static/download.zip?dataset=bigorre-mongie,tdg-14652,odc-odbl,active
FR,Candé-sur-Beuvron,JVMALIN,https://www.data.gouv.fr/api/1/datasets/r/e6e0228d-9916-4216-bb5f-7d3edf57866c,tdg-83526,https://opendatacommons.org/licenses/odbl/1.0/,active
FR,Cannelle,Régie de transport Communauté de communes Spelunca-Liamone,https://transport.data.gouv.fr/resources/84068/download?token=xdgqKBTAzhw4DSPz6zeGc4c5eW0LhwztcGv4-vpzP4U,tdg-84068,https://www.data.gouv.fr/pages/legal/licences/etalab-2.0,active
FR,Canohès,Sankéo,https://www.data.gouv.fr/api/1/datasets/r/3047f942-98f0-4d4c-92cf-7c5de1fe233c,tdg-82900,https://www.data.gouv.fr/pages/legal/licences/etalab-2.0,active
FR,Cantenay-Épinard,Angers Loire Métropole,https://transport.data.gouv.fr/resources/84018/download?token=xdgqKBTAzhw4DSPz6zeGc4c5eW0LhwztcGv4-vpzP4U,tdg-84018,https://www.data.gouv.fr/pages/legal/licences/etalab-2.0,active
FR,Carolles,Syndicat mixte Atoumod,https://transport.data.gouv.fr/resources/82721/download?token=xdgqKBTAzhw4DSPz6zeGc4c5eW0LhwztcGv4-vpzP4U,tdg-82721,https://www.data.gouv.fr/pages/legal/licences/etalab-2.0,active
FR,Carry-le-Rouet,Métropole d'Aix-Marseille-Provence,https://www.data.gouv.fr/api/1/datasets/r/05c200aa-798d-4660-bae7-3bf77e551c4c,tdg-39596,https://www.data.gouv.fr/pages/legal/licences/etalab-2.0,active
FR,Cassel,Coeur de Flandre Agglo,https://www.data.gouv.fr/api/1/datasets/r/d10fb9b2-1a5a-498c-ba55-e89cf0136ef1,tdg-83202,https://www.data.gouv.fr/pages/legal/licences/etalab-2.0,active
FR,Cassis,Métropole d'Aix-Marseille-Provence,https://www.data.gouv.fr/api/1/datasets/r/2bbfc260-c908-4242-9796-c30cb36511ea,tdg-39595,https://www.data.gouv.fr/pages/legal/licences/etalab-2.0,active
FR,Castagniers,Région Provence-Alpes-Côte-d'Azur,https://www.data.gouv.fr/api/1/datasets/r/1164d75b-4a9f-4c5a-b765-31d861b34fda,tdg-82285,https://www.data.gouv.fr/pages/legal/licences/etalab-2.0,active
FR,Castelnaud-la-Chapelle,Nouvelle-Aquitaine Mobilités,https://www.data.gouv.fr/api/1/datasets/r/f7590323-d782-40ed-a6b2-67e37930f6cd,tdg-82336,https://opendatacommons.org/licenses/odbl/1.0/,active
FR,Castres,CA  de CASTRES - MAZAMET,https://www.data.gouv.fr/api/1/datasets/r/70c9f936-129e-41f4-940a-8e6f272535d1,tdg-79508,https://opendatacommons.org/licenses/odbl/1.0/,active
FR,Catillon-sur-Sambre,Région Hauts-de-France,https://www.data.gouv.fr/api/1/datasets/r/1e2937e3-d495-44bc-aec0-bd5da085e3a4,tdg-81832,,active
FR,Cauffry,Oise Mobilité - Syndicat mixte des transports collectifs de l'Oise,https://www.data.gouv.fr/api/1/datasets/r/2ca2ec9b-666a-4fc8-a348-6e7ec79e59a0,tdg-83922,https://opendatacommons.org/licenses/odbl/1.0/,active
FR,Cavaillon,CA Luberon Monts de Vaucluse,https://www.data.gouv.fr/api/1/datasets/r/a6a32465-7366-47dc-a6fc-96f1d52b09d8,tdg-83394,https://www.data.gouv.fr/pages/legal/licences/etalab-2.0,active
FR,Cavalaire-sur-Mer,Communauté de Communes du Golfe de Saint-Tropez,https://api.pysae.com/api/v4/groups/cavalaire-h/gtfs/pub,tdg-81870,lov2,active
FR,Centre-Val de Loire,JVMALIN,https://fr.ftp.opendatasoft.com/centrevaldeloire/OKINAGTFS/GTFS_AGREGE/JVMALIN.zip,tdg-83521,odc-odbl,active
FR,Centre-Val de Loire,JVMALIN,https://fr.ftp.opendatasoft.com/centrevaldeloire/OKINAGTFS/GTFS_AO/REMI.zip,tdg-83530,odc-odbl,active
FR,Chaligny,Fluo Grand Est,https://transport.data.gouv.fr/resources/80431/download?token=xdgqKBTAzhw4DSPz6zeGc4c5eW0LhwztcGv4-vpzP4U,tdg-80431,https://www.data.gouv.fr/pages/legal/licences/etalab-2.0,active
FR,Chambly,Oise Mobilité - Syndicat mixte des transports collectifs de l'Oise,https://www.data.gouv.fr/api/1/datasets/r/44f6333d-58ab-4e0c-965e-5349d6d1cdcd,tdg-81068,https://www.data.gouv.fr/pages/legal/licences/etalab-2.0,active
FR,Chamonix-Mont-Blanc,Transdev Chamonix,https://www.data.gouv.fr/api/1/datasets/r/83a2f241-a0a4-4901-b77b-8a71572a9f6a,tdg-82663,https://www.data.gouv.fr/pages/legal/licences/etalab-2.0,active
FR,Champvans,Communauté d'Agglomération du Grand Dole,https://transport.data.gouv.fr/resources/81254/download?token=xdgqKBTAzhw4DSPz6zeGc4c5eW0LhwztcGv4-vpzP4U,tdg-81254,https://www.data.gouv.fr/pages/legal/licences/etalab-2.0,active
FR,Chanac-les-Mines,Nouvelle-Aquitaine Mobilités,https://www.data.gouv.fr/api/1/datasets/r/2b76718b-2ab0-4f95-8528-cce4bb6af4fe,tdg-82328,https://opendatacommons.org/licenses/odbl/1.0/,active
FR,Chanteheux,Lulu en Bus (Ex. Lunéo),https://www.data.gouv.fr/api/1/datasets/r/94b9beba-c897-46ca-98a4-a78bf320047a,tdg-83509,https://opendatacommons.org/licenses/odbl/1.0/,active
FR,Chantepie,Région Bretagne,https://www.data.gouv.fr/api/1/datasets/r/69948a62-0bac-4081-8ae0-d71c4d5b751d,tdg-81463,https://opendatacommons.org/licenses/odbl/1.0/,active
FR,Chantilly,Oise Mobilité - Syndicat mixte des transports collectifs de l'Oise,https://www.data.gouv.fr/api/1/datasets/r/0676f78f-66f9-4d37-a67e-0944ac5164e3,tdg-81072,https://www.data.gouv.fr/pages/legal/licences/etalab-2.0,active
FR,Chantilly,Oise Mobilité - Syndicat mixte des transports collectifs de l'Oise,https://www.data.gouv.fr/api/1/datasets/r/1f143621-2afa-4aa8-a958-d5399e709347,tdg-81042,https://www.data.gouv.fr/pages/legal/licences/etalab-2.0,active
FR,Chargé,JVMALIN,https://www.data.gouv.fr/api/1/datasets/r/937d0757-36c0-4f96-95a4-287b58048c2d,tdg-83528,https://opendatacommons.org/licenses/odbl/1.0/,active
FR,Chartres,Filibus - Chartres Métropole Transports,https://www.data.gouv.fr/api/1/datasets/r/8d4c3e5c-1702-4649-b47a-b16c6016dcc6,tdg-80587,https://www.data.gouv.fr/pages/legal/licences/etalab-2.0,active
FR,Chasteaux,Nouvelle-Aquitaine Mobilités,https://www.data.gouv.fr/api/1/datasets/r/87a0b98b-8a5a-4ba7-ad93-5a1fb9924844,tdg-82355,https://opendatacommons.org/licenses/odbl/1.0/,active
FR,Cherbourg-en-Cotentin,Brittany Ferries,https://transport.data.gouv.fr/resources/83427/download?token=xdgqKBTAzhw4DSPz6zeGc4c5eW0LhwztcGv4-vpzP4U,tdg-83427,https://www.data.gouv.fr/pages/legal/licences/etalab-2.0,active
FR,Cherbourg-en-Cotentin,Communauté d'agglomération Le Cotentin,https://www.data.gouv.fr/api/1/datasets/r/2e97c9b3-a59f-42dd-9b9e-a232fa771f21,tdg-79831,https://www.data.gouv.fr/pages/legal/licences/etalab-2.0,active
FR,Chevregny,Région Hauts-de-France,https://www.data.gouv.fr/api/1/datasets/r/4258bcab-8da4-42fe-a811-0135d7476e85,tdg-82170,,active
FR,Chinon,Communauté de Communes Chinon Vienne et Loire,https://static.data.gouv.fr/resources/reseau-cvlmobilite-plan-de-transport-theorique-la-navette-lete-a-chinon-format-gtfs/20260522-144310/lanavette-leteachinon-2026.zip,tdg-83189,lov2,active
FR,Chinon,Communauté de Communes Chinon Vienne et Loire,https://www.data.gouv.fr/api/1/datasets/r/af410692-57e7-44a3-b888-4efccdf77014,tdg-83189,https://www.data.gouv.fr/pages/legal/licences/etalab-2.0,active
FR,Chivy-lès-Étouvelles,Communauté d'Agglomération du Pays de Laon,https://www.data.gouv.fr/api/1/datasets/r/ab24abac-0a10-4695-9d4d-c0df885b1970,tdg-80707,https://www.data.gouv.fr/pages/legal/licences/etalab-2.0,active
FR,Choisy-la-Victoire,Oise Mobilité - Syndicat mixte des transports collectifs de l'Oise,https://www.data.gouv.fr/api/1/datasets/r/c6279e07-8e38-459a-b96a-96e4109d0816,tdg-81649,https://www.data.gouv.fr/pages/legal/licences/etalab-2.0,active
FR,Chomérac,Communauté d'Agglomération Privas Centre Ardèche,https://www.data.gouv.fr/api/1/datasets/r/360ad21a-9f4b-41bc-8bbe-a9299eb0f453,tdg-79274,https://www.data.gouv.fr/pages/legal/licences/etalab-2.0,active
FR,Chorges,Communauté de communes de Serre-Ponçon,https://transport.data.gouv.fr/resources/84030/download?token=xdgqKBTAzhw4DSPz6zeGc4c5eW0LhwztcGv4-vpzP4U,tdg-84030,https://www.data.gouv.fr/pages/legal/licences/etalab-2.0,active
FR,Chuyer,Région Auvergne-Rhône-Alpes,https://www.data.gouv.fr/api/1/datasets/r/d22ab458-e6b4-4334-96dc-18590a3d9e5d,tdg-83114,https://opendatacommons.org/licenses/odbl/1.0/,active
FR,Châlons-en-Champagne,Fluo Grand Est,https://transport.data.gouv.fr/resources/80457/download?token=xdgqKBTAzhw4DSPz6zeGc4c5eW0LhwztcGv4-vpzP4U,tdg-80457,https://www.data.gouv.fr/pages/legal/licences/etalab-2.0,active
FR,Château-sur-Allier,Région Auvergne-Rhône-Alpes,https://www.data.gouv.fr/api/1/datasets/r/edf15063-dbbb-4543-a39d-60a39a418ee3,tdg-38889,https://opendatacommons.org/licenses/odbl/1.0/,active
FR,Châteauneuf-d'Ille-et-Vilaine,Région Bretagne,https://www.data.gouv.fr/api/1/datasets/r/7a438a9a-517b-492c-89b0-2e4d3b72ac00,tdg-81486,https://www.data.gouv.fr/pages/legal/licences/etalab-2.0,active
FR,Châtillon-sur-Cluses,Communauté de Communes des Montagnes du Giffre,https://www.data.gouv.fr/api/1/datasets/r/58b67800-a341-44f8-9a31-864d578b9757,tdg-81549,https://www.data.gouv.fr/pages/legal/licences/etalab-2.0,active
FR,Claira,Sankéo,https://www.data.gouv.fr/api/1/datasets/r/2afffa1f-aa4a-4fe4-9802-4b5f82bb96c6,tdg-83735,https://www.data.gouv.fr/pages/legal/licences/etalab-2.0,active
FR,Clermont Auvergne Métropole,Clermont Auvergne Métropole,https://opendata.clermontmetropole.eu/api/v2/catalog/datasets/gtfs-smtc/alternative_exports/gtfs,tdg-83465,lov2,active
FR,Cliousclat,Montélibus,https://www.data.gouv.fr/api/1/datasets/r/974cede8-3a14-4c7b-b94d-b2655c31932e,tdg-82545,https://www.data.gouv.fr/pages/legal/licences/etalab-2.0,active
FR,Clohars-Fouesnant,Région Bretagne,https://www.data.gouv.fr/api/1/datasets/r/c407501a-ee0d-425d-b954-42927c0eaffa,tdg-81462,https://opendatacommons.org/licenses/odbl/1.0/,active
FR,Cogolin,Communauté de Communes du Golfe de Saint-Tropez,https://api.pysae.com/api/v4/groups/keolis-hH93/gtfs/pub,tdg-81867,lov2,active
FR,Colmar,Fluo Grand Est,https://transport.data.gouv.fr/resources/80479/download?token=xdgqKBTAzhw4DSPz6zeGc4c5eW0LhwztcGv4-vpzP4U,tdg-80479,https://www.data.gouv.fr/pages/legal/licences/etalab-2.0,active
FR,Cornillon-sur-l'Oule,Région Auvergne-Rhône-Alpes,https://www.data.gouv.fr/api/1/datasets/r/fda59af2-0eb3-4a8a-8e59-593f768f836a,tdg-80960,https://opendatacommons.org/licenses/odbl/1.0/,active
FR,Corse,CORSICA LINEA,https://static.data.gouv.fr/resources/programme-des-rotations-corsica-linea/20260821-205003/gtfszipnmvuj4.zip,tdg-83510,lov2,active
FR,Corse,Collectivité de Corse,https://static.data.gouv.fr/resources/gtfs-transport-horaires-chemins-de-fer-corse-1/20260303-151209/chemin-de-fer-de-la-corse.zip,tdg-83882,lov2,active
FR,Corse,Collectivité de Corse,https://static.data.gouv.fr/resources/gtfs-transport-via-strada/20260707-125009/via-strada.zip,tdg-83200,lov2,active
FR,Corse,Corsica Ferries,https://static.data.gouv.fr/resources/programme-des-rotations-corsica-ferries/20251226-152616/gtfs-updated.zip,tdg-81996,lov2,active
FR,Corse-du-Sud,Collectivité de Corse,https://www.data.gouv.fr/api/1/datasets/r/edabe706-150e-4320-a0cc-b68eed217495,tdg-82305,https://www.data.gouv.fr/pages/legal/licences/etalab-2.0,active
FR,Corte,Collectivité de Corse,https://www.data.gouv.fr/api/1/datasets/r/ba2f71b6-23ca-4b51-b319-bd9576933d94,tdg-82998,https://www.data.gouv.fr/pages/legal/licences/etalab-2.0,active
FR,Cosne-Cours-sur-Loire,Communauté de Communes Cœur de Loire,https://transport.data.gouv.fr/resources/83859/download?token=xdgqKBTAzhw4DSPz6zeGc4c5eW0LhwztcGv4-vpzP4U,tdg-83859,https://www.data.gouv.fr/pages/legal/licences/etalab-2.0,active
FR,Courchevel,COMMUNE DE COURCHEVEL,https://static.data.gouv.fr/resources/transport-urbain-par-cable-hiver-2025-26/20251211-092237/rmu-courchevel-20251210.zip,tdg-83744,lov2,active
FR,Courchevel,Transdev Savoie,https://static.data.gouv.fr/resources/skibus-courchevel-hiver/20260703-154441/gtfs-prod-03072026-1051-1.zip,tdg-84102,lov2,active
FR,Coutras,Nouvelle-Aquitaine Mobilités,https://www.data.gouv.fr/api/1/datasets/r/c521df03-4d5c-4b38-afee-ef6c0f43a491,tdg-82359,https://opendatacommons.org/licenses/odbl/1.0/,active
FR,Creissels,Communauté de communes de Millau Grands Causses,https://www.data.gouv.fr/api/1/datasets/r/b1b9a7a6-1baf-4113-a6c3-4c5713764ffd,tdg-83978,https://www.data.gouv.fr/pages/legal/licences/etalab-2.0,active
FR,Crépy-en-Valois,Oise Mobilité - Syndicat mixte des transports collectifs de l'Oise,https://www.data.gouv.fr/api/1/datasets/r/ad0a4757-eb8a-4c06-b459-51442466d5c4,tdg-81058,https://www.data.gouv.fr/pages/legal/licences/etalab-2.0,active
FR,Cucq,COMMUNAUTE D'AGGLOMERATION DES 2 BAIES EN MONTREUILLOIS,https://www.data.gouv.fr/api/1/datasets/r/db348d20-dc9a-48c7-8120-30afa160a921,tdg-83315,https://www.data.gouv.fr/pages/legal/licences/etalab-2.0,active
FR,Dannes,Communauté d'agglomération du Boulonnais,https://www.data.gouv.fr/api/1/datasets/r/579e4f5e-2916-4b95-90b8-f675943d0136,tdg-51449,https://www.data.gouv.fr/pages/legal/licences/etalab-2.0,active
FR,Decazeville,DECAZEVILLE COMMUNAUTE,https://www.data.gouv.fr/api/1/datasets/r/0163a7b9-f4b1-4d9b-9af1-dcc0e583c3b4,tdg-11492,https://www.data.gouv.fr/pages/legal/licences/etalab-2.0,active
FR,Desnes,Région Bourgogne-Franche-Comté,https://www.data.gouv.fr/api/1/datasets/r/4001fba7-6078-4345-8859-f424b787c3a7,tdg-84076,https://www.data.gouv.fr/pages/legal/licences/etalab-2.0,active
FR,Dieppe,Syndicat mixte Atoumod,https://static.data.gouv.fr/resources/transmanche-ferries/20260416-090353/pt-th-offer-transmanche-gtfs-20260401-727-opendata.zip,tdg-83981,lov2,active
FR,Dieppe,Syndicat mixte Atoumod,https://transport.data.gouv.fr/resources/80680/download?token=xdgqKBTAzhw4DSPz6zeGc4c5eW0LhwztcGv4-vpzP4U,tdg-80680,https://www.data.gouv.fr/pages/legal/licences/etalab-2.0,active
FR,Dieppe,Syndicat mixte Atoumod,https://transport.data.gouv.fr/resources/83981/download?token=xdgqKBTAzhw4DSPz6zeGc4c5eW0LhwztcGv4-vpzP4U,tdg-83981,https://www.data.gouv.fr/pages/legal/licences/etalab-2.0,active
FR,Digne-les-Bains,PROVENCE-ALPES-AGGLOMERATION,https://www.data.gouv.fr/api/1/datasets/r/0d9ebca0-d18e-44ad-ab95-d89e8a72d781,tdg-83915,https://www.data.gouv.fr/pages/legal/licences/etalab-2.0,active
FR,Dijon,DiviaMobilités,https://www.data.gouv.fr/api/1/datasets/r/e0dbd217-15cd-4e28-9459-211a27511a34,tdg-80742,https://www.data.gouv.fr/pages/legal/licences/etalab-2.0,active
FR,Dijon Métropole,DiviaMobilités,https://static.data.gouv.fr/resources/gtfs-diviamobilites/20260804-205310/gtfs-diviamobilites-current.zip,tdg-80742,lov2,active
FR,Dombasle-sur-Meurthe,Fluo Grand Est,https://transport.data.gouv.fr/resources/82907/download?token=xdgqKBTAzhw4DSPz6zeGc4c5eW0LhwztcGv4-vpzP4U,tdg-82907,https://www.data.gouv.fr/pages/legal/licences/etalab-2.0,active
FR,Dommartin-lès-Toul,Fluo Grand Est,https://transport.data.gouv.fr/resources/80463/download?token=xdgqKBTAzhw4DSPz6zeGc4c5eW0LhwztcGv4-vpzP4U,tdg-80463,https://www.data.gouv.fr/pages/legal/licences/etalab-2.0,active
FR,Dortan,Oùra,https://transport.data.gouv.fr/resources/84112/download?token=xdgqKBTAzhw4DSPz6zeGc4c5eW0LhwztcGv4-vpzP4U,tdg-84112,https://opendatacommons.org/licenses/odbl/1.0/,active
FR,Douains,Syndicat mixte Atoumod,https://transport.data.gouv.fr/resources/80655/download?token=xdgqKBTAzhw4DSPz6zeGc4c5eW0LhwztcGv4-vpzP4U,tdg-80655,https://www.data.gouv.fr/pages/legal/licences/etalab-2.0,active
FR,Douarnenez,Région Bretagne,https://www.data.gouv.fr/api/1/datasets/r/d30403b4-6ff8-4a37-a661-8220b18e3cc5,tdg-81927,https://opendatacommons.org/licenses/odbl/1.0/,active
FR,Dreux,JVMALIN,https://www.data.gouv.fr/api/1/datasets/r/c654db3d-a710-4ed5-a327-417f812bf9a0,tdg-83529,https://opendatacommons.org/licenses/odbl/1.0/,active
FR,Dumbéa,Syndicat Mixte des Transports Urbains du grand Nouméa,https://www.data.gouv.fr/api/1/datasets/r/696cd51a-1d94-4d3f-9001-8e719c25fe03,tdg-82780,https://opendatacommons.org/licenses/odbl/1.0/,active
FR,Embrun,Communauté de communes de Serre-Ponçon,https://www.data.gouv.fr/api/1/datasets/r/bb9234b1-3837-4765-b630-276dc8bdabea,tdg-83364,https://www.data.gouv.fr/pages/legal/licences/etalab-2.0,active
FR,Estrablin,Région Auvergne-Rhône-Alpes,https://www.data.gouv.fr/api/1/datasets/r/40ee9d6c-3bb9-409e-b670-986212de63f2,tdg-40287,https://opendatacommons.org/licenses/odbl/1.0/,active
FR,Eurométropole de Strasbourg,CTS - Compagnie des Transports Strasbourgeois,https://opendata.cts-strasbourg.eu/google_transit.zip,tdg-79220,lov2,active
FR,Exincourt,évolitY,https://www.data.gouv.fr/api/1/datasets/r/b45aa8d8-4bd4-4528-99c7-acfc980fdb09,tdg-81944,https://opendatacommons.org/licenses/odbl/1.0/,active
FR,Eygliers,Communauté de communes du Guillestrois et du Queyras,https://www.data.gouv.fr/api/1/datasets/r/bf92984d-4441-4cad-9879-b7209acba875,tdg-82604,https://www.data.gouv.fr/pages/legal/licences/etalab-2.0,active
FR,Fareins,Oùra,https://www.data.gouv.fr/api/1/datasets/r/19a7a109-54c0-4a40-ab60-4d5ca43ce823,tdg-79859,https://opendatacommons.org/licenses/odbl/1.0/,active
FR,Figeac,Zenbus,https://www.data.gouv.fr/api/1/datasets/r/ab2d1451-dddd-4814-bc5c-8e219834a3e3,tdg-11725,https://opendatacommons.org/licenses/odbl/1.0/,active
FR,Figeac,Zenbus,https://zenbus.net/gtfs/static/download.zip?dataset=figeac,tdg-11725,odc-odbl,active
FR,Fitz-James,Oise Mobilité - Syndicat mixte des transports collectifs de l'Oise,https://www.data.gouv.fr/api/1/datasets/r/960fa36a-d183-4140-ae64-462d92a06eb8,tdg-81056,https://www.data.gouv.fr/pages/legal/licences/etalab-2.0,active
FR,Fitz-James,Oise Mobilité - Syndicat mixte des transports collectifs de l'Oise,https://www.data.gouv.fr/api/1/datasets/r/ef552f35-b49b-43d5-8bbc-ad95efdc3d95,tdg-81652,https://www.data.gouv.fr/pages/legal/licences/etalab-2.0,active
FR,Flaxlanden,Mulhouse Alsace Agglomération,https://www.data.gouv.fr/api/1/datasets/r/7db50c2d-3fe4-4d3d-9942-57ac37c93a8d,tdg-80492,https://www.data.gouv.fr/pages/legal/licences/etalab-2.0,active
FR,Fleury-les-Aubrais,Orléans Métropole,https://www.data.gouv.fr/api/1/datasets/r/b2dfbaa3-47e9-4749-b6a4-750bebd760e7,tdg-83751,https://www.data.gouv.fr/pages/legal/licences/etalab-2.0,active
FR,Foix,L'agglo Foix-Varilhes,https://www.data.gouv.fr/api/1/datasets/r/8c9dd4f7-f6a2-4760-915e-89e8f9666c5b,tdg-25381,https://www.data.gouv.fr/pages/legal/licences/etalab-2.0,active
FR,Fontenoy,Syndicat intercommunal des Transports Urbains Soissonnais,https://transport.data.gouv.fr/resources/83820/download?token=xdgqKBTAzhw4DSPz6zeGc4c5eW0LhwztcGv4-vpzP4U,tdg-83820,https://www.data.gouv.fr/pages/legal/licences/etalab-2.0,active
FR,Fouesnant,Sailcoop,https://maxime-siret.github.io/gtfs-sailcoop/latest.zip,tdg-83311,lov2,active
FR,Fougères,Région des Pays de la Loire,https://www.data.gouv.fr/api/1/datasets/r/916752e4-5daa-48bd-8bc1-4dd8d64f1d4a,tdg-80721,https://www.data.gouv.fr/pages/legal/licences/etalab-2.0,active
FR,Fraize,Fluo Grand Est,https://transport.data.gouv.fr/resources/80453/download?token=xdgqKBTAzhw4DSPz6zeGc4c5eW0LhwztcGv4-vpzP4U,tdg-80453,https://www.data.gouv.fr/pages/legal/licences/etalab-2.0,active
FR,Franois,GRAND BESANCON METROPOLE,https://www.data.gouv.fr/api/1/datasets/r/e18e0aeb-8805-47fd-bcdb-c226d21c96fe,tdg-80590,https://www.data.gouv.fr/pages/legal/licences/etalab-2.0,active
FR,Fretigney-et-Velloreille,Région Bourgogne-Franche-Comté,https://www.data.gouv.fr/api/1/datasets/r/28d3c8bf-97f7-40ed-be9f-00e737f74757,tdg-83931,https://www.data.gouv.fr/pages/legal/licences/etalab-2.0,active
FR,Fréjus,Estérel Côte d'Azur Agglomération,https://www.data.gouv.fr/api/1/datasets/r/11e73e58-edb0-4fab-a220-61a659cf6423,tdg-82294,https://www.data.gouv.fr/pages/legal/licences/etalab-2.0,active
FR,Fuveau,Métropole d'Aix-Marseille-Provence,https://www.data.gouv.fr/api/1/datasets/r/ab931edc-0bc1-4c66-960a-dc546b46df03,tdg-39601,https://www.data.gouv.fr/pages/legal/licences/etalab-2.0,active
FR,Fécamp,Syndicat mixte Atoumod,https://transport.data.gouv.fr/resources/82311/download?token=xdgqKBTAzhw4DSPz6zeGc4c5eW0LhwztcGv4-vpzP4U,tdg-82311,https://www.data.gouv.fr/pages/legal/licences/etalab-2.0,active
FR,Féternes,Communauté de communes pays d'Evian - vallée d'Abondance,https://www.data.gouv.fr/api/1/datasets/r/429c8587-676a-4ed3-8279-e67403bc36f4,tdg-80973,https://www.data.gouv.fr/pages/legal/licences/etalab-2.0,active
FR,Gaillac,Communauté d'Agglomération Gaillac Graulhet,https://static.data.gouv.fr/resources/reseau-urbain-la-navette-commune-de-gaillac/20250904-131222/gtfs-gaillac.zip,tdg-82583,lov2,active
FR,Galargues,Communauté d'Agglomération Lunel Agglo,https://transport.data.gouv.fr/resources/83852/download?token=xdgqKBTAzhw4DSPz6zeGc4c5eW0LhwztcGv4-vpzP4U,tdg-83852,https://www.data.gouv.fr/pages/legal/licences/etalab-2.0,active
FR,Gap,Communauté d'Agglomération Gap-Tallard-Durance,https://www.data.gouv.fr/api/1/datasets/r/78b7910e-1e31-4f47-b0a8-949647205ffa,tdg-81547,https://www.data.gouv.fr/pages/legal/licences/etalab-2.0,active
FR,Gauchy,PASTEL,https://www.data.gouv.fr/api/1/datasets/r/42e3ea9d-251e-47c1-988d-f7227f0e2d0f,tdg-82704,https://www.data.gouv.fr/pages/legal/licences/etalab-2.0,active
FR,Gentioux-Pigerolles,Nouvelle-Aquitaine Mobilités,https://www.data.gouv.fr/api/1/datasets/r/b3f2f823-fe55-4265-9efe-605d8156dea2,tdg-82330,https://opendatacommons.org/licenses/odbl/1.0/,active
FR,Gex,Pays de Gex Agglo,https://www.data.gouv.fr/api/1/datasets/r/95c73b12-d117-4faf-bb6f-abfe3c95eee1,tdg-81585,https://www.data.gouv.fr/pages/legal/licences/etalab-2.0,active
FR,Gironde,Nouvelle-Aquitaine Mobilités,https://www.pigma.org/public/opendata/nouvelle_aquitaine_mobilites/publication/naq-aggregated-gtfs.zip,mdb-2386,https://transport.data.gouv.fr/datasets/arrets-horaires-et-parcours-theoriques-des-reseaux-nva-mobilite-agreges-1,active
FR,Gisors,Région Hauts-de-France,https://www.data.gouv.fr/api/1/datasets/r/ae3f2c20-ddf9-4469-a953-ebb56e273d3f,tdg-81820,,active
FR,Giverny,Syndicat mixte Atoumod,https://transport.data.gouv.fr/resources/81177/download?token=xdgqKBTAzhw4DSPz6zeGc4c5eW0LhwztcGv4-vpzP4U,tdg-81177,https://www.data.gouv.fr/pages/legal/licences/etalab-2.0,active
FR,Grand Est,Fluo Grand Est,https://transport.data.gouv.fr/resources/83634/download?token=xdgqKBTAzhw4DSPz6zeGc4c5eW0LhwztcGv4-vpzP4U,tdg-83634,https://www.data.gouv.fr/pages/legal/licences/etalab-2.0,active
FR,Grand Est,Fluo Grand Est,https://transport.data.gouv.fr/resources/83635/download?token=xdgqKBTAzhw4DSPz6zeGc4c5eW0LhwztcGv4-vpzP4U,tdg-83635,https://www.data.gouv.fr/pages/legal/licences/etalab-2.0,active
FR,Grand Est,Fluo Grand Est,https://tsi.grandest2.cityway.fr/ftp/opendata/FLUO.gtfs.zip,tdg-83635,lov2,active
FR,Grand Est,Fluo Grand Est,https://tsi.grandest2.cityway.fr/ftp/opendata/REGION_GRANDEST.gtfs.zip,tdg-83634,lov2,active
FR,Grandfresnoy,Région Hauts-de-France,https://www.data.gouv.fr/api/1/datasets/r/67129a71-49d0-467d-b388-4672ab1d5593,tdg-81821,,active
FR,Grasse,Communauté d'agglomération du Pays de Grasse,https://www.data.gouv.fr/api/1/datasets/r/851decd7-714f-45ad-9579-d60c06fad9dd,tdg-79822,https://www.data.gouv.fr/pages/legal/licences/etalab-2.0,active
FR,Grasse,Grasse Sillages Scolaire,https://static.data.gouv.fr/resources/lignes-regulieres-de-transports-en-pays-de-grasse/20210203-152443/20210101-gtfs-sillagesscolaire.zip,mdb-996,,active
FR,Graulhet,Communauté d'Agglomération Gaillac Graulhet,https://static.data.gouv.fr/resources/reseau-urbain-la-navette-commune-de-graulhet/20250904-131627/gtfs-graulhet.zip,tdg-82584,lov2,active
FR,Grenoble,Syndicat Mixte des Mobilités de l'Aire Grenobloise,https://www.data.gouv.fr/api/1/datasets/r/3ec51aee-ce59-4608-b721-faae118ea1d0,tdg-81618,https://opendatacommons.org/licenses/odbl/1.0/,active
FR,Grenoble-Alpes-Métropole,Syndicat Mixte des Mobilités de l'Aire Grenobloise,https://data.mobilites-m.fr/api/gtfs/MCO,tdg-81617,odc-odbl,active
FR,Grimaud,Communauté de Communes du Golfe de Saint-Tropez,https://api.pysae.com/api/v4/groups/suma-22ua/gtfs/pub,tdg-81866,lov2,active
FR,Grâces,Armor Argoat Mobilité • Guingamp-Paimpol Mobilité,https://www.data.gouv.fr/api/1/datasets/r/52057eec-3786-444c-8696-8473c4c6888e,tdg-72361,https://opendatacommons.org/licenses/odbl/1.0/,active
FR,Gréoux-les-Bains,Durance Luberon Verdon Agglomération,https://www.data.gouv.fr/api/1/datasets/r/37f08652-500d-488e-a47f-8c9efc5ae704,tdg-83291,https://www.data.gouv.fr/pages/legal/licences/etalab-2.0,active
FR,Guipavas,Région Bretagne,https://www.data.gouv.fr/api/1/datasets/r/073a6dbc-2bef-4088-afe4-68a29dd4e796,tdg-82872,https://opendatacommons.org/licenses/odbl/1.0/,active
FR,Guéret,Communauté d'agglomération du grand Gueret,https://www.data.gouv.fr/api/1/datasets/r/4b6bb4e3-86de-491c-8a0a-7892a02ccb60,tdg-79483,https://www.data.gouv.fr/pages/legal/licences/etalab-2.0,active
FR,Guînes,Syndicat Intercommunal des Transports urbains de l’Agglomération du Calaisis,https://zenbus.net/gtfs/static/download.zip?dataset=sitac-calais-rt,tdg-83807,lov2,active
FR,Gémenos,Métropole d'Aix-Marseille-Provence,https://www.data.gouv.fr/api/1/datasets/r/d61403a1-7694-4a04-a229-044a43aff5c7,tdg-39594,https://www.data.gouv.fr/pages/legal/licences/etalab-2.0,active
FR,Harmonville,Fluo Grand Est,https://transport.data.gouv.fr/resources/80429/download?token=xdgqKBTAzhw4DSPz6zeGc4c5eW0LhwztcGv4-vpzP4U,tdg-80429,https://www.data.gouv.fr/pages/legal/licences/etalab-2.0,active
FR,Haucourt-Moulaine,Transport du Grand Longwy,https://www.data.gouv.fr/api/1/datasets/r/8a839ea6-21f5-4503-a8e1-05fe0fd2aa8e,tdg-83210,https://www.data.gouv.fr/pages/legal/licences/etalab-2.0,active
FR,Hauts-de-France,Région Hauts-de-France,https://geocatalogue.hautsdefrance.fr/gtfs/HDF_TER_GTFS_J___90_jours.zip,tdg-83620,notspecified,active
FR,Hochstett,Zenbus,https://www.data.gouv.fr/api/1/datasets/r/8df46b2d-1be4-4a84-a227-bc2c61af97ca,tdg-79014,https://opendatacommons.org/licenses/odbl/1.0/,active
FR,Holtzheim,CTS - Compagnie des Transports Strasbourgeois,https://www.data.gouv.fr/api/1/datasets/r/eeea9e52-4f8a-459e-aef5-a093a3b05356,tdg-79220,https://www.data.gouv.fr/pages/legal/licences/etalab-2.0,active
FR,Huez,Zenbus,https://www.data.gouv.fr/api/1/datasets/r/c3fa69f0-f8b1-4324-be67-be72baf80ceb,tdg-78387,https://opendatacommons.org/licenses/odbl/1.0/,active
FR,Huez,Zenbus,https://zenbus.net/gtfs/static/download.zip?dataset=alpe-huez,tdg-78387,odc-odbl,active
FR,Hœdic,Région Bretagne,https://www.data.gouv.fr/api/1/datasets/r/c09012e4-cb57-41da-94c5-013a19c99e14,tdg-81481,https://opendatacommons.org/licenses/odbl/1.0/,active
FR,Indre,Département de Loire-Atlantique,https://www.data.gouv.fr/api/1/datasets/r/b2678aad-0d78-45f8-aa59-f78723ede272,tdg-84024,https://www.data.gouv.fr/pages/legal/licences/etalab-2.0,active
FR,Isle,Nouvelle-Aquitaine Mobilités,https://www.data.gouv.fr/api/1/datasets/r/99e0887d-4855-47f7-a03b-a8235dfc86b7,tdg-82348,https://opendatacommons.org/licenses/odbl/1.0/,active
FR,Issoire,Agglo Pays d'Issoire,https://www.data.gouv.fr/api/1/datasets/r/7d54a219-8fe7-4635-a9fc-cefe5e57462e,tdg-81643,https://www.data.gouv.fr/pages/legal/licences/etalab-2.0,active
FR,Jarrier,COMMUNAUTE DE COMMUNES COEUR DE MAURIENNE ARVAN,https://www.data.gouv.fr/api/1/datasets/r/ff226a89-a0f7-4e6d-af0c-3b34b54306ae,tdg-83258,https://www.data.gouv.fr/pages/legal/licences/etalab-2.0,active
FR,Jolivet,Fluo Grand Est,https://transport.data.gouv.fr/resources/80423/download?token=xdgqKBTAzhw4DSPz6zeGc4c5eW0LhwztcGv4-vpzP4U,tdg-80423,https://www.data.gouv.fr/pages/legal/licences/etalab-2.0,active
FR,Juvignac,Montpellier Méditerranée Métropole,https://www.data.gouv.fr/api/1/datasets/r/350c3f75-226e-4570-960a-dec2144926b6,tdg-81754,https://opendatacommons.org/licenses/odbl/1.0/,active
FR,Jœuf,Fluo Grand Est,https://transport.data.gouv.fr/resources/80445/download?token=xdgqKBTAzhw4DSPz6zeGc4c5eW0LhwztcGv4-vpzP4U,tdg-80445,https://www.data.gouv.fr/pages/legal/licences/etalab-2.0,active
FR,Kermaria-Sulard,Région Bretagne,https://www.data.gouv.fr/api/1/datasets/r/905a57b4-eb87-4c31-86cc-9a86deff09e0,tdg-81770,https://opendatacommons.org/licenses/odbl/1.0/,active
FR,L'Île-d'Yeu,Région des Pays de la Loire,https://www.data.gouv.fr/api/1/datasets/r/b57c66f2-ecaf-4934-a530-753bcb8aad04,tdg-82641,https://www.data.gouv.fr/pages/legal/licences/etalab-2.0,active
FR,La Barben,Métropole d'Aix-Marseille-Provence,https://www.data.gouv.fr/api/1/datasets/r/3fc0ab9d-e7a3-4728-ac2b-be55d927e757,tdg-39592,https://www.data.gouv.fr/pages/legal/licences/etalab-2.0,active
FR,La Bouilladisse,Métropole d'Aix-Marseille-Provence,https://www.data.gouv.fr/api/1/datasets/r/10e025a1-9048-4c19-925a-466b2a79232f,tdg-39602,https://www.data.gouv.fr/pages/legal/licences/etalab-2.0,active
FR,La Bâthie,Oùra,https://transport.data.gouv.fr/resources/84135/download?token=xdgqKBTAzhw4DSPz6zeGc4c5eW0LhwztcGv4-vpzP4U,tdg-84135,https://opendatacommons.org/licenses/odbl/1.0/,active
FR,La Chaize-le-Vicomte,Région des Pays de la Loire,https://www.data.gouv.fr/api/1/datasets/r/c0bd9ff1-97f9-43f8-aca4-8e80d7728324,tdg-79818,https://opendatacommons.org/licenses/odbl/1.0/,active
FR,La Chambre,Région Auvergne-Rhône-Alpes,https://www.data.gouv.fr/api/1/datasets/r/4b74f1b9-fcc0-4e59-bf48-7ed4102e5222,tdg-81244,https://opendatacommons.org/licenses/odbl/1.0/,active
FR,La Chapelle-Bertrand,Nouvelle-Aquitaine Mobilités,https://www.data.gouv.fr/api/1/datasets/r/73b1b1ee-2b81-445f-8930-b95a2b28a81b,tdg-82334,https://opendatacommons.org/licenses/odbl/1.0/,active
FR,La Chapelle-Saint-Aubin,SETRAM,https://www.data.gouv.fr/api/1/datasets/r/5339d96c-6d20-4a01-939a-40f7b56d6cc1,tdg-79601,https://www.data.gouv.fr/pages/legal/licences/etalab-2.0,active
FR,La Ciotat,Métropole d'Aix-Marseille-Provence,https://www.data.gouv.fr/api/1/datasets/r/304e9bce-2f14-417f-a02e-3b3827de8d5f,tdg-80736,https://www.data.gouv.fr/pages/legal/licences/etalab-2.0,active
FR,La Croix-Valmer,Communauté de Communes du Golfe de Saint-Tropez,https://pysae.com/api/v2/groups/croix-valmer/gtfs/pub,tdg-81863,lov2,active
FR,La Ferté-sur-Chiers,Fluo Grand Est,https://transport.data.gouv.fr/resources/80425/download?token=xdgqKBTAzhw4DSPz6zeGc4c5eW0LhwztcGv4-vpzP4U,tdg-80425,https://www.data.gouv.fr/pages/legal/licences/etalab-2.0,active
FR,La Hauteville,Île-de-France Mobilités,https://www.data.gouv.fr/api/1/datasets/r/413988ed-d340-467b-8be2-7b999fcd207a,tdg-80921,https://wiki.lafabriquedesmobilites.fr/wiki/Licence_Mobilit%C3%A9s,active
FR,La Léchère,Zenbus,https://www.data.gouv.fr/api/1/datasets/r/300108a3-f8c1-4bc8-873e-f1243d49716b,tdg-12616,https://opendatacommons.org/licenses/odbl/1.0/,active
FR,La Motte-en-Bauges,Sibra,https://www.data.gouv.fr/api/1/datasets/r/8b12f6db-9aa7-43dc-a179-013998a1c4c0,tdg-80100,https://opendatacommons.org/licenses/odbl/1.0/,active
FR,La Réunion,Région Réunion,https://transport.data.gouv.fr/resources/80934/download?token=xdgqKBTAzhw4DSPz6zeGc4c5eW0LhwztcGv4-vpzP4U,tdg-80934,https://www.data.gouv.fr/pages/legal/licences/etalab-2.0,active
FR,La Selle-Guerchaise,VITRE COMMUNAUTE,https://www.data.gouv.fr/api/1/datasets/r/bf176d3d-c487-40f9-a823-68279395f2ab,tdg-83280,https://www.data.gouv.fr/pages/legal/licences/etalab-2.0,active
FR,Labrousse,Oùra,https://transport.data.gouv.fr/resources/84136/download?token=xdgqKBTAzhw4DSPz6zeGc4c5eW0LhwztcGv4-vpzP4U,tdg-84136,https://opendatacommons.org/licenses/odbl/1.0/,active
FR,Ladoix-Serrigny,Région Bourgogne-Franche-Comté,https://exs.mobigo.cityway.fr/gtfs.aspx?key=OPENDATA&operatorCode=UT21,mdb-659,https://transport.data.gouv.fr/datasets/reseau-de-transport-interurbain-mobigo-en-bourgogne-franche-comte,active
FR,Lamarque,Nouvelle-Aquitaine Mobilités,https://www.data.gouv.fr/api/1/datasets/r/c3f86058-0be8-41f2-aa98-82d3a5625f22,tdg-82382,https://opendatacommons.org/licenses/odbl/1.0/,active
FR,Landerneau,Région Bretagne,https://www.data.gouv.fr/api/1/datasets/r/80fc7c72-e21e-4458-a692-9da58db27566,tdg-81459,https://opendatacommons.org/licenses/odbl/1.0/,active
FR,Landisacq,NEMUS (Réseau de transports de Flers Agglo),https://www.data.gouv.fr/api/1/datasets/r/e833d9ed-201b-4154-aa16-45bc00939571,tdg-82094,https://www.data.gouv.fr/pages/legal/licences/etalab-2.0,active
FR,Laneuveville-devant-Nancy,Fluo Grand Est,https://transport.data.gouv.fr/resources/83710/download?token=xdgqKBTAzhw4DSPz6zeGc4c5eW0LhwztcGv4-vpzP4U,tdg-83710,https://www.data.gouv.fr/pages/legal/licences/etalab-2.0,active
FR,Langon,Nouvelle-Aquitaine Mobilités,https://transport.data.gouv.fr/resources/83853/download?token=xdgqKBTAzhw4DSPz6zeGc4c5eW0LhwztcGv4-vpzP4U,tdg-83853,https://opendatacommons.org/licenses/odbl/1.0/,active
FR,Langres,Fluo Grand Est,https://transport.data.gouv.fr/resources/80403/download?token=xdgqKBTAzhw4DSPz6zeGc4c5eW0LhwztcGv4-vpzP4U,tdg-80403,https://www.data.gouv.fr/pages/legal/licences/etalab-2.0,active
FR,Laplume,Nouvelle-Aquitaine Mobilités,https://www.data.gouv.fr/api/1/datasets/r/bbf7ffef-9706-42e8-a3c8-7113168621d7,tdg-82344,https://opendatacommons.org/licenses/odbl/1.0/,active
FR,Lavaur,SPL D'UN POINT A L'AUTRE,https://www.data.gouv.fr/api/1/datasets/r/9364a3b9-6cc7-4543-a927-b31056d07eac,tdg-84087,https://www.data.gouv.fr/pages/legal/licences/etalab-2.0,active
FR,Lavaur,SPL D'UN POINT A L'AUTRE,https://zenbus.net/gtfs/static/download.zip?dataset=lavaur,tdg-84087,lov2,active
FR,Lavérune,Montpellier Méditerranée Métropole,https://www.data.gouv.fr/api/1/datasets/r/c9d1350c-8f13-4761-b603-ecb12ad10b5b,tdg-83773,https://opendatacommons.org/licenses/odbl/1.0/,active
FR,Le Claux,Région Auvergne-Rhône-Alpes,https://www.data.gouv.fr/api/1/datasets/r/2053f06d-439c-43fe-87fb-528179a8502e,tdg-81245,https://opendatacommons.org/licenses/odbl/1.0/,active
FR,Le Grand-Bornand,ARAVIS Bus,https://www.data.gouv.fr/api/1/datasets/r/ef75d2f7-770c-4644-ad07-fdea7eef99ca,tdg-84055,https://www.data.gouv.fr/pages/legal/licences/etalab-2.0,active
FR,Le Grand-Quevilly,Syndicat mixte Atoumod,https://transport.data.gouv.fr/resources/82308/download?token=xdgqKBTAzhw4DSPz6zeGc4c5eW0LhwztcGv4-vpzP4U,tdg-82308,https://www.data.gouv.fr/pages/legal/licences/etalab-2.0,active
FR,Le Grau-du-Roi,Transp'Or - Pays de l'Or Agglomération,https://www.data.gouv.fr/api/1/datasets/r/cf277982-b61f-4ba0-b47a-5f6df5394d38,tdg-79551,https://www.data.gouv.fr/pages/legal/licences/etalab-2.0,active
FR,Le Luc,Transdev Var,https://www.data.gouv.fr/api/1/datasets/r/5b2dfdce-8ab2-41b2-a318-65f884e3ead2,tdg-82874,https://www.data.gouv.fr/pages/legal/licences/etalab-2.0,active
FR,Le Mont-Saint-Michel,Syndicat mixte Atoumod,https://www.data.gouv.fr/api/1/datasets/r/7e0312ef-a6e0-41ab-a75a-2b782a4b1d6b,tdg-83642,https://www.data.gouv.fr/pages/legal/licences/etalab-2.0,active
FR,Le Montat,Communauté d'Agglomération du Grand Cahors,https://www.data.gouv.fr/api/1/datasets/r/1f768fa6-ee56-44d8-b322-75b946128fd8,tdg-81432,https://opendatacommons.org/licenses/odbl/1.0/,active
FR,Le Pellerin,Département de Loire-Atlantique,https://data.loire-atlantique.fr/api/v2/catalog/datasets/224400028_horaires-bacs-loire-en-loire-atlantique-gtfs/alternative_exports/gtfs_bac_loire2026_zip,tdg-84024,lov2,active
FR,Le Perreux-sur-Marne,Marne Bois Bateau Bus,https://gtfs-rt.infra-hubup.fr/rivercat/current/gtfs,mdb-3470,,active
FR,Le Tholonet,Métropole d'Aix-Marseille-Provence,https://www.data.gouv.fr/api/1/datasets/r/9b44cd04-63b5-46e7-a1f8-d5c1c9151d5a,tdg-39603,https://www.data.gouv.fr/pages/legal/licences/etalab-2.0,active
FR,Le Touvet,Syndicat Mixte des Mobilités de l'Aire Grenobloise,https://www.data.gouv.fr/api/1/datasets/r/91dbf9cb-4ab2-42a3-9f40-0791a53d58d2,tdg-81617,https://opendatacommons.org/licenses/odbl/1.0/,active
FR,Le Valtin,Fluo Grand Est,https://transport.data.gouv.fr/resources/80419/download?token=xdgqKBTAzhw4DSPz6zeGc4c5eW0LhwztcGv4-vpzP4U,tdg-80419,https://www.data.gouv.fr/pages/legal/licences/etalab-2.0,active
FR,Lecci,Collectivité de Corse,https://www.data.gouv.fr/api/1/datasets/r/a84de823-7cb2-4d87-917e-e2dda306d280,tdg-82995,https://www.data.gouv.fr/pages/legal/licences/etalab-2.0,active
FR,Lecelles,Syndicat Intercommunal de Mobilité et d'Organisation Urbaine du Valenciennois,https://www.data.gouv.fr/api/1/datasets/r/982e0826-4118-42d9-9b73-c3d3b455cd4f,tdg-84121,https://www.data.gouv.fr/pages/legal/licences/etalab-2.0,active
FR,Leffrinckoucke,Communauté Urbaine de Dunkerque / Réseau Dk Bus,https://www.data.gouv.fr/api/1/datasets/r/f51fabfb-9d7a-44b7-bd03-d1032337fb80,tdg-82683,https://opendatacommons.org/licenses/odbl/1.0/,active
FR,Les Allues,Transdev Savoie,https://static.data.gouv.fr/resources/meribus-hiver/20260619-102403/gtfs.zip,tdg-82682,lov2,active
FR,Les Allues,Transdev Savoie,https://www.data.gouv.fr/api/1/datasets/r/092c3d95-d415-46c6-a07f-92d6e45453b1,tdg-82682,https://www.data.gouv.fr/pages/legal/licences/etalab-2.0,active
FR,Les Authieux-sur-le-Port-Saint-Ouen,Métropole Rouen Normandie,https://www.data.gouv.fr/api/1/datasets/r/c0ebcf01-954a-4d24-b2d8-a00333ffe937,tdg-64973,https://www.data.gouv.fr/pages/legal/licences/etalab-2.0,active
FR,Les Avanchers-Valmorel,Zenbus,https://zenbus.net/gtfs/static/download.zip?dataset=valmorel,tdg-12616,odc-odbl,active
FR,Les Belleville,Transdev Savoie,https://static.data.gouv.fr/resources/skibus-vallee-des-belleville/20260701-134857/gtfs-prod-28062026-0322-4.zip,tdg-83787,odc-odbl,active
FR,Les Belleville,Transdev Savoie,https://transport.data.gouv.fr/resources/83787/download?token=xdgqKBTAzhw4DSPz6zeGc4c5eW0LhwztcGv4-vpzP4U,tdg-83787,https://opendatacommons.org/licenses/odbl/1.0/,active
FR,Les Clefs,Région Auvergne-Rhône-Alpes,https://www.data.gouv.fr/api/1/datasets/r/71926816-92f8-4620-8b8f-e1804f645e26,tdg-80964,https://opendatacommons.org/licenses/odbl/1.0/,active
FR,Les Deux Alpes,Commune Les Deux Alpes,https://static.data.gouv.fr/resources/gtfs-les-2alpes-saison-hiver-2025-2026/20260427-083045/gtfs-2-alpes-intersaison-jack.zip,tdg-83989,lov2,active
FR,Les Deux Alpes,Commune Les Deux Alpes,https://static.data.gouv.fr/resources/gtfs-les-2alpes-saison-hiver-2025-2026/20260520-064425/gtfs-navette-annuelle-2-alpes.zip,tdg-83813,lov2,active
FR,Les Deux Alpes,Commune Les Deux Alpes,https://static.data.gouv.fr/resources/gtfs-les-2alpes-saison-hiver-2025-2026/20260602-132501/gtfs-navette-annuelle-2-alpes.zip,tdg-83810,lov2,active
FR,Les Ollières-sur-Eyrieux,Communauté d'Agglomération Privas Centre Ardèche,https://www.data.gouv.fr/api/1/datasets/r/5120cc52-6cc0-46b7-83b0-4c5cfd8f920c,tdg-81342,https://www.data.gouv.fr/pages/legal/licences/etalab-2.0,active
FR,Les Sables-d'Olonne,Région des Pays de la Loire,https://www.data.gouv.fr/api/1/datasets/r/d5920d40-ea72-4e22-b506-2ca583950282,tdg-81421,https://opendatacommons.org/licenses/odbl/1.0/,active
FR,Lille,Flibco.com,https://www.data.gouv.fr/api/1/datasets/r/f389ca22-d36e-46f3-9e00-5be700c7139b,tdg-83405,https://www.data.gouv.fr/pages/legal/licences/etalab-2.0,active
FR,Lillebonne,Transdev • Normandie,https://www.data.gouv.fr/api/1/datasets/r/b0687cf2-03f5-4d39-8412-01b3d93e0d2b,tdg-83783,https://opendatacommons.org/licenses/odbl/1.0/,active
FR,Lisieux,Syndicat mixte Atoumod,https://transport.data.gouv.fr/resources/82140/download?token=xdgqKBTAzhw4DSPz6zeGc4c5eW0LhwztcGv4-vpzP4U,tdg-82140,https://www.data.gouv.fr/pages/legal/licences/etalab-2.0,active
FR,Lisle-sur-Tarn,Communauté d'Agglomération Gaillac Graulhet,https://static.data.gouv.fr/resources/reseau-urbain-lislenbus-commune-de-lisle-sur-tarn/20250904-132204/gtfs-lisle.zip,tdg-81535,lov2,active
FR,Loire-Atlantique,Transdev — Pays de la Loire,https://www.data.gouv.fr/fr/datasets/r/b8d1007f-567e-48c4-9c40-bee205f1e688,mdb-898,https://transport.data.gouv.fr/datasets/reseau-urbain-brevibus,active
FR,Loiron-Ruillé,LAVAL Agglomération,https://www.data.gouv.fr/api/1/datasets/r/bd780aef-b3c5-405a-8450-8365a7a0c315,tdg-81018,https://opendatacommons.org/licenses/odbl/1.0/,active
FR,Loisey,Fluo Grand Est,https://transport.data.gouv.fr/resources/80441/download?token=xdgqKBTAzhw4DSPz6zeGc4c5eW0LhwztcGv4-vpzP4U,tdg-80441,https://www.data.gouv.fr/pages/legal/licences/etalab-2.0,active
FR,Longuenesse,Région Hauts-de-France,https://www.data.gouv.fr/api/1/datasets/r/3e744287-1221-47fd-96e0-fa154e79c4f8,tdg-82169,,active
FR,Lons-le-Saunier,Espace Communautaire Lons Agglomération,https://www.data.gouv.fr/api/1/datasets/r/ec61df69-830c-4ca7-9d78-9a81c515e9de,tdg-82415,https://www.data.gouv.fr/pages/legal/licences/etalab-2.0,active
FR,Lourdes,Communauté de Communes Pyrénées Vallées des Gaves,https://static.data.gouv.fr/resources/tad-arrens-marsous-lourdes/20260224-074253/gtfs-ccpvg-2026.zip,tdg-83155,lov2,active
FR,Lunay,Alliance Atlantique,https://www.data.gouv.fr/api/1/datasets/r/c85977b8-7d18-439c-935c-935286503003,tdg-82832,https://www.data.gouv.fr/pages/legal/licences/etalab-2.0,active
FR,Lunel,Métropole d'Aix-Marseille-Provence,https://www.data.gouv.fr/api/1/datasets/r/0d9a808a-9a9b-4fa1-b04f-339bbf2cfeb1,tdg-81969,https://www.data.gouv.fr/pages/legal/licences/etalab-2.0,active
FR,Lège-Cap-Ferret,UNION DES BATELIERS ARCACHONNAIS,https://static.data.gouv.fr/resources/uba-horaires-navettes-maritimes/20260522-125551/uniondes-arcachon-fr-3-.zip,tdg-84043,lov2,active
FR,M'Tsangamouji,Communauté de Communes du Centre-Ouest,https://transport.data.gouv.fr/resources/83891/download?token=xdgqKBTAzhw4DSPz6zeGc4c5eW0LhwztcGv4-vpzP4U,tdg-83891,https://www.data.gouv.fr/pages/legal/licences/etalab-2.0,active
FR,Magland,Communauté de communes Cluses Arve et Montagne,https://www.data.gouv.fr/api/1/datasets/r/0602751c-36aa-445d-88e2-aa4c51c13205,tdg-83578,https://www.data.gouv.fr/pages/legal/licences/etalab-2.0,active
FR,Magné,Nouvelle-Aquitaine Mobilités,https://www.data.gouv.fr/api/1/datasets/r/d724a6df-7dc4-4b2d-be15-fc8b1d52c8ea,tdg-82352,https://opendatacommons.org/licenses/odbl/1.0/,active
FR,Maizières-lès-Metz,Fluo Grand Est,https://transport.data.gouv.fr/resources/83277/download?token=xdgqKBTAzhw4DSPz6zeGc4c5eW0LhwztcGv4-vpzP4U,tdg-83277,https://www.data.gouv.fr/pages/legal/licences/etalab-2.0,active
FR,Malintrat,Keolis RIOM,https://www.data.gouv.fr/api/1/datasets/r/90846819-b970-48db-967b-8eb7d2da3e2c,tdg-82547,https://www.data.gouv.fr/pages/legal/licences/etalab-2.0,active
FR,Malvalette,Saint-Etienne Métropole,https://www.data.gouv.fr/api/1/datasets/r/fc66b270-658c-4678-9794-229a1a8a4938,tdg-81023,https://www.data.gouv.fr/pages/legal/licences/etalab-2.0,active
FR,Mandelieu-la-Napoule,Palmbus,https://www.data.gouv.fr/api/1/datasets/r/47bc8088-6c72-43ad-a959-a5bbdd1aa14f,tdg-79420,https://www.data.gouv.fr/pages/legal/licences/etalab-2.0,active
FR,Marans,Nouvelle-Aquitaine Mobilités,https://transport.data.gouv.fr/resources/83982/download?token=xdgqKBTAzhw4DSPz6zeGc4c5eW0LhwztcGv4-vpzP4U,tdg-83982,https://opendatacommons.org/licenses/odbl/1.0/,active
FR,Marbache,Fluo Grand Est,https://transport.data.gouv.fr/resources/80475/download?token=xdgqKBTAzhw4DSPz6zeGc4c5eW0LhwztcGv4-vpzP4U,tdg-80475,https://www.data.gouv.fr/pages/legal/licences/etalab-2.0,active
FR,Marseille,Métropole d'Aix-Marseille-Provence,https://www.data.gouv.fr/api/1/datasets/r/2316529b-3075-4013-8b85-46777fefd56e,tdg-39599,https://www.data.gouv.fr/pages/legal/licences/etalab-2.0,active
FR,Marseille,Métropole d'Aix-Marseille-Provence,https://www.data.gouv.fr/api/1/datasets/r/7eef6ec9-9ebb-44f2-becb-2efc522522d6,tdg-39589,https://www.data.gouv.fr/pages/legal/licences/etalab-2.0,active
FR,Marseille,Métropole d'Aix-Marseille-Provence,https://www.data.gouv.fr/api/1/datasets/r/cde22673-d7e4-4cbd-837f-3c8bd9fb2f9b,tdg-39598,https://www.data.gouv.fr/pages/legal/licences/etalab-2.0,active
FR,Martignas-sur-Jalle,Nouvelle-Aquitaine Mobilités,https://www.data.gouv.fr/api/1/datasets/r/6fa85772-cc88-43ae-88b9-290e2f9345ff,tdg-81557,https://opendatacommons.org/licenses/odbl/1.0/,active
FR,Martinique,Martinique Transport,https://static.data.gouv.fr/resources/gtfs-du-reseau-maritime-de-martinique/20251218-214039/gtfs-maritime-bluelines.zip,tdg-82139,lov2,active
FR,Martinique,Martinique Transport,https://static.data.gouv.fr/resources/gtfs-du-transport-scolaire-en-martinique/20250905-181503/gtfs-scolaire-mt.zip,tdg-82289,lov2,active
FR,Martinique,Martinique Transport,https://www.data.gouv.fr/api/1/datasets/r/39fc07d6-65b5-49f0-a5f2-d56757a8dd42,tdg-82139,https://www.data.gouv.fr/pages/legal/licences/etalab-2.0,active
FR,Martinique,Martinique Transport,https://www.data.gouv.fr/api/1/datasets/r/c14a1893-58a1-4e7b-830e-bd1f9daa863d,tdg-82289,https://www.data.gouv.fr/pages/legal/licences/etalab-2.0,active
FR,Matignon,Transdev • Bretagne,https://www.data.gouv.fr/api/1/datasets/r/7ec415c9-a963-40fc-8350-7ca77cb824c8,tdg-79545,https://opendatacommons.org/licenses/odbl/1.0/,active
FR,Maurecourt,SNCF,https://www.data.gouv.fr/api/1/datasets/r/1a1eb5ee-6895-4895-a18e-e87827fff0be,tdg-67595,https://opendatacommons.org/licenses/odbl/1.0/,active
FR,Mayenne,Zenbus,https://www.data.gouv.fr/api/1/datasets/r/220e0fb8-fe04-4d99-9fca-cc812eaadfc3,tdg-12608,https://opendatacommons.org/licenses/odbl/1.0/,active
FR,Mazères-Lezons,Pau Béarn Pyrénées Mobilités,https://www.data.gouv.fr/api/1/datasets/r/cf2d4693-a21d-41af-9c92-a5f8847e38cb,tdg-83631,https://www.data.gouv.fr/pages/legal/licences/etalab-2.0,active
FR,Mende,Zenbus,https://www.data.gouv.fr/api/1/datasets/r/2f42baea-fbe1-4b01-bf4a-8232fd83b24e,tdg-8487,https://opendatacommons.org/licenses/odbl/1.0/,active
FR,Merpins,Nouvelle-Aquitaine Mobilités,https://www.data.gouv.fr/api/1/datasets/r/7a0c4ec1-628d-4b72-b180-f0c2e750112f,tdg-82365,https://opendatacommons.org/licenses/odbl/1.0/,active
FR,Messein,Fluo Grand Est,https://transport.data.gouv.fr/resources/82388/download?token=xdgqKBTAzhw4DSPz6zeGc4c5eW0LhwztcGv4-vpzP4U,tdg-82388,https://www.data.gouv.fr/pages/legal/licences/etalab-2.0,active
FR,Messon,Fluo Grand Est,https://transport.data.gouv.fr/resources/80415/download?token=xdgqKBTAzhw4DSPz6zeGc4c5eW0LhwztcGv4-vpzP4U,tdg-80415,https://www.data.gouv.fr/pages/legal/licences/etalab-2.0,active
FR,Milhaud,Tango,https://www.data.gouv.fr/api/1/datasets/r/15aeb8a5-1cca-4bb9-ae5f-b6e67e4ff2ab,tdg-82911,https://www.data.gouv.fr/pages/legal/licences/etalab-2.0,active
FR,Millemont,Île-de-France Mobilités,https://www.data.gouv.fr/api/1/datasets/r/d34a4b53-5d6d-41b5-9cd9-bb738637b7e9,tdg-80931,https://wiki.lafabriquedesmobilites.fr/wiki/Licence_Mobilit%C3%A9s,active
FR,Miramas,Métropole d'Aix-Marseille-Provence,https://www.data.gouv.fr/api/1/datasets/r/e8a86701-6359-45de-bee5-95e648ec04e3,tdg-39591,https://www.data.gouv.fr/pages/legal/licences/etalab-2.0,active
FR,Mirecourt,Fluo Grand Est,https://transport.data.gouv.fr/resources/80461/download?token=xdgqKBTAzhw4DSPz6zeGc4c5eW0LhwztcGv4-vpzP4U,tdg-80461,https://www.data.gouv.fr/pages/legal/licences/etalab-2.0,active
FR,Miribel-les-Échelles,Syndicat Mixte des Mobilités de l'Aire Grenobloise,https://www.data.gouv.fr/api/1/datasets/r/2ee1e02f-da22-4b86-8451-5ef67ae32cdd,tdg-83462,https://opendatacommons.org/licenses/odbl/1.0/,active
FR,Molinons,Région Bourgogne-Franche-Comté,https://www.data.gouv.fr/api/1/datasets/r/5c995d2c-8e79-4e40-b4a6-c0583c647201,tdg-84072,https://www.data.gouv.fr/pages/legal/licences/etalab-2.0,active
FR,Mont-de-Marsan,Nouvelle-Aquitaine Mobilités,https://www.data.gouv.fr/api/1/datasets/r/03ebd538-f9be-4eb5-ab22-2b72a0ea338c,tdg-82377,https://opendatacommons.org/licenses/odbl/1.0/,active
FR,Montauville,Fluo Grand Est,https://transport.data.gouv.fr/resources/80465/download?token=xdgqKBTAzhw4DSPz6zeGc4c5eW0LhwztcGv4-vpzP4U,tdg-80465,https://www.data.gouv.fr/pages/legal/licences/etalab-2.0,active
FR,Montbeton,Société d'économie Mixte des Transports Montalbanais,https://www.data.gouv.fr/api/1/datasets/r/b3f5eb5a-002b-4394-af78-83ba9da1dace,tdg-84120,https://opendatacommons.org/licenses/odbl/1.0/,active
FR,Montgueux,TCAT - Transports en Commun de l'Agglomération Troyenne,https://transport.data.gouv.fr/resources/79847/download?token=xdgqKBTAzhw4DSPz6zeGc4c5eW0LhwztcGv4-vpzP4U,tdg-79847,https://opendatacommons.org/licenses/odbl/1.0/,active
FR,Monthuchon,Syndicat mixte Atoumod,https://transport.data.gouv.fr/resources/82312/download?token=xdgqKBTAzhw4DSPz6zeGc4c5eW0LhwztcGv4-vpzP4U,tdg-82312,https://www.data.gouv.fr/pages/legal/licences/etalab-2.0,active
FR,Montpellier Méditerranée Métropole,Montpellier Méditerranée Métropole,https://data.montpellier3m.fr/GTFS/Suburbain/GTFS.zip,tdg-83773,odc-odbl,active
FR,Montpellier Méditerranée Métropole,Montpellier Méditerranée Métropole,https://data.montpellier3m.fr/GTFS/Urbain/GTFS.zip,tdg-81754,odc-odbl,active
FR,Montvalezan,Communauté de Communes Haute-Tarentaise,https://transport.data.gouv.fr/resources/84133/download?token=xdgqKBTAzhw4DSPz6zeGc4c5eW0LhwztcGv4-vpzP4U,tdg-84133,https://www.data.gouv.fr/pages/legal/licences/etalab-2.0,active
FR,Montégut,Zenbus,https://www.data.gouv.fr/api/1/datasets/r/cf9e898c-9ba6-4820-a51a-93709c07f891,tdg-8119,https://opendatacommons.org/licenses/odbl/1.0/,active
FR,Morlaix,Région Bretagne,https://www.data.gouv.fr/api/1/datasets/r/6866358a-cb32-451b-8a88-067f704cc770,tdg-82291,https://opendatacommons.org/licenses/odbl/1.0/,active
FR,Moulinet,Keolis Menton Riviera,https://www.data.gouv.fr/api/1/datasets/r/72609821-2459-47fb-a63b-3dbbc0d96c92,tdg-79559,https://www.data.gouv.fr/pages/legal/licences/etalab-2.0,active
FR,Mourmelon-le-Grand,Fluo Grand Est,https://transport.data.gouv.fr/resources/80421/download?token=xdgqKBTAzhw4DSPz6zeGc4c5eW0LhwztcGv4-vpzP4U,tdg-80421,https://www.data.gouv.fr/pages/legal/licences/etalab-2.0,active
FR,Moussey,TCAT - Transports en Commun de l'Agglomération Troyenne,https://transport.data.gouv.fr/resources/79747/download?token=xdgqKBTAzhw4DSPz6zeGc4c5eW0LhwztcGv4-vpzP4U,tdg-79747,https://opendatacommons.org/licenses/odbl/1.0/,active
FR,Murol,Région Auvergne-Rhône-Alpes,https://www.data.gouv.fr/api/1/datasets/r/fff9c08f-6172-4c94-b46e-c0144ae0bd10,tdg-38888,https://opendatacommons.org/licenses/odbl/1.0/,active
FR,Mérignac,Zenbus,https://zenbus.net/gtfs/static/download.zip?dataset=bordeaux-navettes-aeroport,tdg-10230,odc-odbl,active
FR,Méru,Oise Mobilité - Syndicat mixte des transports collectifs de l'Oise,https://www.data.gouv.fr/api/1/datasets/r/1364ed96-7246-4344-a04c-34bd06ef2b0c,tdg-81070,https://www.data.gouv.fr/pages/legal/licences/etalab-2.0,active
FR,Méru,Oise Mobilité - Syndicat mixte des transports collectifs de l'Oise,https://www.data.gouv.fr/api/1/datasets/r/daba957b-c833-46ad-9bc1-12f3347ac4d9,tdg-81651,https://www.data.gouv.fr/pages/legal/licences/etalab-2.0,active
FR,Métropole Européenne de Lille,Flibco.com,https://static.data.gouv.fr/resources/flibco-lille-airport-gtfs/20260709-124351/lille-v5.zip,tdg-83405,lov2,active
FR,Métropole Européenne de Lille,Métropole Européenne de Lille ,https://media.ilevia.fr/opendata/gtfs.zip,tdg-81995,lov2,active
FR,Métropole Nice Côte d'Azur,Métropole Nice Côte d'Azur,https://chouette.enroute.mobi/api/v1/datas/OpendataRLA/gtfs.zip,tdg-83178,lov2,active
FR,Métropole Rouen Normandie,Métropole Rouen Normandie,https://api.mrn.cityway.fr/dataflow/offre-tc/download?provider=ASTUCE&dataFormat=gtfs&dataProfil=ASTUCE,tdg-64973,lov2,active
FR,Métropole Toulon-Provence-Méditerranée,Métropole Toulon Provence Méditerranée,https://s3.eu-west-1.amazonaws.com/files.orchestra.ratpdev.com/networks/rd-toulon/exports/gtfs-complet.zip,tdg-79560,lov2,active
FR,Métropole d'Aix-Marseille-Provence,Métropole d'Aix-Marseille-Provence,https://app.mecatran.com/utw/ws/gtfsfeed/static/mamp-aix?apiKey=020c7c326b6c5e750b168064336e344c61213521,tdg-39603,lov2,active
FR,Métropole d'Aix-Marseille-Provence,Métropole d'Aix-Marseille-Provence,https://app.mecatran.com/utw/ws/gtfsfeed/static/mamp-aub?apiKey=5d154e7479302217113b0146044950783f2e7f72,tdg-39598,lov2,active
FR,Métropole d'Aix-Marseille-Provence,Métropole d'Aix-Marseille-Provence,https://app.mecatran.com/utw/ws/gtfsfeed/static/mamp-bde?apiKey=2b7a3b3b084c750566663c2e09726b19171f275c,tdg-39597,lov2,active
FR,Métropole d'Aix-Marseille-Provence,Métropole d'Aix-Marseille-Provence,https://app.mecatran.com/utw/ws/gtfsfeed/static/mamp-c13?apiKey=3675433c4f196f4d3c6b62316e130536196f0336,tdg-39602,lov2,active
FR,Métropole d'Aix-Marseille-Provence,Métropole d'Aix-Marseille-Provence,https://app.mecatran.com/utw/ws/gtfsfeed/static/mamp-cig?apiKey=0262073f524e2f1e1a2f4f254c6b01790b2b2b39,tdg-39594,lov2,active
FR,Métropole d'Aix-Marseille-Provence,Métropole d'Aix-Marseille-Provence,https://app.mecatran.com/utw/ws/gtfsfeed/static/mamp-cio?apiKey=2b37114236244f1e115f6542331d243617772448,tdg-80736,lov2,active
FR,Métropole d'Aix-Marseille-Provence,Métropole d'Aix-Marseille-Provence,https://app.mecatran.com/utw/ws/gtfsfeed/static/mamp-col?apiKey=776d384907333d300f1b0077344506394e09501d,tdg-39593,lov2,active
FR,Métropole d'Aix-Marseille-Provence,Métropole d'Aix-Marseille-Provence,https://app.mecatran.com/utw/ws/gtfsfeed/static/mamp-ctb?apiKey=686525656f2c3228054e6a7c3e38330037076207,tdg-39596,lov2,active
FR,Métropole d'Aix-Marseille-Provence,Métropole d'Aix-Marseille-Provence,https://app.mecatran.com/utw/ws/gtfsfeed/static/mamp-fri?apiKey=0d5075674700466047752b2c591d300a1452601d,tdg-39599,lov2,active
FR,Métropole d'Aix-Marseille-Provence,Métropole d'Aix-Marseille-Provence,https://app.mecatran.com/utw/ws/gtfsfeed/static/mamp-lib?apiKey=14276f6a093c2c53370b48001f75646f2b2c3969,tdg-39592,lov2,active
FR,Métropole d'Aix-Marseille-Provence,Métropole d'Aix-Marseille-Provence,https://app.mecatran.com/utw/ws/gtfsfeed/static/mamp-mrc?apiKey=70560f77767d05157479657b597a6544026b4b75,tdg-39595,lov2,active
FR,Métropole d'Aix-Marseille-Provence,Métropole d'Aix-Marseille-Provence,https://app.mecatran.com/utw/ws/gtfsfeed/static/mamp-rtm?apiKey=16421b08630a7d065c6d250051780f484b673659,tdg-39589,lov2,active
FR,Métropole d'Aix-Marseille-Provence,Métropole d'Aix-Marseille-Provence,https://app.mecatran.com/utw/ws/gtfsfeed/static/mamp-uly?apiKey=0940631b6473164b4a1c136a2828324e6f3f3c08,tdg-39591,lov2,active
FR,Métropole d'Aix-Marseille-Provence,Métropole d'Aix-Marseille-Provence,https://app.mecatran.com/utw/ws/gtfsfeed/static/mamp?apiKey=60327e505a214c77303f52206f11483069257343,tdg-81969,lov2,active
FR,Métropole de Lyon,SYTRAL Mobilités,https://gtech-transit-prod.apigee.net/v1/google/gtfs/odbl/lyon_tcl.zip?apikey=BasyG6OFZXgXnzWdQLTwJFGcGmeOs204&secret=gNo6F5PhQpsGRBCK,tdg-81943,mobility-licence,active
FR,Métropole du Grand Nancy,Fluo Grand Est,https://api.grandest2.cityway.fr/exs/GTFS?Key=OPENDATA&OperatorCode=LESUB,tdg-80431,lov2,active
FR,Métropole du Grand Nancy,Fluo Grand Est,https://api.grandest2.cityway.fr/exs/GTFS?Key=OPENDATA&OperatorCode=STAN,tdg-83710,lov2,active
FR,Mézos,Nouvelle-Aquitaine Mobilités,https://www.data.gouv.fr/api/1/datasets/r/476fec18-c51f-41e6-9d15-0030174389c3,tdg-82342,https://opendatacommons.org/licenses/odbl/1.0/,active
FR,Nancy,Communauté urbaine du Grand Nancy,https://www.data.gouv.fr/fr/datasets/r/e7e78cd7-e186-4923-a272-9713fbc28b45,mdb-1112,,active
FR,Nantes,Nantes Métropole,https://www.data.gouv.fr/api/1/datasets/r/65bdd7e4-a8e7-4a54-893a-808e71c34d68,tdg-84101,https://www.data.gouv.fr/pages/legal/licences/etalab-2.0,active
FR,Nantes Métropole,Ecov,https://storage.googleapis.com/ecov-gtfs/nantes/gtfs_nantes.zip,tdg-84096,lov2,active
FR,Nantes Métropole,Nantes Métropole,https://data.nantesmetropole.fr/explore/dataset/244400404_transports_commun_naolib_nantes_metropole_gtfs/files/0cc0469a72de54ee045cb66d1a21de9e/download/,tdg-84101,lov2,active
FR,Neufchâteau,Communauté de Communes de l'Ouest Vosgien,https://www.data.gouv.fr/api/1/datasets/r/e25586ac-9c14-4872-b00e-e66cd23d4413,tdg-79814,https://www.data.gouv.fr/pages/legal/licences/etalab-2.0,active
FR,Nexon,Nouvelle-Aquitaine Mobilités,https://www.data.gouv.fr/api/1/datasets/r/8d1cc7f8-2b29-4844-b98c-4a5b35075d57,tdg-82340,https://opendatacommons.org/licenses/odbl/1.0/,active
FR,Neyron,SYTRAL Mobilités,https://www.data.gouv.fr/api/1/datasets/r/abebedc6-28cf-4e2e-9c64-db57a40156f8,tdg-81943,https://wiki.lafabriquedesmobilites.fr/wiki/Licence_Mobilit%C3%A9s,active
FR,Nielles-lès-Calais,Syndicat Intercommunal des Transports urbains de l’Agglomération du Calaisis,https://www.data.gouv.fr/api/1/datasets/r/5dcdb39b-aee3-4a0f-a9a9-be225f5a8b78,tdg-83807,https://www.data.gouv.fr/pages/legal/licences/etalab-2.0,active
FR,Nogent-le-Rotrou,Transdev • Centre-Val de Loire,https://static.data.gouv.fr/resources/reseau-urbain-nosbus/20260720-151436/gtfs-nosbus-20260720-85-a-bord-hors-bord.zip,tdg-79576,odc-odbl,active
FR,Nogent-le-Rotrou,Transdev • Centre-Val de Loire,https://www.data.gouv.fr/api/1/datasets/r/5f1dfae0-7972-4caa-8a5d-e2d90a285585,tdg-79576,https://opendatacommons.org/licenses/odbl/1.0/,active
FR,Noirmoutier-en-l'Île,Alliance Atlantique,https://www.data.gouv.fr/api/1/datasets/r/ce6d5603-41cf-4fed-b93f-ed95859003b5,tdg-81924,https://www.data.gouv.fr/pages/legal/licences/etalab-2.0,active
FR,Noisy-le-Sec,Zenbus,https://www.data.gouv.fr/api/1/datasets/r/ed7049d4-4063-457c-ab65-4a26c640e0a1,tdg-8201,https://opendatacommons.org/licenses/odbl/1.0/,active
FR,Normandie,Syndicat mixte Atoumod,https://static.data.gouv.fr/resources/base-de-donnees-multimodale-des-reseaux-de-transport-public-normands/20260820-123441/pt-th-offer-atoumod-gtfs-20260820-817-opendata.zip,tdg-81942,lov2,active
FR,Normandie,Syndicat mixte Atoumod,https://static.data.gouv.fr/resources/nomad-car-region-normandie/20260820-122844/pt-th-offer-nomad-gtfs-20260820-816-opendata-1-.zip,tdg-82317,lov2,active
FR,Normandie,Syndicat mixte Atoumod,https://transport.data.gouv.fr/resources/81942/download?token=xdgqKBTAzhw4DSPz6zeGc4c5eW0LhwztcGv4-vpzP4U,tdg-81942,https://www.data.gouv.fr/pages/legal/licences/etalab-2.0,active
FR,Normandie,Syndicat mixte Atoumod,https://transport.data.gouv.fr/resources/82317/download?token=xdgqKBTAzhw4DSPz6zeGc4c5eW0LhwztcGv4-vpzP4U,tdg-82317,https://www.data.gouv.fr/pages/legal/licences/etalab-2.0,active
FR,Nouvelle-Aquitaine,Nouvelle-Aquitaine Mobilités,https://www.data.gouv.fr/api/1/datasets/r/e09ee736-ae5e-48c8-ac13-3839e3f2f74a,tdg-82321,https://opendatacommons.org/licenses/odbl/1.0/,active
FR,Noyal-Pontivy,Transdev • Bretagne,https://www.data.gouv.fr/api/1/datasets/r/57c8ace6-014d-40cd-b2b5-a9c630f87123,tdg-81179,https://opendatacommons.org/licenses/odbl/1.0/,active
FR,Noyelles-lès-Seclin,Métropole Européenne de Lille,https://www.data.gouv.fr/api/1/datasets/r/c9e5dd3f-8eed-4ad7-aec2-915240599cf6,tdg-81995,https://www.data.gouv.fr/pages/legal/licences/etalab-2.0,active
FR,Noyon,Oise Mobilité - Syndicat mixte des transports collectifs de l'Oise,https://www.data.gouv.fr/api/1/datasets/r/3074dfb5-2209-44b4-891a-a86694ecaeec,tdg-81054,https://www.data.gouv.fr/pages/legal/licences/etalab-2.0,active
FR,Nully,Fluo Grand Est,https://transport.data.gouv.fr/resources/81989/download?token=xdgqKBTAzhw4DSPz6zeGc4c5eW0LhwztcGv4-vpzP4U,tdg-81989,https://www.data.gouv.fr/pages/legal/licences/etalab-2.0,active
FR,Obernai,Fluo Grand Est,https://transport.data.gouv.fr/resources/80439/download?token=xdgqKBTAzhw4DSPz6zeGc4c5eW0LhwztcGv4-vpzP4U,tdg-80439,https://www.data.gouv.fr/pages/legal/licences/etalab-2.0,active
FR,Occitanie,Région Occitanie / Pyrénées Méditerranée,https://www.data.gouv.fr/api/1/datasets/r/d747fe79-2915-4cdd-8cc5-51a810baaca5,tdg-81026,https://opendatacommons.org/licenses/odbl/1.0/,active
FR,Ogy-Montoy-Flanville,Eurométropole de Metz,https://www.data.gouv.fr/api/1/datasets/r/92af6161-1b1a-4e0b-8f60-d97f213d993a,tdg-80725,https://www.data.gouv.fr/pages/legal/licences/etalab-2.0,active
FR,Oloron-Sainte-Marie,Zenbus,https://www.data.gouv.fr/api/1/datasets/r/10bb8fff-521d-4b27-a85e-79ae704f1ccc,tdg-34265,https://opendatacommons.org/licenses/odbl/1.0/,active
FR,Oloron-Sainte-Marie,Zenbus,https://zenbus.net/gtfs/static/download.zip?dataset=oloron,tdg-34265,odc-odbl,active
FR,Onet-le-Château,Open Data Rodez Agglomération,https://www.data.gouv.fr/api/1/datasets/r/f17028a4-61ff-4b84-8856-f7c8937a2c28,tdg-81175,https://www.data.gouv.fr/pages/legal/licences/etalab-2.0,active
FR,Oraison,Durance Luberon Verdon Agglomération,https://www.data.gouv.fr/api/1/datasets/r/117daa0d-0708-43aa-a562-7d5b3d6570b0,tdg-83789,https://www.data.gouv.fr/pages/legal/licences/etalab-2.0,active
FR,Orléans Métropole,Orléans Métropole,https://chouette.enroute.mobi/api/v1/datas/keolis_orleans/gtfs.zip,tdg-83751,lov2,active
FR,Orléans Métropole,Orléans Métropole,https://data.orleans-metropole.fr/api/explore/v2.1/catalog/datasets/om-mobilite-tao-tad-gtfsflex/alternative_exports/gtfs_flex_tao_012026_062026_zip/,tdg-81413,fr-lo,active
FR,Orléans Métropole,Orléans Métropole,https://data.orleans-metropole.fr/api/v2/catalog/datasets/om-mobilite-tao-tad-gtfsflex/alternative_exports/gtfs_flex_tao_012026_062026_zip,tdg-83784,fr-lo,active
FR,Ormoy-le-Davien,Région Hauts-de-France,https://www.data.gouv.fr/api/1/datasets/r/5338146c-d7d5-44fe-aa17-df21e170b7d5,tdg-81823,,active
FR,Ornans,Région Bourgogne-Franche-Comté,https://www.data.gouv.fr/api/1/datasets/r/a5f952a8-e0d1-439d-9881-b98fb6c202bb,tdg-84077,https://www.data.gouv.fr/pages/legal/licences/etalab-2.0,active
FR,Oudalle,Réseau de transport en commun Le Havre Seine Métropole LiA,https://www.data.gouv.fr/api/1/datasets/r/2178bfa8-9fe0-4633-8223-8c151728ef28,tdg-84037,https://opendatacommons.org/licenses/odbl/1.0/,active
FR,Ouveillan,Le Grand Narbonne Communauté d'Agglomération,https://www.data.gouv.fr/api/1/datasets/r/21ca2b77-505b-4c4c-9154-a044e61b8560,tdg-82661,https://www.data.gouv.fr/pages/legal/licences/etalab-2.0,active
FR,Oz,"Loopi, Mobilité Touristique",https://static.data.gouv.fr/resources/telecabine-eau-dolle-express-allemond-oz/20260609-173342/telecabine-eau-dolle-express-allemondoz202620260609.zip,tdg-83994,lov2,active
FR,Oz,"Loopi, Mobilité Touristique",https://www.data.gouv.fr/api/1/datasets/r/179d2464-f007-4005-976e-a7fd98eabcfe,tdg-83994,https://www.data.gouv.fr/pages/legal/licences/etalab-2.0,active
FR,Parthenay,Alliance Atlantique,https://api.pysae.com/api/v4/groups/parthenay/gtfs/6a742fe0fc2ef8d7d2bf4912,tdg-82619,lov2,active
FR,Parthenay,Alliance Atlantique,https://www.data.gouv.fr/api/1/datasets/r/95654461-59d1-4a33-8830-f90d55e8a217,tdg-82619,https://www.data.gouv.fr/pages/legal/licences/etalab-2.0,active
FR,Paule,Région Bretagne,https://www.data.gouv.fr/api/1/datasets/r/1b9a895a-1843-4620-bcd4-3bbd08c396c0,tdg-81464,https://opendatacommons.org/licenses/odbl/1.0/,active
FR,Pays de la Loire,Région des Pays de la Loire,https://mobi-iti-pdl.okina.fr/static/mobiiti_technique/gtfs_global.zip,tdg-79818,odc-odbl,active
FR,Païta,Syndicat Mixte des Transports Urbains du grand Nouméa,https://api.taneo.nc/v1/gtfs/download,tdg-84147,odc-odbl,active
FR,Peschadoires,Oùra,https://transport.data.gouv.fr/resources/84032/download?token=xdgqKBTAzhw4DSPz6zeGc4c5eW0LhwztcGv4-vpzP4U,tdg-84032,https://opendatacommons.org/licenses/odbl/1.0/,active
FR,Pierry,Fluo Grand Est,https://transport.data.gouv.fr/resources/80443/download?token=xdgqKBTAzhw4DSPz6zeGc4c5eW0LhwztcGv4-vpzP4U,tdg-80443,https://www.data.gouv.fr/pages/legal/licences/etalab-2.0,active
FR,Pietralba,Collectivité de Corse,https://www.data.gouv.fr/api/1/datasets/r/f88c086a-4fe1-4af1-a027-f809d4422b65,tdg-82997,https://www.data.gouv.fr/pages/legal/licences/etalab-2.0,active
FR,Plerguer,Transdev SMA Mobilités • MAT,https://www.data.gouv.fr/api/1/datasets/r/3bd31fbe-93f4-432d-ade7-ee8d69897880,tdg-82555,https://www.data.gouv.fr/pages/legal/licences/etalab-2.0,active
FR,Ploubazlanec,Région Bretagne,https://www.data.gouv.fr/api/1/datasets/r/9ef537b6-fbeb-468f-9d6d-47c1d0d98504,tdg-81479,https://opendatacommons.org/licenses/odbl/1.0/,active
FR,Plurien,Transdev • Bretagne,https://www.data.gouv.fr/api/1/datasets/r/148bf3a3-792f-44e2-9757-e0cc0d83afae,tdg-79528,https://opendatacommons.org/licenses/odbl/1.0/,active
FR,Poitiers,Grand Poitiers Open Data,https://www.data.gouv.fr/api/1/datasets/r/82146378-f019-4048-aa16-7328081b0369,tdg-83389,https://www.data.gouv.fr/pages/legal/licences/etalab-2.0,active
FR,Ponches-Estruval,Région Hauts-de-France,https://www.data.gouv.fr/api/1/datasets/r/8628947a-a940-40b2-85db-f598321123de,tdg-84110,,active
FR,Pont-Audemer,Syndicat mixte Atoumod,https://transport.data.gouv.fr/resources/82310/download?token=xdgqKBTAzhw4DSPz6zeGc4c5eW0LhwztcGv4-vpzP4U,tdg-82310,https://www.data.gouv.fr/pages/legal/licences/etalab-2.0,active
FR,Pont-Sainte-Maxence,Oise Mobilité - Syndicat mixte des transports collectifs de l'Oise,https://www.data.gouv.fr/api/1/datasets/r/6fdd303a-7b76-4742-b877-d0923c59505b,tdg-81034,https://www.data.gouv.fr/pages/legal/licences/etalab-2.0,active
FR,Pontchâteau,Saint-Nazaire agglo - La CARENE,https://www.data.gouv.fr/api/1/datasets/r/a1867718-7921-42a6-b672-c53b8c583aa3,tdg-83881,https://www.data.gouv.fr/pages/legal/licences/etalab-2.0,active
FR,Pontorson,Syndicat mixte Atoumod,https://static.data.gouv.fr/resources/navette-pontorson-le-mont-saint-michel/20260429-145022/pt-th-offer-navettestmichel-gtfs-20260429-683-opendata.zip,tdg-83642,lov2,active
FR,Portiragnes,Communauté d'Agglomération Hérault Méditerranée,https://www.data.gouv.fr/api/1/datasets/r/8ce8ad14-836e-427d-bb43-a6ce0ab5ecda,tdg-64163,https://www.data.gouv.fr/pages/legal/licences/etalab-2.0,active
FR,Porto-Vecchio,Communauté de Communes du Sud Corse,https://www.data.gouv.fr/api/1/datasets/r/74f0577f-f709-49db-9750-53c9341f6e50,tdg-81252,https://www.data.gouv.fr/pages/legal/licences/etalab-2.0,active
FR,Pougny,Région Auvergne-Rhône-Alpes,https://www.data.gouv.fr/api/1/datasets/r/723f0cc2-476a-464c-a40e-bf8686f7bd8d,tdg-83113,https://opendatacommons.org/licenses/odbl/1.0/,active
FR,Puligny-Montrachet,Communauté d'Agglomération Beaune Côte et Sud,https://www.data.gouv.fr/api/1/datasets/r/c00d487c-4766-4ca1-b736-e7de110331d9,tdg-82660,https://www.data.gouv.fr/pages/legal/licences/etalab-2.0,active
FR,Quenza,Collectivité de Corse,https://www.data.gouv.fr/api/1/datasets/r/fe20cb23-34b8-4965-acf7-1b28bf966891,tdg-83200,https://www.data.gouv.fr/pages/legal/licences/etalab-2.0,active
FR,Quéménéven,Quimper Bretagne Occidentale,https://www.data.gouv.fr/api/1/datasets/r/95530333-7002-401d-9d64-2829496d1c36,tdg-83408,https://opendatacommons.org/licenses/odbl/1.0/,active
FR,Ramatuelle,Communauté de Communes du Golfe de Saint-Tropez,https://api.pysae.com/api/v4/groups/keolis-yr25/gtfs/pub,tdg-81772,lov2,active
FR,Rayol-Canadel-sur-Mer,Communauté de Communes du Golfe de Saint-Tropez,https://pysae.com/api/v2/groups/rayol-canadel/gtfs/pub,tdg-81858,lov2,active
FR,Remy,Oise Mobilité - Syndicat mixte des transports collectifs de l'Oise,https://www.data.gouv.fr/api/1/datasets/r/b892a9c7-eda3-4d95-a70b-89b2391e81b0,tdg-81519,https://www.data.gouv.fr/pages/legal/licences/etalab-2.0,active
FR,Rennes,STAR,https://www.data.gouv.fr/api/1/datasets/r/0644f537-575e-4cce-9570-06165d6f3b27,tdg-83281,https://opendatacommons.org/licenses/odbl/1.0/,active
FR,Rennes,STAR,https://www.data.gouv.fr/api/1/datasets/r/ef4779c4-d066-40d8-b8d9-fb8c7eea8820,tdg-83282,https://opendatacommons.org/licenses/odbl/1.0/,active
FR,Rennes Métropole,STAR,https://eu.ftp.opendatasoft.com/star/gtfs/GTFS_STAR_BUS_METRO_A_VENIR.zip,tdg-83282,odc-odbl,active
FR,Rennes Métropole,STAR,https://eu.ftp.opendatasoft.com/star/gtfs/GTFS_STAR_BUS_METRO_EN_COURS.zip,tdg-83281,odc-odbl,active
FR,Rieux,REDON Agglomération,https://transport.data.gouv.fr/resources/83512/download?token=xdgqKBTAzhw4DSPz6zeGc4c5eW0LhwztcGv4-vpzP4U,tdg-83512,https://www.data.gouv.fr/pages/legal/licences/etalab-2.0,active
FR,Rillieux-la-Pape,Oùra,https://www.data.gouv.fr/api/1/datasets/r/dbd0bd0e-933a-4a21-8772-efdf41778e64,tdg-79810,https://opendatacommons.org/licenses/odbl/1.0/,active
FR,Roche,Communauté d'agglomération Porte de l'Isère,https://www.data.gouv.fr/api/1/datasets/r/34d2cc17-3eb5-4581-917b-a8c06a112e61,tdg-52937,https://opendatacommons.org/licenses/odbl/1.0/,active
FR,Roches-Prémarie-Andillé,Nouvelle-Aquitaine Mobilités,https://www.data.gouv.fr/api/1/datasets/r/a70fab11-9ac9-481e-91c8-925e805741ba,tdg-82332,https://opendatacommons.org/licenses/odbl/1.0/,active
FR,Roiffieux,CA ANNONAY RHONE AGGLO,https://www.data.gouv.fr/api/1/datasets/r/3bfed862-eba7-4480-9fd5-609b90f8a282,tdg-83716,https://www.data.gouv.fr/pages/legal/licences/etalab-2.0,active
FR,Roquefort,Tempo Bus,https://www.data.gouv.fr/api/1/datasets/r/a17ab630-01bf-44ad-b99c-1e48db8eb78e,tdg-81220,https://www.data.gouv.fr/pages/legal/licences/etalab-2.0,active
FR,Région Sud — Provence-Alpes-Côte d’Azur,Région Provence-Alpes-Côte-d'Azur,https://proxy-data.zou.maregionsud.fr/GTFS/GTFS_SIBR_zou_ferre_datasud.zip,tdg-83990,lov2,active
FR,Région Sud — Provence-Alpes-Côte d’Azur,Région Provence-Alpes-Côte-d'Azur,https://www.datasud.fr/fr/dataset/datasets/3743/resource/5153/download/,tdg-82285,lov2,active
FR,Région Sud — Provence-Alpes-Côte d’Azur,Région Provence-Alpes-Côte-d'Azur,https://www.datasud.fr/fr/dataset/datasets/3745/resource/5016/download/,tdg-82137,lov2,active
FR,Région Sud — Provence-Alpes-Côte d’Azur,Région Provence-Alpes-Côte-d'Azur,https://www.datasud.fr/fr/dataset/datasets/3746/resource/5015/download/,tdg-82136,lov2,active
FR,Région Sud — Provence-Alpes-Côte d’Azur,Transdev Rail Sud Intermétropole,https://www.data.gouv.fr/fr/datasets/r/30782be6-90aa-40bb-940a-cb881a95ad26,tdg-83448,lov2,active
FR,Sablé-sur-Sarthe,Transdev • Pays de la Loire,https://www.data.gouv.fr/api/1/datasets/r/2fc8108a-5b91-455a-8d10-1c938d360a9f,tdg-79537,https://opendatacommons.org/licenses/odbl/1.0/,active
FR,Saint-Aubin-de-Médoc,Nouvelle-Aquitaine Mobilités,https://www.data.gouv.fr/api/1/datasets/r/ba4be162-cc7f-4c7c-9d96-376a225e9045,tdg-82338,https://opendatacommons.org/licenses/odbl/1.0/,active
FR,Saint-Aubin-lès-Elbeuf,Syndicat mixte Atoumod,https://transport.data.gouv.fr/resources/81338/download?token=xdgqKBTAzhw4DSPz6zeGc4c5eW0LhwztcGv4-vpzP4U,tdg-81338,https://www.data.gouv.fr/pages/legal/licences/etalab-2.0,active
FR,Saint-Aunès,Transp'Or - Pays de l'Or Agglomération,https://www.data.gouv.fr/api/1/datasets/r/84a0902b-ed56-4a09-8eb7-bb58601ba084,tdg-84099,https://www.data.gouv.fr/pages/legal/licences/etalab-2.0,active
FR,Saint-Avold,Fluo Grand Est,https://transport.data.gouv.fr/resources/82413/download?token=xdgqKBTAzhw4DSPz6zeGc4c5eW0LhwztcGv4-vpzP4U,tdg-82413,https://www.data.gouv.fr/pages/legal/licences/etalab-2.0,active
FR,Saint-Baldoph,Grand Chambéry,https://www.data.gouv.fr/api/1/datasets/r/a81cdf4b-5a70-43c9-8803-cef0430ed170,tdg-82272,https://opendatacommons.org/licenses/odbl/1.0/,active
FR,Saint-Brevin-les-Pins,Transdev • Pays de la Loire,https://www.data.gouv.fr/api/1/datasets/r/b8d1007f-567e-48c4-9c40-bee205f1e688,tdg-79151,https://opendatacommons.org/licenses/odbl/1.0/,active
FR,Saint-Brieuc,Saint-Brieuc Armor Agglomération,https://www.data.gouv.fr/api/1/datasets/r/9bccfc79-5d35-4fc3-8296-526b791fc950,tdg-67655,https://opendatacommons.org/licenses/odbl/1.0/,active
FR,Saint-Crépin,Région Provence-Alpes-Côte-d'Azur,https://www.data.gouv.fr/api/1/datasets/r/6471d334-17df-4308-bae0-5736c24a2e6a,tdg-82136,https://www.data.gouv.fr/pages/legal/licences/etalab-2.0,active
FR,Saint-Cyr-sur-Mer,Agglomération Sud Sainte Baume,https://www.data.gouv.fr/api/1/datasets/r/050ef913-901c-49b7-babe-ef648e14314d,tdg-83893,https://www.data.gouv.fr/pages/legal/licences/etalab-2.0,active
FR,Saint-Didier-sous-Aubenas,Tout'enbus,https://www.data.gouv.fr/api/1/datasets/r/e91ff63e-2c15-4c86-8e69-499ceec7bd97,tdg-81255,https://www.data.gouv.fr/pages/legal/licences/etalab-2.0,active
FR,Saint-Dizier,Fluo Grand Est,https://transport.data.gouv.fr/resources/80477/download?token=xdgqKBTAzhw4DSPz6zeGc4c5eW0LhwztcGv4-vpzP4U,tdg-80477,https://www.data.gouv.fr/pages/legal/licences/etalab-2.0,active
FR,Saint-Dézéry,Syndicat Mixte du Bassin d'Alès - Réseau Ales'Y,https://static.data.gouv.fr/resources/horaires-theoriques-des-lignes-urbaines-et-interurbaines-sur-le-reseau-alesy-gtfs/20260820-074108/gtfs-is-20260824.zip,tdg-75062,odc-odbl,active
FR,Saint-Florent-sur-Cher,JVMALIN,https://fr.ftp.opendatasoft.com/centrevaldeloire/OKINAGTFS/GTFS_AO/BOURGES-GTFS.zip,tdg-83519,odc-odbl,active
FR,Saint-Fuscien,Ametis,https://www.data.gouv.fr/api/1/datasets/r/571e3014-066d-4bd6-9f73-fb8065c928c6,tdg-80223,https://www.data.gouv.fr/pages/legal/licences/etalab-2.0,active
FR,Saint-Geniès-des-Mourgues,Montpellier Méditerranée Métropole,https://www.data.gouv.fr/api/1/datasets/r/2ef043c8-3b10-4d87-af5f-65fead127407,tdg-62323,https://opendatacommons.org/licenses/odbl/1.0/,active
FR,Saint-Georges-des-Coteaux,Nouvelle-Aquitaine Mobilités,https://www.data.gouv.fr/api/1/datasets/r/33f62e9d-5495-413e-ae74-070e52ab51f7,tdg-82375,https://opendatacommons.org/licenses/odbl/1.0/,active
FR,Saint-Georges-des-Groseillers,NEMUS (Réseau de transports de Flers Agglo),https://www.data.gouv.fr/api/1/datasets/r/7d399812-e018-4e35-b3ae-a5ba44c8ad91,tdg-83782,https://www.data.gouv.fr/pages/legal/licences/etalab-2.0,active
FR,Saint-Gilles-Croix-de-Vie,Pays de Saint Gilles Croix de Vie Agglomération,https://www.data.gouv.fr/api/1/datasets/r/34972a83-5b0f-4f99-b9b7-19593a4c6e1d,tdg-82097,https://www.data.gouv.fr/pages/legal/licences/etalab-2.0,active
FR,Saint-Gobain,Communauté d'agglomération Chauny-Tergnier-La Fère,https://www.data.gouv.fr/api/1/datasets/r/6b80d2f2-ecd4-4b52-b481-c8b715ae8948,tdg-80221,https://www.data.gouv.fr/pages/legal/licences/etalab-2.0,active
FR,Saint-Ismier,Syndicat Mixte des Mobilités de l'Aire Grenobloise,https://www.data.gouv.fr/api/1/datasets/r/c1067233-c35e-4c53-93b3-050f707bf6a2,tdg-81794,https://opendatacommons.org/licenses/odbl/1.0/,active
FR,Saint-Jean-de-Marsacq,Trans-Landes,https://www.data.gouv.fr/api/1/datasets/r/c5c0943e-0830-46ac-ba18-0d95a7227a4a,tdg-83416,https://opendatacommons.org/licenses/odbl/1.0/,active
FR,Saint-Just-Saint-Rambert,LOIRE FOREZ AGGLOMERATION,https://static.data.gouv.fr/resources/navettes-de-loire-forez-agglomeration/20250909-134941/navettes-urbaines-lfa.zip,tdg-81539,lov2,active
FR,Saint-Juéry,Communauté d'agglomération de l'Albigeois,https://www.data.gouv.fr/api/1/datasets/r/79bc8313-3499-4bb3-a809-a8d80b44000a,tdg-81522,https://opendatacommons.org/licenses/odbl/1.0/,active
FR,Saint-Laurent-Bretagne,Nouvelle-Aquitaine Mobilités,https://www.data.gouv.fr/api/1/datasets/r/44806d1e-0798-40e6-8e7e-21d0ddfe81d2,tdg-82346,https://opendatacommons.org/licenses/odbl/1.0/,active
FR,Saint-Laurent-de-la-Prée,Nouvelle-Aquitaine Mobilités,https://www.data.gouv.fr/api/1/datasets/r/161ac8dd-bdd4-40dd-bce7-d9edef4af632,tdg-82326,https://opendatacommons.org/licenses/odbl/1.0/,active
FR,Saint-Malo,Brittany Ferries,https://static.data.gouv.fr/resources/horaires-des-traversees-brittany-ferries/20260819-213127/gtfs-brittanyferries.zip,tdg-83427,lov2,active
FR,Saint-Maur,CHATEAUROUX METROPOLE,https://www.data.gouv.fr/api/1/datasets/r/bd5489c2-5f32-4b06-8d55-e5a6f4fd6a51,tdg-83794,https://www.data.gouv.fr/pages/legal/licences/etalab-2.0,active
FR,Saint-Melaine-sur-Aubance,Région des Pays de la Loire,https://www.data.gouv.fr/api/1/datasets/r/7bc6edfa-d68c-4cc7-a1a5-a8b05fcae444,tdg-81394,https://www.data.gouv.fr/pages/legal/licences/etalab-2.0,active
FR,Saint-Michel-de-Volangis,JVMALIN,https://www.data.gouv.fr/api/1/datasets/r/ef2f826c-c1c6-4eb4-9da3-4c2f37b3afaf,tdg-83519,https://opendatacommons.org/licenses/odbl/1.0/,active
FR,Saint-Morillon,Nouvelle-Aquitaine Mobilités,https://www.data.gouv.fr/api/1/datasets/r/fd030551-a63e-441a-98f0-231186f35d82,tdg-81555,https://opendatacommons.org/licenses/odbl/1.0/,active
FR,Saint-Omer,Communauté d'Agglomération du Pays de Saint-Omer,https://www.data.gouv.fr/api/1/datasets/r/78d8705c-bcb9-40aa-98b7-2486ffe9fee5,tdg-83988,https://www.data.gouv.fr/pages/legal/licences/etalab-2.0,active
FR,Saint-Ouen-en-Belin,Transdev • Pays de la Loire,https://www.data.gouv.fr/api/1/datasets/r/024123a0-8665-4983-90bd-134ef7d70383,tdg-80586,https://opendatacommons.org/licenses/odbl/1.0/,active
FR,Saint-Ours,Clermont Auvergne Métropole,https://www.data.gouv.fr/api/1/datasets/r/4e237a58-cd14-4746-b729-1337a40a8a7b,tdg-83465,https://www.data.gouv.fr/pages/legal/licences/etalab-2.0,active
FR,Saint-Pierre-Quiberon,Auray Quiberon Terre Atlantique,https://www.data.gouv.fr/api/1/datasets/r/4dc52cb9-909e-40dd-80e5-a90073bc80fc,tdg-83300,https://opendatacommons.org/licenses/odbl/1.0/,active
FR,Saint-Pierre-des-Corps,Tours Métropole Val de Loire,https://www.data.gouv.fr/api/1/datasets/r/198b7602-5e74-4d88-b6bc-483af85a2430,tdg-80694,https://www.data.gouv.fr/pages/legal/licences/etalab-2.0,active
FR,Saint-Quay-Portrieux,Région Bretagne,https://www.data.gouv.fr/api/1/datasets/r/d09facf8-2bc9-4d8c-ad43-d5cb05f39406,tdg-81461,https://opendatacommons.org/licenses/odbl/1.0/,active
FR,Saint-Romain-la-Motte,Oùra,https://www.data.gouv.fr/api/1/datasets/r/ff0dffab-3cf5-4c6b-b576-05bd462a1e33,tdg-79861,https://opendatacommons.org/licenses/odbl/1.0/,active
FR,Saint-Sauveur,Oise Mobilité - Syndicat mixte des transports collectifs de l'Oise,https://www.data.gouv.fr/api/1/datasets/r/2c64085e-8c3d-4bb6-b935-a4b6c0a2e550,tdg-81158,https://www.data.gouv.fr/pages/legal/licences/etalab-2.0,active
FR,Saint-Souplet,Communauté d'Agglomération du Caudrésis et du Catésis,https://transport.data.gouv.fr/resources/83396/download?token=xdgqKBTAzhw4DSPz6zeGc4c5eW0LhwztcGv4-vpzP4U,tdg-83396,https://www.data.gouv.fr/pages/legal/licences/etalab-2.0,active
FR,Saint-Sulpice-la-Pointe,SPL D'UN POINT A L'AUTRE,https://zenbus.net/gtfs/static/download.zip?dataset=saint-sulpice-la-pointe,tdg-84089,lov2,active
FR,Saint-Thierry,Fluo Grand Est,https://transport.data.gouv.fr/resources/80594/download?token=xdgqKBTAzhw4DSPz6zeGc4c5eW0LhwztcGv4-vpzP4U,tdg-80594,https://www.data.gouv.fr/pages/legal/licences/etalab-2.0,active
FR,Saint-Tropez,Communauté de Communes du Golfe de Saint-Tropez,https://api.pysae.com/api/v4/groups/st-tropez/gtfs/pub,tdg-81773,lov2,active
FR,Saint-Vincent-de-Paul,Trans-Landes,https://www.data.gouv.fr/api/1/datasets/r/3a010c2b-67da-404c-8cbb-85e62cae129c,tdg-83418,https://www.data.gouv.fr/pages/legal/licences/etalab-2.0,active
FR,Saint-Étienne Métropole,Saint-Etienne Métropole,https://bus-prod.saint-etienne-metropole.fr/Public/stas/api/gtfs.aspx,tdg-81023,lov2,active
FR,Sainte-Lizaigne,JVMALIN,https://www.data.gouv.fr/api/1/datasets/r/485e9781-ac86-44c7-8289-3a7df46abe9d,tdg-83531,https://opendatacommons.org/licenses/odbl/1.0/,active
FR,Sainte-Menehould,Fluo Grand Est,https://transport.data.gouv.fr/resources/80471/download?token=xdgqKBTAzhw4DSPz6zeGc4c5eW0LhwztcGv4-vpzP4U,tdg-80471,https://www.data.gouv.fr/pages/legal/licences/etalab-2.0,active
FR,Sainte-Verge,Nouvelle-Aquitaine Mobilités,https://transport.data.gouv.fr/resources/83533/download?token=xdgqKBTAzhw4DSPz6zeGc4c5eW0LhwztcGv4-vpzP4U,tdg-83533,https://opendatacommons.org/licenses/odbl/1.0/,active
FR,Saintes,Zenbus,https://www.data.gouv.fr/api/1/datasets/r/f2d4be3b-50bc-4f9b-9818-30860890a864,tdg-12601,https://opendatacommons.org/licenses/odbl/1.0/,active
FR,Sancé,Mâconnais Beaujolais Agglomération,https://www.data.gouv.fr/api/1/datasets/r/92b18bc7-cd60-41f5-9af7-978eacbe0691,tdg-84097,https://opendatacommons.org/licenses/odbl/1.0/,active
FR,Sarceaux,Syndicat mixte Atoumod,https://transport.data.gouv.fr/resources/82315/download?token=xdgqKBTAzhw4DSPz6zeGc4c5eW0LhwztcGv4-vpzP4U,tdg-82315,https://www.data.gouv.fr/pages/legal/licences/etalab-2.0,active
FR,Sarlat-la-Canéda,Zenbus,https://www.data.gouv.fr/api/1/datasets/r/f1119940-adc5-4d2e-af7d-5535e50da539,tdg-79992,https://opendatacommons.org/licenses/odbl/1.0/,active
FR,Sarlat-la-Canéda,Zenbus,https://zenbus.net/gtfs/static/download.zip?dataset=Sarlat,tdg-79992,odc-odbl,active
FR,Sarrebourg,Fluo Grand Est,https://transport.data.gouv.fr/resources/80447/download?token=xdgqKBTAzhw4DSPz6zeGc4c5eW0LhwztcGv4-vpzP4U,tdg-80447,https://www.data.gouv.fr/pages/legal/licences/etalab-2.0,active
FR,Sarreguemines,Fluo Grand Est,https://transport.data.gouv.fr/resources/80469/download?token=xdgqKBTAzhw4DSPz6zeGc4c5eW0LhwztcGv4-vpzP4U,tdg-80469,https://www.data.gouv.fr/pages/legal/licences/etalab-2.0,active
FR,Sarrians,Communauté d'Agglomération Ventoux Comtat Venaissin,https://www.data.gouv.fr/api/1/datasets/r/89e09fb6-0bf6-4ca5-95f3-50444ab6c681,tdg-83785,https://www.data.gouv.fr/pages/legal/licences/etalab-2.0,active
FR,Sauvagnon,Pau Béarn Pyrénées Mobilités,https://www.data.gouv.fr/api/1/datasets/r/25c5caff-fb19-4358-bb83-7f18d320bea8,tdg-83632,https://www.data.gouv.fr/pages/legal/licences/etalab-2.0,active
FR,Sauvian,Réseau beeMob - Transports en commun de l'Agglomération Béziers Méditerranée,https://www.data.gouv.fr/api/1/datasets/r/c1581a3a-0b78-4944-905c-a8530206648a,tdg-83368,https://opendatacommons.org/licenses/odbl/1.0/,active
FR,Savenay,Ecov,https://www.data.gouv.fr/api/1/datasets/r/53f79f73-e770-4772-a315-1117708f2647,tdg-84096,https://www.data.gouv.fr/pages/legal/licences/etalab-2.0,active
FR,Savigneux,LOIRE FOREZ AGGLOMERATION,https://www.data.gouv.fr/api/1/datasets/r/4536fa0a-b880-47ba-9f94-42a6303e584b,tdg-81539,https://www.data.gouv.fr/pages/legal/licences/etalab-2.0,active
FR,Sciez,Thonon Agglomération,https://www.data.gouv.fr/api/1/datasets/r/7cbb883b-d0cb-4bc7-b2e0-7537afdbc86e,tdg-82178,https://www.data.gouv.fr/pages/legal/licences/etalab-2.0,active
FR,Seine-Eure,SEMO,https://www.data.gouv.fr/fr/datasets/r/f4f77c4d-c1ea-4938-80d9-2a77a150803f,mdb-1838,https://www.etalab.gouv.fr/wp-content/uploads/2017/04/ETALAB-Licence-Ouverte-v2.0.pdf,active
FR,Semoutiers-Montsaon,Fluo Grand Est,https://transport.data.gouv.fr/resources/80410/download?token=xdgqKBTAzhw4DSPz6zeGc4c5eW0LhwztcGv4-vpzP4U,tdg-80410,https://www.data.gouv.fr/pages/legal/licences/etalab-2.0,active
FR,Semussac,Nouvelle-Aquitaine Mobilités,https://www.data.gouv.fr/api/1/datasets/r/3af621da-a600-4da9-92c4-dfd994b22c31,tdg-82361,https://opendatacommons.org/licenses/odbl/1.0/,active
FR,Serrières-en-Chautagne,Ondéa - COMPAGNIE DE TRANSPORT DU LAC DU BOURGET-CTLB,https://www.data.gouv.fr/api/1/datasets/r/b4e8d98c-e17a-4fb0-857f-8cb618039b2a,tdg-71223,https://www.data.gouv.fr/pages/legal/licences/etalab-2.0,active
FR,Seyssuel,Vienne Condrieu Agglomération,https://www.data.gouv.fr/api/1/datasets/r/e0831d78-5577-4cae-aa00-de5eeaf3ecb6,tdg-52917,https://opendatacommons.org/licenses/odbl/1.0/,active
FR,Soissons,Syndicat intercommunal des Transports Urbains Soissonnais,https://www.data.gouv.fr/api/1/datasets/r/b66f3a43-2ba1-4b61-8459-439104582a92,tdg-82154,https://www.data.gouv.fr/pages/legal/licences/etalab-2.0,active
FR,Somain,EVEOLE,https://www.data.gouv.fr/api/1/datasets/r/99cf5e2f-87c2-4ff1-bc0d-32f04cc213ab,tdg-79544,https://opendatacommons.org/licenses/odbl/1.0/,active
FR,Soubise,Nouvelle-Aquitaine Mobilités,https://www.data.gouv.fr/api/1/datasets/r/0346e2ae-a004-40be-8ded-ffff9046d29d,tdg-82367,https://opendatacommons.org/licenses/odbl/1.0/,active
FR,Steinbrunn-le-Bas,Fluo Grand Est,https://transport.data.gouv.fr/resources/80787/download?token=xdgqKBTAzhw4DSPz6zeGc4c5eW0LhwztcGv4-vpzP4U,tdg-80787,https://www.data.gouv.fr/pages/legal/licences/etalab-2.0,active
FR,Stenay,Fluo Grand Est,https://transport.data.gouv.fr/resources/80413/download?token=xdgqKBTAzhw4DSPz6zeGc4c5eW0LhwztcGv4-vpzP4U,tdg-80413,https://www.data.gouv.fr/pages/legal/licences/etalab-2.0,active
FR,Sélestat,Fluo Grand Est,https://transport.data.gouv.fr/resources/80401/download?token=xdgqKBTAzhw4DSPz6zeGc4c5eW0LhwztcGv4-vpzP4U,tdg-80401,https://www.data.gouv.fr/pages/legal/licences/etalab-2.0,active
FR,Séranvillers-Forenville,Communauté d'Agglomération de Cambrai,https://www.data.gouv.fr/api/1/datasets/r/d00d1684-6980-4f84-ac38-363b6f058a68,tdg-80751,https://www.data.gouv.fr/pages/legal/licences/etalab-2.0,active
FR,Tarascon,ENVIA,https://www.data.gouv.fr/api/1/datasets/r/52216d2f-072e-4b7d-af0c-15d8d4e98b09,tdg-82662,https://www.data.gouv.fr/pages/legal/licences/etalab-2.0,active
FR,Tarnos,Syndicat des Mobilités Pays Basque-Adour,https://app.mecatran.com/utw/ws/gtfsfeed/static/txiktxak?apiKey=0f64273f070b7d4621002040646e180d374e5373,tdg-80701,odc-odbl,active
FR,Tignes,Communauté de Communes Haute-Tarentaise,https://www.data.gouv.fr/api/1/datasets/r/9f5669e6-202f-4166-99e4-0e15586e1473,tdg-83627,https://www.data.gouv.fr/pages/legal/licences/etalab-2.0,active
FR,Tignes,Communauté de Communes Haute-Tarentaise,https://zenbus.net/gtfs/static/download.zip?dataset=tignes,tdg-83627,lov2,active
FR,Tonneins,Nouvelle-Aquitaine Mobilités,https://www.data.gouv.fr/api/1/datasets/r/4ea5fb1f-3b42-4bc4-a255-303250fca10d,tdg-82370,https://opendatacommons.org/licenses/odbl/1.0/,active
FR,Toulon,Métropole Toulon Provence Méditerranée,https://static.data.gouv.fr/resources/telepherique-du-mont-faron/20260303-093935/gtfs-tel-f-to-a.zip,tdg-83739,lov2,active
FR,Toulon,Métropole Toulon Provence Méditerranée,https://www.data.gouv.fr/api/1/datasets/r/9bba0b17-2863-4ee1-a38a-c7a445f820d1,tdg-83739,https://www.data.gouv.fr/pages/legal/licences/etalab-2.0,active
FR,Toulon,Métropole Toulon Provence Méditerranée,https://www.data.gouv.fr/api/1/datasets/r/b0789d9e-5077-4124-b6b2-773353ada8cf,tdg-79560,https://www.data.gouv.fr/pages/legal/licences/etalab-2.0,active
FR,Toulon,Réseau Mistral,https://data.metropoletpm.fr/explore/dataset/donnees-gtfs-du-reseau-de-bus-mistral/files/8e7042ab297b42f9dcc58f3db5326376/download/,mdb-1820,https://www.etalab.gouv.fr/wp-content/uploads/2014/05/Open_Licence.pdf,active
FR,Toulouse Métropole,Toulouse métropole,https://data.toulouse-metropole.fr/explore/dataset/tisseo-gtfs/files/fc1dda89077cf37e4f7521760e0ef4e9/download/,tdg-81678,odc-odbl,active
FR,Tours Métropole Val de Loire,Tours Métropole Val de Loire,https://data.tours-metropole.fr/api/v2/catalog/datasets/horaires-temps-reel-gtfsrt-reseau-filbleu-tmvl/alternative_exports/filbleu_gtfszip,tdg-80694,lov2,active
FR,Tourves,Communauté d'Agglomération Provence Verte,https://www.data.gouv.fr/api/1/datasets/r/9e2f1dd8-cbf4-4e56-b022-b350561a1cb9,tdg-83429,https://www.data.gouv.fr/pages/legal/licences/etalab-2.0,active
FR,Toutlemonde,Transports Publics du Choletais,https://www.data.gouv.fr/api/1/datasets/r/71e8ee8e-0b55-40a1-a297-21ef89aba4dc,tdg-79352,https://www.data.gouv.fr/pages/legal/licences/etalab-2.0,active
FR,Tronsanges,Communauté d'Agglomération de Nevers,https://www.data.gouv.fr/api/1/datasets/r/0b65dda9-51d3-4d84-811b-8a11629a5e55,tdg-81227,https://www.data.gouv.fr/pages/legal/licences/etalab-2.0,active
FR,Tulle,Nouvelle-Aquitaine Mobilités,https://www.data.gouv.fr/api/1/datasets/r/79ab3997-524a-48a3-baec-9f40f37f7bd1,tdg-82379,https://opendatacommons.org/licenses/odbl/1.0/,active
FR,Ucel,Tout'enbus,https://zenbus.net/gtfs/static/download.zip?dataset=toutenbus,mdb-1892,https://transport.data.gouv.fr/datasets/horaires-theoriques-et-temps-reel-du-reseau-toutenbus-aubenas-gtfs-gtfs-rt,active
FR,Val-d'Isère,Communauté de Communes Haute-Tarentaise,https://www.data.gouv.fr/api/1/datasets/r/d6c3eae8-fab6-4ff2-adc2-32bb2d213dd7,tdg-83629,https://www.data.gouv.fr/pages/legal/licences/etalab-2.0,active
FR,Val-d'Isère,Communauté de Communes Haute-Tarentaise,https://zenbus.net/gtfs/static/download.zip?dataset=valdisere,tdg-83629,lov2,active
FR,Vallières-sur-Fier,J'ybus,https://www.data.gouv.fr/api/1/datasets/r/9ba40024-aa3c-4e5c-b065-47eef0edf4e6,tdg-80092,https://www.data.gouv.fr/pages/legal/licences/etalab-2.0,active
FR,Vallouise-Pelvoux,Communauté de Communes du Pays des Écrins,https://transport.data.gouv.fr/resources/83467/download?token=xdgqKBTAzhw4DSPz6zeGc4c5eW0LhwztcGv4-vpzP4U,tdg-83467,https://www.data.gouv.fr/pages/legal/licences/etalab-2.0,active
FR,Valserhône,Région Auvergne-Rhône-Alpes,https://api.oura3.cityway.fr/dataflow/offre-tc/download?provider=MOBIVALS&dataFormat=GTFS&dataProfil=OPENDATA,tdg-83633,odc-odbl,active
FR,Vannes,Kicéo,https://ratpdev-mosaic-prod-bucket-raw.s3-eu-west-1.amazonaws.com/21/exports/1/gtfs.zip,mdb-656,https://transport.data.gouv.fr/datasets/offre-de-transport-du-reseau-de-vannes-kiceo-donnees-theoriques-et-temps-reel/,active
FR,Velaux,Métropole d'Aix-Marseille-Provence,https://www.data.gouv.fr/api/1/datasets/r/c671fcc9-fe50-4bee-bed0-78e6443c1010,tdg-39597,https://www.data.gouv.fr/pages/legal/licences/etalab-2.0,active
FR,Venanson,Métropole Nice Côte d'Azur,https://www.data.gouv.fr/api/1/datasets/r/f5678ab2-c863-4b48-ba1f-9021c7d97634,tdg-83178,https://www.data.gouv.fr/pages/legal/licences/etalab-2.0,active
FR,Venette,Oise Mobilité - Syndicat mixte des transports collectifs de l'Oise,https://www.data.gouv.fr/api/1/datasets/r/3a98dcdb-ca6e-40fc-8da9-09ab7f5661c9,tdg-81066,https://www.data.gouv.fr/pages/legal/licences/etalab-2.0,active
FR,Venoy,Communauté d'Agglomération de l'Auxerrois,https://transport.data.gouv.fr/resources/78934/download?token=xdgqKBTAzhw4DSPz6zeGc4c5eW0LhwztcGv4-vpzP4U,tdg-78934,https://www.data.gouv.fr/pages/legal/licences/etalab-2.0,active
FR,Verchaix,Communauté de Communes des Montagnes du Giffre,https://static.data.gouv.fr/resources/les-navettes-du-giffre-horaires-hiver-2023-2024/20240119-105247/gtfs-les-navettes-du-giffre-2024-v1-valide-pan.zip,tdg-81549,lov2,active
FR,Verderonne,Oise Mobilité - Syndicat mixte des transports collectifs de l'Oise,https://www.data.gouv.fr/api/1/datasets/r/e61f439a-2321-4ce2-bda7-89be2494304f,tdg-83921,https://opendatacommons.org/licenses/odbl/1.0/,active
FR,Verdun,Fluo Grand Est,https://transport.data.gouv.fr/resources/80772/download?token=xdgqKBTAzhw4DSPz6zeGc4c5eW0LhwztcGv4-vpzP4U,tdg-80772,https://www.data.gouv.fr/pages/legal/licences/etalab-2.0,active
FR,Vernon,Syndicat mixte Atoumod,https://static.data.gouv.fr/resources/giverny-vernon-gare-sncf/20260324-112032/pt-th-offer-sngonavettegiverny-gtfs-20260323-840-opendata.zip,tdg-81177,lov2,active
FR,Vers-sur-Selle,Ametis,https://www.data.gouv.fr/api/1/datasets/r/5bc8b7dc-0d4e-48e7-b2ec-eccfe3702c19,tdg-80705,https://www.data.gouv.fr/pages/legal/licences/etalab-2.0,active
FR,Vierzon,Transdev Vierzon Mobilités • Le Vib,https://www.data.gouv.fr/api/1/datasets/r/87091347-c7fa-4e63-8fb5-005891ece43b,tdg-82554,https://opendatacommons.org/licenses/odbl/1.0/,active
FR,Villegaudin,Région Bourgogne-Franche-Comté,https://www.data.gouv.fr/api/1/datasets/r/2ccfe3e5-8e1d-47a6-9d68-a2e3d16f63b1,tdg-84073,https://www.data.gouv.fr/pages/legal/licences/etalab-2.0,active
FR,Villeneuve-Loubet,Transdev Rail Sud Intermétropole,https://www.data.gouv.fr/api/1/datasets/r/764d6d5b-d04e-4aa7-94b7-f8b2274d2964,tdg-83448,https://www.data.gouv.fr/pages/legal/licences/etalab-2.0,active
FR,Villeneuve-lès-Avignon,Grand Avignon,https://www.data.gouv.fr/api/1/datasets/r/40b26c33-9be2-47ea-a46c-8bda9f63273e,tdg-84115,https://www.data.gouv.fr/pages/legal/licences/etalab-2.0,active
FR,Villers-Cotterêts,Communauté de communes Retz-en-Valois,https://www.data.gouv.fr/api/1/datasets/r/39bc7064-a387-4eef-9fb3-05fe3c00782b,tdg-82689,https://www.data.gouv.fr/pages/legal/licences/etalab-2.0,active
FR,Villers-Saint-Paul,Oise Mobilité - Syndicat mixte des transports collectifs de l'Oise,https://www.data.gouv.fr/api/1/datasets/r/23f2f5ed-c21c-4e87-840b-22512fe7c5d7,tdg-81645,https://www.data.gouv.fr/pages/legal/licences/etalab-2.0,active
FR,Villers-Semeuse,Fluo Grand Est,https://transport.data.gouv.fr/resources/80451/download?token=xdgqKBTAzhw4DSPz6zeGc4c5eW0LhwztcGv4-vpzP4U,tdg-80451,https://www.data.gouv.fr/pages/legal/licences/etalab-2.0,active
FR,Vimory,Agglomération Montargoise Et rives du loing,https://www.data.gouv.fr/api/1/datasets/r/39240e80-d3f4-4702-ba93-520fae414649,tdg-83326,https://www.data.gouv.fr/pages/legal/licences/etalab-2.0,active
FR,Vire Normandie,Intercom de la Vire au Noireau,https://transport.data.gouv.fr/resources/83846/download?token=xdgqKBTAzhw4DSPz6zeGc4c5eW0LhwztcGv4-vpzP4U,tdg-83846,https://www.data.gouv.fr/pages/legal/licences/etalab-2.0,active
FR,Vire Normandie,Intercom de la Vire au Noireau,https://www.data.gouv.fr/api/1/datasets/r/4d6b5107-fec7-41bb-9115-bbaafb7e71f1,tdg-83769,https://www.data.gouv.fr/pages/legal/licences/etalab-2.0,active
FR,Vire Normandie,Intercom de la Vire au Noireau,https://www.data.gouv.fr/api/1/datasets/r/f3b71a3c-85fd-48c3-a3f0-30b988a4e64b,tdg-83770,https://www.data.gouv.fr/pages/legal/licences/etalab-2.0,active
FR,Vitré,Région Bretagne,https://www.data.gouv.fr/api/1/datasets/r/b7a835d4-7a93-4d8b-87bd-c657800fc29f,tdg-81474,https://opendatacommons.org/licenses/odbl/1.0/,active
FR,Voreppe,Syndicat Mixte des Mobilités de l'Aire Grenobloise,https://www.data.gouv.fr/api/1/datasets/r/b6ec7ba4-09bc-46df-b9a1-79a2c2668cf2,tdg-83459,https://opendatacommons.org/licenses/odbl/1.0/,active
FR,Yvetot,Syndicat mixte Atoumod,https://transport.data.gouv.fr/resources/81975/download?token=xdgqKBTAzhw4DSPz6zeGc4c5eW0LhwztcGv4-vpzP4U,tdg-81975,https://www.data.gouv.fr/pages/legal/licences/etalab-2.0,active
FR,national,BlaBlaCar Bus,https://drive.google.com/uc?export=download&id=1VXd01yQl2Mb67C9bkrx0P8sqNIL532_o,tdg-52605,odc-odbl,active
FR,national,COMPAGNIE AUTOBUS DE MONACO,https://static.data.gouv.fr/resources/gtfs-3/20260809-040042/gtfs.zip,tdg-83756,lov2,active
FR,national,Collectivité de Corse,https://static.data.gouv.fr/resources/gtfs-transport-horaires-des-lignes-de-la-communaute-de-communes-corse-du-sud-a-berlina/20260707-092242/a-berlina.zip,tdg-82995,lov2,active
FR,national,Collectivité de Corse,https://static.data.gouv.fr/resources/gtfs-transport-maritime-via-mare/20260707-130622/via-mare.zip,tdg-82305,lov2,active
FR,national,Eurostar International Ltd.,https://integration-storage.dm.eurostar.com/gtfs-prod/gtfs_static_commercial_v2.zip,tdg-82199,lov2,active
FR,national,Flixbus France,https://gtfs.gis.flix.tech/gtfs_generic_eu.zip,tdg-11681,odc-odbl,active
FR,national,Flixbus France,https://www.data.gouv.fr/api/1/datasets/r/30d94e83-48a4-4c44-8a96-c082377f5221,tdg-11681,https://opendatacommons.org/licenses/odbl/1.0/,active
FR,national,Fluo Grand Est,https://api.grandest2.cityway.fr/exs/GTFS?Key=OPENDATA&OperatorCode=ARDENNES,tdg-80413,lov2,active
FR,national,Fluo Grand Est,https://api.grandest2.cityway.fr/exs/GTFS?Key=OPENDATA&OperatorCode=AUBE,tdg-80415,lov2,active
FR,national,Fluo Grand Est,https://api.grandest2.cityway.fr/exs/GTFS?Key=OPENDATA&OperatorCode=C51,tdg-80421,lov2,active
FR,national,Fluo Grand Est,https://api.grandest2.cityway.fr/exs/GTFS?Key=OPENDATA&OperatorCode=C52,tdg-81989,lov2,active
FR,national,Fluo Grand Est,https://api.grandest2.cityway.fr/exs/GTFS?Key=OPENDATA&OperatorCode=CG67,tdg-80417,lov2,active
FR,national,Fluo Grand Est,https://api.grandest2.cityway.fr/exs/GTFS?Key=OPENDATA&OperatorCode=CG68,tdg-80419,lov2,active
FR,national,Fluo Grand Est,https://api.grandest2.cityway.fr/exs/GTFS?Key=OPENDATA&OperatorCode=LIVO,tdg-80429,lov2,active
FR,national,Fluo Grand Est,https://api.grandest2.cityway.fr/exs/GTFS?Key=OPENDATA&OperatorCode=RITM,tdg-80425,lov2,active
FR,national,Fluo Grand Est,https://api.grandest2.cityway.fr/exs/GTFS?Key=OPENDATA&OperatorCode=TED,tdg-80423,lov2,active
FR,national,Fluo Grand Est,https://api.grandest2.cityway.fr/exs/GTFS?Key=OPENDATA&OperatorCode=TIM,tdg-80427,lov2,active
FR,national,Nouvelle-Aquitaine Mobilités,https://www.pigma.org/public/opendata/nouvelle_aquitaine_mobilites/publication/bac_gironde-aggregated-gtfs.zip,tdg-82382,odc-odbl,active
FR,national,Nouvelle-Aquitaine Mobilités,https://www.pigma.org/public/opendata/nouvelle_aquitaine_mobilites/publication/charente-aggregated-gtfs.zip,tdg-82324,odc-odbl,active
FR,national,Nouvelle-Aquitaine Mobilités,https://www.pigma.org/public/opendata/nouvelle_aquitaine_mobilites/publication/charente_maritime-aggregated-gtfs.zip,tdg-82326,odc-odbl,active
FR,national,Nouvelle-Aquitaine Mobilités,https://www.pigma.org/public/opendata/nouvelle_aquitaine_mobilites/publication/correze-aggregated-gtfs.zip,tdg-82328,odc-odbl,active
FR,national,Nouvelle-Aquitaine Mobilités,https://www.pigma.org/public/opendata/nouvelle_aquitaine_mobilites/publication/deux_sevres-aggregated-gtfs.zip,tdg-82334,odc-odbl,active
FR,national,Nouvelle-Aquitaine Mobilités,https://www.pigma.org/public/opendata/nouvelle_aquitaine_mobilites/publication/dordogne-aggregated-gtfs.zip,tdg-82336,odc-odbl,active
FR,national,Nouvelle-Aquitaine Mobilités,https://www.pigma.org/public/opendata/nouvelle_aquitaine_mobilites/publication/gironde-aggregated-gtfs.zip,tdg-82338,odc-odbl,active
FR,national,Nouvelle-Aquitaine Mobilités,https://www.pigma.org/public/opendata/nouvelle_aquitaine_mobilites/publication/haute_vienne-aggregated-gtfs.zip,tdg-82340,odc-odbl,active
FR,national,Nouvelle-Aquitaine Mobilités,https://www.pigma.org/public/opendata/nouvelle_aquitaine_mobilites/publication/landes-aggregated-gtfs.zip,tdg-82342,odc-odbl,active
FR,national,Nouvelle-Aquitaine Mobilités,https://www.pigma.org/public/opendata/nouvelle_aquitaine_mobilites/publication/lot_et_garonne-aggregated-gtfs.zip,tdg-82344,odc-odbl,active
FR,national,Nouvelle-Aquitaine Mobilités,https://www.pigma.org/public/opendata/nouvelle_aquitaine_mobilites/publication/pyrenees_atlantiques-aggregated-gtfs.zip,tdg-82346,odc-odbl,active
FR,national,Nouvelle-Aquitaine Mobilités,https://www.pigma.org/public/opendata/nouvelle_aquitaine_mobilites/publication/vienne-aggregated-gtfs.zip,tdg-82332,odc-odbl,active
FR,national,Public Transport Germany,https://download.gtfs.de/germany/nv_free/latest.zip,mdb-1090,https://www.nvbw.de/open-data/lizenz,active
FR,national,RENFE VIAJEROS SOCIEDAD MERCANTIL ESTATAL SA,https://ssl.renfe.com/gtransit/Fichero_AV_INT/Renfe_AVE_Int.zip,tdg-82386,lov2,active
FR,national,Région Auvergne-Rhône-Alpes,https://api.oura3.cityway.fr/dataflow/offre-tc/download?provider=ALLIER&dataFormat=GTFS&dataProfil=OPENDATA,tdg-38889,odc-odbl,active
FR,national,Région Auvergne-Rhône-Alpes,https://api.oura3.cityway.fr/dataflow/offre-tc/download?provider=ARDECHE&dataFormat=GTFS&dataProfil=OPENDATA,tdg-80961,odc-odbl,active
FR,national,Région Auvergne-Rhône-Alpes,https://api.oura3.cityway.fr/dataflow/offre-tc/download?provider=CARS_REGION_AIN&dataFormat=GTFS&dataProfil=OPENDATA,tdg-83113,odc-odbl,active
FR,national,Région Auvergne-Rhône-Alpes,https://api.oura3.cityway.fr/dataflow/offre-tc/download?provider=CARS_REGION_LOIRE&dataFormat=GTFS&dataProfil=OPENDATA,tdg-83114,odc-odbl,active
FR,national,Région Auvergne-Rhône-Alpes,https://api.oura3.cityway.fr/dataflow/offre-tc/download?provider=CAR_REGION_CANTAL&dataFormat=GTFS&dataProfil=OPENDATA,tdg-81245,odc-odbl,active
FR,national,Région Auvergne-Rhône-Alpes,https://api.oura3.cityway.fr/dataflow/offre-tc/download?provider=DROME&dataFormat=GTFS&dataProfil=OPENDATA,tdg-80960,odc-odbl,active
FR,national,Région Auvergne-Rhône-Alpes,https://api.oura3.cityway.fr/dataflow/offre-tc/download?provider=HAUTE_LOIRE&dataFormat=GTFS&dataProfil=OPENDATA,tdg-38881,odc-odbl,active
FR,national,Région Auvergne-Rhône-Alpes,https://api.oura3.cityway.fr/dataflow/offre-tc/download?provider=HAUTE_SAVOIE&dataFormat=GTFS&dataProfil=OPENDATA,tdg-80964,odc-odbl,active
FR,national,Région Auvergne-Rhône-Alpes,https://api.oura3.cityway.fr/dataflow/offre-tc/download?provider=ISERE&dataFormat=gtfs,tdg-40287,odc-odbl,active
FR,national,Région Auvergne-Rhône-Alpes,https://api.oura3.cityway.fr/dataflow/offre-tc/download?provider=PUY_DE_DOME&dataFormat=GTFS&dataProfil=OPENDATA,tdg-38888,odc-odbl,active
FR,national,Région Auvergne-Rhône-Alpes,https://api.oura3.cityway.fr/dataflow/offre-tc/download?provider=SAVOIE&dataFormat=GTFS&dataProfil=OPENDATA,tdg-81244,odc-odbl,active
FR,national,Région Auvergne-Rhône-Alpes,https://api.oura3.cityway.fr/dataflow/offre-tc/download?provider=TRANSALTITUDE&dataFormat=gtfs,tdg-82729,odc-odbl,active
FR,national,Région Bretagne,https://www.korrigo.bzh/ftp/OPENDATA/FINISTAIR.gtfs.zip,tdg-82872,odc-odbl,active
FR,national,Région Hauts-de-France,https://geocatalogue.hautsdefrance.fr/gtfs/RHDF_GTFS_COM_02.zip,tdg-82170,notspecified,active
FR,national,Région Hauts-de-France,https://geocatalogue.hautsdefrance.fr/gtfs/RHDF_GTFS_COM_62.zip,tdg-82169,notspecified,active
FR,national,Région Hauts-de-France,https://geocatalogue.hautsdefrance.fr/gtfs/RHDF_GTFS_COM_SCO_59_P1.zip,tdg-81828,notspecified,active
FR,national,Région Hauts-de-France,https://geocatalogue.hautsdefrance.fr/gtfs/RHDF_GTFS_COM_SCO_59_P2.zip,tdg-81829,notspecified,active
FR,national,Région Hauts-de-France,https://geocatalogue.hautsdefrance.fr/gtfs/RHDF_GTFS_COM_SCO_59_P3A.zip,tdg-81830,notspecified,active
FR,national,Région Hauts-de-France,https://geocatalogue.hautsdefrance.fr/gtfs/RHDF_GTFS_COM_SCO_59_P4.zip,tdg-81832,notspecified,active
FR,national,Région Hauts-de-France,https://geocatalogue.hautsdefrance.fr/gtfs/RHDF_GTFS_COM_SCO_60_P1.zip,tdg-81820,notspecified,active
FR,national,Région Hauts-de-France,https://geocatalogue.hautsdefrance.fr/gtfs/RHDF_GTFS_COM_SCO_60_P2.zip,tdg-81821,notspecified,active
FR,national,Région Hauts-de-France,https://geocatalogue.hautsdefrance.fr/gtfs/RHDF_GTFS_COM_SCO_60_P3.zip,tdg-81822,notspecified,active
FR,national,Région Hauts-de-France,https://geocatalogue.hautsdefrance.fr/gtfs/RHDF_GTFS_COM_SCO_60_P4.zip,tdg-81823,notspecified,active
FR,national,Région Hauts-de-France,https://geocatalogue.hautsdefrance.fr/gtfs/RHDF_GTFS_SCO_02.zip,tdg-82276,notspecified,active
FR,national,Région Hauts-de-France,https://geocatalogue.hautsdefrance.fr/gtfs/RHDF_GTFS_SCO_62.zip,tdg-81833,notspecified,active
FR,national,Région Hauts-de-France,https://geocatalogue.hautsdefrance.fr/gtfs/RHDF_GTFS_SCO_80.zip,tdg-84110,notspecified,active
FR,national,Région Hauts-de-France,https://sig.hautsdefrance.fr/ext/opendata/Transport/GTFS/80/RHDF_GTFS_COM_80.zip,tdg-82277,notspecified,active
FR,national,SNCF,https://eu.ftp.opendatasoft.com/sncf/plandata/Export_OpenData_SNCF_GTFS_NewTripId.zip,tdg-83582,odc-odbl,active
FR,national,SNCF,https://www.data.gouv.fr/api/1/datasets/r/9ae758ec-cd7a-40cd-a890-bb3963224942,tdg-83582,https://opendatacommons.org/licenses/odbl/1.0/,active
FR,national,Syndicat mixte Atoumod,https://static.data.gouv.fr/resources/bacs-de-seine-departement-seine-maritime/20251230-075024/pt-th-offer-seinemaritime76-gtfs-20251230-303-opendata.zip,tdg-82308,lov2,active
FR,national,TRENITALIA FRANCE,https://thello.axelor.com/public/gtfs/gtfs.zip,tdg-81653,lov2,active
FR,Échenoz-la-Méline,Réseau moova - Communauté d'Agglomération de Vesoul,https://www.data.gouv.fr/api/1/datasets/r/0d6e6c56-8926-49b3-87e2-13c6f57c136b,tdg-81222,https://www.data.gouv.fr/pages/legal/licences/etalab-2.0,active
FR,Écouflant,Angers Loire Métropole,https://static.data.gouv.fr/resources/bacs-de-ecouflant-cantenay-epinard-et-pruille/20260511-094810/bacs-alm-gtfs.zip,tdg-84018,lov2,active
FR,Épeigné-sur-Dême,JVMALIN,https://www.data.gouv.fr/api/1/datasets/r/6c52238c-1c1e-4c5a-922b-8b66c0415a9e,tdg-83530,https://opendatacommons.org/licenses/odbl/1.0/,active
FR,Équemauville,Syndicat mixte Atoumod,https://transport.data.gouv.fr/resources/82711/download?token=xdgqKBTAzhw4DSPz6zeGc4c5eW0LhwztcGv4-vpzP4U,tdg-82711,https://www.data.gouv.fr/pages/legal/licences/etalab-2.0,active
FR,Évreux,Syndicat mixte Atoumod,https://transport.data.gouv.fr/resources/80613/download?token=xdgqKBTAzhw4DSPz6zeGc4c5eW0LhwztcGv4-vpzP4U,tdg-80613,https://www.data.gouv.fr/pages/legal/licences/etalab-2.0,active
FR,Île-d'Arz,Région Bretagne,https://www.data.gouv.fr/api/1/datasets/r/8a2c923c-d308-4391-801e-2369cdde7749,tdg-81478,https://opendatacommons.org/licenses/odbl/1.0/,active
FR,Île-de-France,SNCF,https://eu.ftp.opendatasoft.com/sncf/gtfs/transilien-gtfs.zip,tdg-67595,odc-odbl,active
FR,Île-de-France,Île-de-France Mobilités,https://eu.ftp.opendatasoft.com/stif/GTFS/IDFM-gtfs.zip,tdg-80921,mobility-licence,active
FR,Île-de-France,Île-de-France Mobilités,https://gtech-transit-prod.apigee.net/v1/google/gtfs/odbl/iledefrance_public.zip?apikey=BasyG6OFZXgXnzWdQLTwJFGcGmeOs204&secret=gNo6F5PhQpsGRBCK,tdg-80931,mobility-licence,active
FR,Île-de-France,Île-de-France Mobilités,https://opendata.itoworld.com/fr/paris/gouv_paris_gtfs-export.zip,tdg-83316,mobility-licence,active
FR,Île-de-France,Île-de-France Mobilités,https://www.data.gouv.fr/api/1/datasets/r/781d4194-6721-4ee6-bc67-65a4181381aa,tdg-83316,https://wiki.lafabriquedesmobilites.fr/wiki/Licence_Mobilit%C3%A9s,active
FR,Île-de-Sein,Région Bretagne,https://www.korrigo.bzh/ftp/OPENDATA/BREIZHGO_BATEAU_29.gtfs.zip,tdg-81480,odc-odbl,active
FR,Île-de-Sein,Région Bretagne,https://www.korrigo.bzh/ftp/OPENDATA/BREIZHGO_BATEAU_56.gtfs.zip,tdg-81481,odc-odbl,active
FR,Île-de-Sein,Région Bretagne,https://www.korrigo.bzh/ftp/OPENDATA/BREIZHGO_BATEAU_ARZ.gtfs.zip,tdg-81478,odc-odbl,active
FR,Île-de-Sein,Région Bretagne,https://www.korrigo.bzh/ftp/OPENDATA/BREIZHGO_BATEAU_BREHAT.gtfs.zip,tdg-81479,odc-odbl,active
GB,Angus,Xplore Dundee,https://data.discoverpassenger.com/operator/xploredundee/dataset/current/download/gtfs,mdb-2906,https://www.nationalarchives.gov.uk/doc/open-government-licence/version/3/,active
GB,Argyll and Bute,West Coast Motors,https://data.discoverpassenger.com/operator/westcoastmotors/dataset/current/download/gtfs,mdb-1957,https://www.nationalarchives.gov.uk/doc/open-government-licence/version/3/,active
GB,Blackburn with Darwen,"Transport for Greater Manchester Arriva in the North West, Atlantic Travel, Bestway Travel, Belle Vue Coaches, Blackburn Private Hire, The Burnley Bus Company, Bullocks Coaches, Cumfy Bus, D&G Bus, Don Fraser Coaches Ltd, Finch Coaches, First Halifax, Calder Valley & Huddersfield, First in Greater Manchester, Little Gem, Go North West, Diamond Bus North West, Harris Travel, Hattons Transport, Hiltons Travel, High Peak, Huyton Travel, Holmeswood Coaches, Link Network, The Blackburn Bus Company, Maghull Coaches, Metrolink, Olympia Travel UK Ltd, Preston Bus, Nexus Move, Rosso, Tyrers, Stagecoach Merseyside and South Lancashire, Stagecoach in Greater Manchester, Selwyn's Travel, South Pennine C.T., Stotts, Travel Assist, Team Pennine, Viking Coaches, Vision Bus, Warrington's Own Buses",https://odata.tfgm.com/opendata/downloads/TfGMgtfsnew.zip,mdb-1103,,active
GB,Brighton and Hove,Brighton & Hove Bus,https://data.discoverpassenger.com/operator/brightonhove/dataset/current/download/gtfs,mdb-1928,https://www.nationalarchives.gov.uk/doc/open-government-licence/version/3/,active
GB,Calderdale,Transdev Blazefield,https://data.discoverpassenger.com/operator/transdevblazefield/dataset/current/download/gtfs,mdb-1953,https://www.nationalarchives.gov.uk/doc/open-government-licence/version/3/,active
GB,Cardiff,Cardiff Bus,https://data.discoverpassenger.com/operator/ccts/dataset/current/download/gtfs,mdb-1931,https://www.nationalarchives.gov.uk/doc/open-government-licence/version/3/,active
GB,City of Edinburgh,Midland Bluebird,https://data.discoverpassenger.com/operator/mcgillsse/dataset/current/download/gtfs,mdb-2911,https://www.nationalarchives.gov.uk/doc/open-government-licence/version/3/,active
GB,Cornwall,Go Cornwall Bus,https://data.discoverpassenger.com/operator/gocornwallbus/dataset/current/download/gtfs,mdb-1934,https://www.nationalarchives.gov.uk/doc/open-government-licence/version/3/,active
GB,Cornwall,Plymouth Citybus,https://data.discoverpassenger.com/operator/plymouthbus/dataset/current/download/gtfs,mdb-1948,https://www.nationalarchives.gov.uk/doc/open-government-licence/version/3/,active
GB,Dartford,Fastrack,https://www.kent-fastrack.co.uk/open-data/network/current?format=gtfs,mdb-2914,https://www.nationalarchives.gov.uk/doc/open-government-licence/version/3/,active
GB,England,Unibus,https://data.discoverpassenger.com/operator/unibus/dataset/current/download/gtfs,mdb-1954,https://www.nationalarchives.gov.uk/doc/open-government-licence/version/3/,active
GB,Essex,Essex County Council,https://data.essex.gov.uk/download/2ydj8/gl4/gtfs.zip,mdb-2688,https://data.essex.gov.uk/dataset/2ydj8/essex-bus-network-data,active
GB,Hampshire,Morebus,https://data.discoverpassenger.com/operator/morebus/dataset/current/download/gtfs,mdb-1943,https://www.nationalarchives.gov.uk/doc/open-government-licence/version/3/,active
GB,Hertfordshire,Intalink,https://data.discoverpassenger.com/operator/intalink/dataset/current/download/gtfs,mdb-1939,https://www.nationalarchives.gov.uk/doc/open-government-licence/version/3/,active
GB,Inverclyde,McGill's Buses,https://data.discoverpassenger.com/operator/mcgills/dataset/current/download/gtfs,mdb-1941,https://www.nationalarchives.gov.uk/doc/open-government-licence/version/3/,active
GB,Isle of Wight,Southern Vectis,https://data.discoverpassenger.com/operator/southernvectis/dataset/current/download/gtfs,mdb-1951,https://www.nationalarchives.gov.uk/doc/open-government-licence/version/3/,active
GB,Lancashire,Blackpool Transport,https://data.discoverpassenger.com/operator/bts/dataset/current/download/gtfs,mdb-1930,https://www.nationalarchives.gov.uk/doc/open-government-licence/version/3/,active
GB,Lancashire,Flixbus GB,http://gtfs.gis.flix.tech/gtfs_generic_gb.zip,mdb-2900,,active
GB,Leicestershire,Nottingham City Transport,https://data.discoverpassenger.com/operator/nctx/dataset/current/download/gtfs,mdb-1946,https://www.nationalarchives.gov.uk/doc/open-government-licence/version/3/,active
GB,London Borough of Haringey,Chiltern Railways,https://openmobilitydata-data.s3.us-west-1.amazonaws.com/public/feeds/association-of-train-operating-companies/284/20210423/gtfs.zip,mdb-1311,,active
GB,Manchester,Go North West,https://data.discoverpassenger.com/operator/gonorthwest/dataset/current/download/gtfs,mdb-1936,https://www.nationalarchives.gov.uk/doc/open-government-licence/version/3/,active
GB,Newport,Newport Bus,https://data.discoverpassenger.com/operator/newportbus/dataset/current/download/gtfs,mdb-1945,https://www.nationalarchives.gov.uk/doc/open-government-licence/version/3/,active
GB,Norfolk,Sanders Coaches,https://data.discoverpassenger.com/operator/sanderscoaches/dataset/current/download/gtfs,mdb-2912,https://www.nationalarchives.gov.uk/doc/open-government-licence/version/3/,active
GB,Norfolk,konectbus,https://data.discoverpassenger.com/operator/konectbus/dataset/current/download/gtfs,mdb-1940,https://www.nationalarchives.gov.uk/doc/open-government-licence/version/3/,active
GB,North Tyneside,Go North East,https://data.discoverpassenger.com/operator/gonortheast/dataset/current/download/gtfs,mdb-1935,https://www.nationalarchives.gov.uk/doc/open-government-licence/version/3/,active
GB,North Yorkshire,East Yorkshire,https://data.discoverpassenger.com/operator/eyms/dataset/current/download/gtfs,mdb-1933,https://www.nationalarchives.gov.uk/doc/open-government-licence/version/3/,active
GB,Northern Ireland,"LUAS, Bus Átha Cliath - Dublin Bus, Go-Ahead Ireland, Iarnród Éireann / Irish Rail, Bus Éireann",https://www.transportforireland.ie/transitData/Data/GTFS_Realtime.zip,tld-5901,,active
GB,Northern Ireland,"TFI Local Link Mayo, TFI Local Link Kerry, TFI Local Link Cork, TFI Local Link Galway, TFI Local Link Longford Westmeath Roscommon, TFI Local Link Cavan Monaghan, TFI Local Link Tipperary, TFI Local Link Waterford, TFI Local Link Louth Meath Fingal, TFI Local Link Carlow Kilkenny Wicklow, TFI Local Link Limerick Clare, TFI Local Link Donegal Sligo Leitrim, TFI Local Link Wexford, TFI Local Link Kildare South Dublin, TFI Local Link Laois Offaly",https://www.transportforireland.ie/transitData/Data/GTFS_Local_Link.zip,tld-641,,active
GB,Northern Ireland,Transport for Ireland (TFI),https://www.transportforireland.ie/transitData/Data/GTFS_All.zip,mdb-2364,,active
GB,Oxfordshire,Carousel Buses,https://data.discoverpassenger.com/operator/carouselbuses/dataset/current/download/gtfs,mdb-1932,https://www.nationalarchives.gov.uk/doc/open-government-licence/version/3/,active
GB,Oxfordshire,Oxford Bus,https://data.discoverpassenger.com/operator/oxfordbus/dataset/current/download/gtfs,mdb-1947,https://www.nationalarchives.gov.uk/doc/open-government-licence/version/3/,active
GB,Scottish Borders,Borders Buses,https://data.discoverpassenger.com/operator/bordersbuses/dataset/current/download/gtfs,mdb-1929,https://www.nationalarchives.gov.uk/doc/open-government-licence/version/3/,active
GB,Slough,Green Line 702,https://data.discoverpassenger.com/operator/greenline/dataset/current/download/gtfs,mdb-1937,https://www.nationalarchives.gov.uk/doc/open-government-licence/version/3/,active
GB,Slough,Reading Buses,https://data.discoverpassenger.com/operator/readingbuses/dataset/current/download/gtfs,mdb-1949,https://www.nationalarchives.gov.uk/doc/open-government-licence/version/3/,active
GB,Slough,Thames Valley Buses,https://data.discoverpassenger.com/operator/courtney/dataset/current/download/gtfs,mdb-2913,https://www.nationalarchives.gov.uk/doc/open-government-licence/version/3/,active
GB,Southampton,Bluestar Bus,https://data.discoverpassenger.com/operator/bluestar/dataset/current/download/gtfs,mdb-2907,https://www.nationalarchives.gov.uk/doc/open-government-licence/version/3/,active
GB,Southampton,Unilink,https://data.discoverpassenger.com/operator/unilink/dataset/current/download/gtfs,mdb-1955,https://www.nationalarchives.gov.uk/doc/open-government-licence/version/3/,active
GB,Suffolk,Coach Services,https://data.discoverpassenger.com/operator/coachservices/dataset/current/download/gtfs,mdb-2909,https://www.nationalarchives.gov.uk/doc/open-government-licence/version/3/,active
GB,Suffolk,Hedingham and Chambers,https://data.discoverpassenger.com/operator/hedinghamandchambers/dataset/current/download/gtfs,mdb-1938,https://www.nationalarchives.gov.uk/doc/open-government-licence/version/3/,active
GB,Swindon,Swindon's Bus Company,https://data.discoverpassenger.com/operator/swindonbus/dataset/current/download/gtfs,mdb-1952,https://www.nationalarchives.gov.uk/doc/open-government-licence/version/3/,active
GB,Warrington,Warrington's Own Buses,https://data.discoverpassenger.com/operator/warrington/dataset/current/download/gtfs,mdb-1956,https://www.nationalarchives.gov.uk/doc/open-government-licence/version/3/,active
GB,West Berkshire,Newbury & District,https://data.discoverpassenger.com/operator/kennections/dataset/current/download/gtfs,mdb-1944,https://www.nationalarchives.gov.uk/doc/open-government-licence/version/3/,active
GB,West Sussex,Metrobus,https://data.discoverpassenger.com/operator/metrobus/dataset/current/download/gtfs,mdb-1942,https://www.nationalarchives.gov.uk/doc/open-government-licence/version/3/,active
GB,Wiltshire,Salisbury Reds,https://data.discoverpassenger.com/operator/salisburyreds/dataset/current/download/gtfs,mdb-1950,https://www.nationalarchives.gov.uk/doc/open-government-licence/version/3/,active
GB,national,BODS UK aggregate feed,https://data.bus-data.dft.gov.uk/timetable/download/gtfs-file/all/,mdb-2014,https://data.bus-data.dft.gov.uk/guidance/requirements/,active
GH,Kumasi,INGEROP,https://gitlab.com/digitaltransport/data/africa/kumasi/-/raw/master/GTFS-Kumasi.zip?inline=false,mdb-1814,,active
GL,Sermersooq,Nuup Bussii A/S,https://github.com/thomasryde/nuup-bussii-gtfs/releases/latest/download/nuup-bussii-gtfs.zip,mdb-3106,,active
GR,Municipal Unit of Kamatero,Athens Urban Transport Organization (OASA) - Road Transport Routes,https://data.gov.gr/dataset/fb049bb1-aea6-4443-95fa-8b941dd6a057/resource/119db488-16ea-4c76-b560-41c472872390/download/osy_gtfs.zip,mdb-3220,,active
GR,Municipality of Piraeus,Athens Urban Transport Organization (OASA) - Rail Routes,https://data.gov.gr/dataset/4e897a75-975a-4ce7-af65-f32ea01f93b9/resource/5e3858ee-d9ba-48c2-9015-744ea160976d/download/stasy_gtfs.zip,mdb-3221,,active
HN,national,GTFS Honduras Open (National Transit Feed),https://github.com/Heysoybruno09/honduras-transit-gtfs/archive/refs/heads/main.zip,mdb-3135,,active
HR,Općina Žakanje,HŽ Passenger Transport,https://www.hzpp.hr/GTFS_files.zip,mdb-3043,,active
HR,Zagreb,Zagrebački Električni Tramvaj,https://zet.hr/gtfs-scheduled/latest,tld-1071,,active
HR,Zagreb,bodo Verkehrsverbund,https://www.nvbw.de/fileadmin/user_upload/service/open_data/fahrplandaten_mit_liniennetz/bodo.zip,mdb-769,https://www.nvbw.de/open-data/fahrplandaten/fahrplandaten-mit-liniennetz,active
HR,Šibenik,Gradski parking d.o.o.,https://www.gradski-parking.hr/upload/stranice/2022/08/2022-08-30/89/gtfs.zip,mdb-2910,,active
HU,Budapest,Budapesti Közlekedési Központ (BKK),https://go.bkk.hu/api/static/v1/public-gtfs/budapest_gtfs.zip,mdb-990,,active
HU,Budaörs,Budaörs Város Önkormányzata,https://armadina-transit.fra1.digitaloceanspaces.com/budaors.zip,tld-1162,,active
HU,Bugac,Kecskeméti Kisvasút,https://kecskemetikisvasut.hu/wp-content/uploads/jk-gtfs/feed.zip,mdb-3184,,active
HU,Miskolc,Miskolc Városi Közlekedési,http://gtfs.cdata.hu/mvkzrt.zip,tld-883,,active
HU,Orosháza,FlexCom Kommunikációs Kft.,https://gtfs.gpspositions.net/storage/exports/OROSH_V_ONK/gtfs_latest.zip,mdb-3482,,active
HU,Pécs,BIOKOM,http://mobilitas.biokom.hu/gtfs,mdb-861,,active
HU,Sopron,"VOLÁNBUSZ - Balatonfűzfő, VOLÁNBUSZ - Balmazújváros, VOLÁNBUSZ - Dunaújváros, VOLÁNBUSZ - Baja, VOLÁNBUSZ - Mezőtúr, VOLÁNBUSZ - Mórahalom, VOLÁNBUSZ - Mosonmagyaróvár, VOLÁNBUSZ - Karcag, VOLÁNBUSZ - Gyula, VOLÁNBUSZ - Csongrád, VOLÁNBUSZ - Hajdúszoboszló, VOLÁNBUSZ - Gyöngyös, VOLÁNBUSZ - Komárom, VOLÁNBUSZ - Siklós, VOLÁNBUSZ - Bonyhád, VOLÁNBUSZ - Ajka, VOLÁNBUSZ - Kazincbarcika, VOLÁNBUSZ - Makó, VOLÁNBUSZ - Sopron, VOLÁNBUSZ - Bátaszék, VOLÁNBUSZ - Békés, VOLÁNBUSZ - Várpalota, VOLÁNBUSZ - Lenti, VOLÁNBUSZ - Körmend, VOLÁNBUSZ - Balassagyarmat, VOLÁNBUSZ - Szentes, VOLÁNBUSZ - Ózd, VOLÁNBUSZ - Fonyód, VOLÁNBUSZ - Székesfehérvár, VOLÁNBUSZ - Békéscsaba, VOLÁNBUSZ - Újszász, VOLÁNBUSZ - Nyíregyháza, VOLÁNBUSZ - Siófok, VOLÁNBUSZ - Nagyatád, VOLÁNBUSZ - Jászberény, VOLÁNBUSZ - Keszthely, VOLÁNBUSZ - Mezőberény, VOLÁNBUSZ - Tata, VOLÁNBUSZ - Eger, VOLÁNBUSZ - Balatonfüred, VOLÁNBUSZ - Csurgó, VOLÁNBUSZ - Szekszárd, VOLÁNBUSZ - Orosháza, VOLÁNBUSZ - Ercsi, VOLÁNBUSZ - Mohács, VOLÁNBUSZ - Vác, VOLÁNBUSZ - Esztergom, VOLÁNBUSZ - Győr, VOLÁNBUSZ - Salgótarján, VOLÁNBUSZ - Komló, VOLÁNBUSZ - Szigetvár, VOLÁNBUSZ - Szolnok, VOLÁNBUSZ - Tiszaújváros, VOLÁNBUSZ - Tiszafüred, VOLÁNBUSZ - Oroszlány, VOLÁNBUSZ - Nagykanizsa, VOLÁNBUSZ - Érd, VOLÁNBUSZ - Pápa, VOLÁNBUSZ - Zalaegerszeg, VOLÁNBUSZ - Gödöllő, VOLÁNBUSZ - Szeged, VOLÁNBUSZ - Bátonyterenye",https://gtfs.kti.hu/public-gtfs/volanbusz_gtfs.zip,tld-5862,,active
HU,Szeged,Szegedi Közlekedési Társaság,https://gtfs.menetbrand.com/download/szeged,mdb-887,http://szegedimenetrend.hu/,active
HU,Szombathely,Blaguss Agora Hungary Kft.,https://szombathely.utas.hu/api/static/v1/gtfs-google/gtfs-google.zip,tld-7875,,active
HU,Veszprém,V-BUSZ KFT,https://www.vbusz.hu/gtfs,mdb-1903,,active
ID,Kebayoran Baru,Transjakarta,https://gtfs.transjakarta.co.id/files/file_gtfs.zip,mdb-1909,,active
IE,Conamara Municipal District,Citylink,https://www.transportforireland.ie/transitData/Data/GTFS_Citylink.zip,tld-637,,active
IE,County Cork,Irish Rail,https://www.transportforireland.ie/transitData/Data/GTFS_Irish_Rail.zip,mdb-2637,https://www.transportforireland.ie/transitData/PT_Data.html,active
IE,County Cork,West Cork Connect,https://addtransit.com/gtfsfile/21113/WestCorkConnect.zip,mdb-2875,,active
IE,County Dublin,Aircoach,https://www.transportforireland.ie/transitData/Data/GTFS_Aircoach.zip,mdb-2640,https://www.transportforireland.ie/transitData/PT_Data.html,active
IE,County Dublin,Dublin Bus,https://www.transportforireland.ie/transitData/Data/GTFS_Dublin_Bus.zip,mdb-2635,https://www.transportforireland.ie/transitData/PT_Data.html,active
IE,County Dublin,Dublin Bus Nitelink,https://www.transportforireland.ie/transitData/Data/GTFS_Nitelink.zip,tld-635,,active
IE,County Dublin,Dublin Coach,https://www.transportforireland.ie/transitData/Data/GTFS_Dublin_Coach.zip,tld-626,,active
IE,County Dublin,GoAhead Ireland,https://www.transportforireland.ie/transitData/Data/GTFS_GoAhead.zip,mdb-2639,https://www.transportforireland.ie/transitData/PT_Data.html,active
IE,County Dublin,J.J Kavanagh & Sons,https://www.transportforireland.ie/transitData/Data/GTFS_JJ_Kavanagh.zip,tld-620,,active
IE,County Dublin,John Kearns,https://www.transportforireland.ie/transitData/Data/GTFS_Kearns_Transport.zip,tld-623,,active
IE,County Dublin,LUAS,https://www.transportforireland.ie/transitData/Data/GTFS_LUAS.zip,mdb-2638,https://www.transportforireland.ie/transitData/PT_Data.html,active
IE,County Dublin,Matthews Coach Hire,https://www.transportforireland.ie/transitData/Data/GTFS_Matthews.zip,tld-617,,active
IE,County Dublin,Swords Express,https://www.transportforireland.ie/transitData/Data/GTFS_Swords_Express.zip,tld-611,,active
IE,County Dublin,Wexford Bus,https://www.transportforireland.ie/transitData/Data/GTFS_Wexford_Bus.zip,tld-616,,active
IE,The Municipal District of Birr,"Catherine Madigan, Kelly Travel, Donal Harrington Coach Service, Farragher International Travel Services, Burkesbus, Collins Coaches, Halpenny Transport, McGonagle Bus & Coach Hire, Tralee Peoples Bus Service, Flight Link Limited, Keelings Retail UC, Eugene Deffely, Island Ferries Teoranta, St.Kevin's Bus Service, Treacy Coaches, Pat Naughton, Dave Long Coach Travel Limited, Finnegan-Bray Ltd, Joseph Foley, Mangan Tours, McGeehan Coaches, Michael Gray Coach Hire, John Paul Healy, Galway Bus Ltd, Barrys Coaches, Bus4u, Dunnes Coaches, K. Buggy Coaches Llimited, Matthew Whelan Mini Bus Hire, Patrick Gallagher Travel, Gleneagle Hotel (Killarney) Ltd, James Carolan, Flagline Coaches, National Express, Bus Feda Teoranta, Michael Kilbride, Doherty's Coach Travel, Mc Ginley Coach Travel, Martin Leydon Coaches, McConnon Travel, Joe Moroney Coach Hire Ltd, Gorey Coach & Bus Co. Ltd., Ardcavan Coach Tours, Kennedy Coaches, Martin Callinan, Michael Moran, Patrick Slevin & Sons (Coach Hire), Streamline Coaches, Barrett Travel, Eamon McEntee, Caroline O'Donoghue, Seamus O'Reilly, Royal Breffni Tours Ltd, TU Dublin Blancahrdstown, Patrick Keenan, Hallahans Bus and Coach Hire, Francis Finegan Coach Hire, Blueline Coaches Ltd, Allen's Bus Hire, McCaffrey Coaches Limited, MCD Minibus Hire, Walsh's Executive Travel, Andrew Wharton, City Direct, Lally Tours, Piltown Coaches, Michael O'Reilly",https://www.transportforireland.ie/transitData/Data/GTFS_Small_Operators.zip,tld-5576,,active
IE,The Municipal District of Castlecomer,"BK & Sons, JJ/Bernard Kavanagh",https://www.transportforireland.ie/transitData/Data/GTFS_Bernard_Kavanagh.zip,tld-592,,active
IE,The Municipal District of Kilkenny City,Slieve Bloom Coach Tours,https://www.transportforireland.ie/transitData/Data/GTFS_Slieve_Bloom.zip,tld-613,,active
IE,Tullow,Bus Éireann,https://www.transportforireland.ie/transitData/Data/GTFS_Bus_Eireann.zip,mdb-2636,https://www.transportforireland.ie/transitData/PT_Data.html,active
IE,Westport-Belmullet Municipal District,McGrath Coaches,https://www.transportforireland.ie/transitData/Data/GTFS_McGrath.zip,tld-601,,active
IL,Petah Tikva Subdistrict,Ministry of Transport and Road Safety,https://gtfs.mot.gov.il/gtfsfiles/israel-public-transportation.zip,mdb-2519,https://www.gov.il/he/pages/gtfs_general_transit_feed_specifications,active
IN,Dharawada taluku,Hubli Dharwad Bus Rapid Transit System Company Ltd.,https://github.com/croyla/hdbrts-gtfs/raw/refs/heads/main/gtfs_compat.zip,mdb-3141,,active
IN,Hosakote taluk,Bangalore Metropolitan Transport Corporation (BMTC),https://github.com/Vonter/bmtc-gtfs/raw/refs/heads/main/gtfs/bmtc.zip,mdb-2595,,active
IN,Hyderabad,Hyderabad TGSRTC Bus,https://data.opencity.in/dataset/88e2d145-7ec6-4666-88dd-6cf18b18312e/resource/1b0d18bb-b2fb-4a79-8ed0-1e071da5790c/download/telangana_opendata_gtfs_tgsrtc_08_february_2026.zip,mdb-3361,https://hmrl.co.in/open-data.html,active
IN,Lodhika Taluka,Rajkot Rampath Limited,https://github.com/croyla/rrl-gtfs/raw/refs/heads/main/gtfs_compat.zip,mdb-3142,,active
IN,Telangana,Hyderabad Metro Rail Ltd.,https://drive.usercontent.google.com/u/0/uc?id=15yr-YE_7BerxTDXCyVOWWkw4nyQlVUpb&export=download,mdb-2457,https://hmrl.co.in/open-data.html,active
IN,Vapi Taluka,Vapi City Bus Service,https://github.com/shubhamvelani/VapiGTFS/releases/download/v1.0.0/Vapi_GTFS.zip,mdb-3426,https://github.com/shubhamvelani/VapiGTFS/,active
IN,Vasai,"Mumbai Bus (BEST, KDMT)",https://github.com/croyla/mumbai-gtfs/raw/refs/heads/main/gtfs_compat.zip,mdb-3138,,active
IN,national,"Ahmedabad Janmarg Ltd, Ahmedabad Municipal Transit Services",https://github.com/croyla/amd-gtfs/raw/refs/heads/main/gtfs_compat.zip,mdb-3131,,active
IN,national,PMPML,https://raw.githubusercontent.com/croyla/pmpml-gtfs/refs/heads/main/pmpml_gtfs_compat.zip,mdb-3137,,active
IS,Kopavogur,"Strætó BS, Reykjanesbær, Akureyri",http://opendata.straeto.is/data/gtfs/gtfs.zip,tld-4056,,active
IT,Anghiari,Autolinee Toscane - Emg Extraurbano Uninone Comuni del Casentino,https://dati.toscana.it/dataset/8bb8f8fe-fe7d-41d0-90dc-49f2456180d1/resource/57c926f3-fce0-4e30-bc2d-27a69c399cfc/download/282-emgextraurbanounionecomunidelcasentino.gtfs,tld-7004,,active
IT,Apulia,Miccolis S.p.A.,http://dati.comune.matera.it/dataset/d0c92871-38dd-440b-95d1-7155b522d57e/resource/cb97b36d-293e-4dfb-84e3-50ba7e3d9d50/download/gtfs_matera.zip,mdb-912,,active
IT,Arezzo,Autolinee Toscane - Emg Extraurbano Civitella in Val di Chiana,https://dati.toscana.it/dataset/8bb8f8fe-fe7d-41d0-90dc-49f2456180d1/resource/1785fd96-1562-4e65-bcb1-404f9e589c55/download/286-emgextraurbanocivitellainvaldichiana.gtfs,tld-7007,,active
IT,Arezzo,Autolinee Toscane - ExtraUrbano Arezzo,https://dati.toscana.it/dataset/8bb8f8fe-fe7d-41d0-90dc-49f2456180d1/resource/96d06179-eec9-47d1-9673-54b691299238/download/28-extraurbanoarezzo.gtfs,tld-6952,,active
IT,Arezzo,Autolinee Toscane - Urbano Arezzo,https://dati.toscana.it/dataset/8bb8f8fe-fe7d-41d0-90dc-49f2456180d1/resource/dc221e7d-755b-420a-b6f6-8cd5fdf5001b/download/49-urbanoarezzo.gtfs,tld-7010,,active
IT,Arezzo,Trasporto Ferroviario Toscano,http://dati.toscana.it/dataset/8bb8f8fe-fe7d-41d0-90dc-49f2456180d1/resource/0a8e7c64-2314-4732-849a-67746b8a0eba/download/tft.gtfs,tld-322,,active
IT,Asciano,Autolinee Toscane - Urbano Siena,https://dati.toscana.it/dataset/8bb8f8fe-fe7d-41d0-90dc-49f2456180d1/resource/6f2e9070-7de2-439a-b5a0-88085b38de41/download/50-urbanosiena.gtfs,tld-7014,,active
IT,Aulla,Autolinee Toscane - ExtraUrbano Massa Carrara,https://dati.toscana.it/dataset/8bb8f8fe-fe7d-41d0-90dc-49f2456180d1/resource/07b84943-e6b7-4bf2-aedf-af9a06db5a7a/download/20-extraurbanomassacarrara.gtfs,tld-6966,,active
IT,Azzate,Autolinee Varesine,http://www.ctpi.it/Google_Transit/google_transit.zip,mdb-1059,,active
IT,Barberino Tavarnelle,Autolinee Toscane - Servizi Area Poggibonsi,https://dati.toscana.it/dataset/8bb8f8fe-fe7d-41d0-90dc-49f2456180d1/resource/a119ef7e-b4bb-4b2c-ba12-bd59721f9596/download/31-serviziareapoggibonsi.gtfs,tld-6972,,active
IT,Barberino di Mugello,Autolinee Toscane - ExtraUrbano Firenze,https://dati.toscana.it/dataset/8bb8f8fe-fe7d-41d0-90dc-49f2456180d1/resource/d6dc70c1-24ca-4d18-8f9c-b266d64fe4c9/download/26-extraurbanofirenze.gtfs,tld-6953,,active
IT,Barga,Autolinee Toscane - Emg Extraurbano Lucca,https://dati.toscana.it/dataset/8bb8f8fe-fe7d-41d0-90dc-49f2456180d1/resource/06a988de-61a7-4720-abdd-990e130a4cb7/download/221-emgextraurbanolucca.gtfs,tld-6986,,active
IT,Barga,Autolinee Toscane - ExtraUrbano Lucca,https://dati.toscana.it/dataset/8bb8f8fe-fe7d-41d0-90dc-49f2456180d1/resource/83944446-5fc9-4ff7-8917-e195b4f3285c/download/21-extraurbanolucca.gtfs,tld-6987,,active
IT,Bidda Matzràxia/Villamassargia,TRENITALIA,http://www.sardegnamobilita.it/opendata/dati_trenitalia.zip,mdb-1052,,active
IT,Bologna,Trasporto Passeggeri Emilia-Romagna,https://solweb.tper.it/web/tools/open-data/open-data-download.aspx?source=solweb.tper.it&filename=gtfsmex&version=20251223&format=zip,mdb-3041,https://solweb.tper.it/web/tools/open-data/open-data.aspx,active
IT,Brindisi,STP Brindisi,https://www.stpbrindisi.it/attachments/article/963/Urbano_Brindisi.zip,mdb-2022,https://www.stpbrindisi.it/index.php/linee-e-orari/open-data-esercizio,active
IT,Cagliari - Casteddu,ARST SpA - Trasporti Regionali Della Sardegna,https://www.arstspa.info/arst-cagliari-it.zip,mdb-895,,active
IT,Camaiore,Autolinee Toscane - Urbano Lucca,https://dati.toscana.it/dataset/8bb8f8fe-fe7d-41d0-90dc-49f2456180d1/resource/bdf9de12-5c7d-4285-a690-6dd1497fc9d8/download/43-urbanolucca.gtfs,tld-6991,,active
IT,Camaiore,Autolinee Toscane - Urbano Viareggio,https://dati.toscana.it/dataset/8bb8f8fe-fe7d-41d0-90dc-49f2456180d1/resource/7224a91d-e9f5-4525-8395-857ee06e2245/download/60-urbanoviareggio.gtfs,tld-6994,,active
IT,Campiglia Marittima,Autolinee Toscane - Urbano Piombino,https://dati.toscana.it/dataset/8bb8f8fe-fe7d-41d0-90dc-49f2456180d1/resource/38190106-dedd-4b44-ae3a-d59e40fe9f81/download/78-urbanopiombino.gtfs,tld-6975,,active
IT,Cantagallo,Autolinee Toscane - Debole Extraurbano Prato,https://dati.toscana.it/dataset/8bb8f8fe-fe7d-41d0-90dc-49f2456180d1/resource/e5290acb-dd9f-4c49-99b2-cbe991e5df45/download/125-deboleextraurbanoprato.gtfs,tld-6984,,active
IT,Capraia Isola,Toremar Toscana Regionale Marittima,http://dati.toscana.it/dataset/8bb8f8fe-fe7d-41d0-90dc-49f2456180d1/resource/56539a5a-e0be-49eb-b3ac-052a42ad0de0/download/toremar.gtfs,mdb-1068,,active
IT,Carrara,Autolinee Toscane - Urbano Carrara,https://dati.toscana.it/dataset/8bb8f8fe-fe7d-41d0-90dc-49f2456180d1/resource/16dd589b-b341-4d86-9c02-bc9f20772a23/download/42-urbanocarrara.gtfs,tld-6995,,active
IT,Carrara,Autolinee Toscane - Urbano Massa,https://dati.toscana.it/dataset/8bb8f8fe-fe7d-41d0-90dc-49f2456180d1/resource/5c6cf393-ee62-4fc0-b8b3-cc92ce4ea315/download/40-urbanomassa.gtfs,tld-6992,,active
IT,Carrara,Autolinee Toscane - Urbano Massa e Carrara,https://dati.toscana.it/dataset/8bb8f8fe-fe7d-41d0-90dc-49f2456180d1/resource/d386d347-93f6-4d0d-8c74-a15d7fc794b3/download/41-urbanomassaecarrara.gtfs,tld-6996,,active
IT,Cascina,Autolinee Toscane - Debole Urbano Pisa,https://dati.toscana.it/dataset/8bb8f8fe-fe7d-41d0-90dc-49f2456180d1/resource/860fadbd-9d01-49ec-aaef-51f4f62b77fc/download/144-deboleurbanopisa.gtfs,tld-6985,,active
IT,Castelfiorentino,Autolinee Toscane - Debole Extraurbano CEV,https://dati.toscana.it/dataset/8bb8f8fe-fe7d-41d0-90dc-49f2456180d1/resource/59335ed1-60e2-4258-b067-3426abf904a2/download/127-deboleextraurbanocev.gtfs,tld-6960,,active
IT,Castell'Azzara,Autolinee Toscane - Emg Extraurbano Siena,https://dati.toscana.it/dataset/8bb8f8fe-fe7d-41d0-90dc-49f2456180d1/resource/5c7ddba7-341a-4624-b023-08bda8ccfed0/download/229-emgextraurbanosiena.gtfs,tld-7009,,active
IT,Cecina,Autolinee Toscane - ExtraUrbano Pisa,https://dati.toscana.it/dataset/8bb8f8fe-fe7d-41d0-90dc-49f2456180d1/resource/e2166dd2-5424-4dfe-82f8-486becd15bf2/download/22-extraurbanopisa.gtfs,tld-6967,,active
IT,Cecina,Autolinee Toscane - Urbano Cecina,https://dati.toscana.it/dataset/8bb8f8fe-fe7d-41d0-90dc-49f2456180d1/resource/8d5d8fb7-2fe1-474f-a3bf-65803a9ccb74/download/63-urbanocecina.gtfs,tld-6973,,active
IT,Ceraxus/Selargius,CTM SpA Cagliari,https://www.ctmcagliari.it/open_data/GTFS.zip,tld-576,,active
IT,Certaldo,Autolinee Toscane - Urbano Certaldo,https://dati.toscana.it/dataset/8bb8f8fe-fe7d-41d0-90dc-49f2456180d1/resource/b18822d5-dc9d-4dce-8f04-8f09395eb62c/download/68-urbanocertaldo.gtfs,tld-6982,,active
IT,Chianciano Terme,Autolinee Toscane - Urbano Chianciano Terme,https://dati.toscana.it/dataset/8bb8f8fe-fe7d-41d0-90dc-49f2456180d1/resource/f5833664-34a7-4bd6-93a8-95a4dfa96791/download/72-urbanochiancianoterme.gtfs,tld-7012,,active
IT,Chiusi,Autolinee Toscane - Urbano Chiusi,https://dati.toscana.it/dataset/8bb8f8fe-fe7d-41d0-90dc-49f2456180d1/resource/779caad8-eef8-4bba-b04d-7e9c78e28010/download/71-urbanochiusi.gtfs,tld-7011,,active
IT,Civitella in Val di Chiana,Trasporto Ferroviario Toscano,https://dati.toscana.it/dataset/8bb8f8fe-fe7d-41d0-90dc-49f2456180d1/resource/59aeacbc-99ee-410b-ac1e-622b5574a666/download/tft.gtfs,tld-7005,,active
IT,Colle di Val d'Elsa,Autolinee Toscane - Urbano Colle Valdelsa,https://dati.toscana.it/dataset/8bb8f8fe-fe7d-41d0-90dc-49f2456180d1/resource/89cf11ce-9d33-4b06-9ca3-c7bac69f361d/download/73-urbanocollevaldelsa.gtfs,tld-6974,,active
IT,Colle di Val d'Elsa,Autolinee Toscane - Urbano San Gimignano,https://dati.toscana.it/dataset/8bb8f8fe-fe7d-41d0-90dc-49f2456180d1/resource/eeeaddfe-abe1-4d7f-b2fb-ac6d36b380be/download/76-urbanosangimignano.gtfs,tld-6977,,active
IT,Collesalvetti,Autolinee Toscane - Urbano Livorno,https://dati.toscana.it/dataset/8bb8f8fe-fe7d-41d0-90dc-49f2456180d1/resource/c56873f2-3a52-4087-afd8-29e896352a58/download/45-urbanolivorno.gtfs,tld-6969,,active
IT,Empoli,Autolinee Toscane - Urbano Empoli,https://dati.toscana.it/dataset/8bb8f8fe-fe7d-41d0-90dc-49f2456180d1/resource/9bf0a1cf-2a24-4716-9de2-0a6272fd997e/download/69-urbanoempoli.gtfs,tld-6990,,active
IT,Fano,Trenitalia | Contram Mobilita s.c.p.a. | Trasfer Soc. Cons. a.r.l. | Adriabus spa | Soc. Consortile A.T.M.A. | Start Spa,https://dati.toscana.it/dataset/8bb8f8fe-fe7d-41d0-90dc-49f2456180d1/resource/4f85393b-357d-443d-8378-65de4198505f/download/trenitalia.gtfs,mdb-1319,http://www.opendefinition.org/licenses/cc-by,active
IT,Florence,Autolinee Toscane - Linee Regionali,https://dati.toscana.it/dataset/8bb8f8fe-fe7d-41d0-90dc-49f2456180d1/resource/ae4594d4-d395-4651-a097-446e878e9005/download/90-lineeregionali.gtfs,tld-6957,,active
IT,Florence,Autolinee Toscane - Urbano Area Metropolitana Fiorentina,https://dati.toscana.it/dataset/8bb8f8fe-fe7d-41d0-90dc-49f2456180d1/resource/20813d08-a8dd-48ad-9fd5-38ca16a2fd79/download/48-urbanoareametropolitanafiorentina.gtfs,tld-6959,,active
IT,Follonica,Autolinee Toscane - Urbano Follonica,https://dati.toscana.it/dataset/8bb8f8fe-fe7d-41d0-90dc-49f2456180d1/resource/f3f33691-87ba-4db2-8c97-ae9b724a6c21/download/77-urbanofollonica.gtfs,tld-6980,,active
IT,Fossano,Gruppo Torinese Trasporti (GTT),https://www.gtt.to.it/open_data/gtt_gtfs.zip,mdb-2687,https://www.gtt.to.it/gtt_gtfs_license.html,active
IT,Fossò,Automobilistico,http://actv.avmspa.it/sites/default/files/attachments/opendata/automobilistico/actv_aut.zip,mdb-1062,,active
IT,Francavilla Fontana,STP Brindisi,https://www.stpbrindisi.it/attachments/article/963/Urbano_Francavilla.zip,mdb-2023,https://www.stpbrindisi.it/index.php/linee-e-orari/open-data-esercizio,active
IT,Gaiole in Chianti,Autolinee Toscane - ExtraUrbano Siena,https://dati.toscana.it/dataset/8bb8f8fe-fe7d-41d0-90dc-49f2456180d1/resource/e7d8c9ae-95ea-473f-8750-d3a40a0c2b43/download/29-extraurbanosiena.gtfs,tld-6955,,active
IT,Genoa,Azienda Mobilità e Trasporti,http://opendatagoogletransit.comune.genova.it/downloads/google_transit.zip,tld-958,,active
IT,Grosseto,Autolinee Toscane - Urbano Grosseto,https://dati.toscana.it/dataset/8bb8f8fe-fe7d-41d0-90dc-49f2456180d1/resource/47d0795b-4172-401d-af43-b4dff4004db4/download/51-urbanogrosseto.gtfs,tld-6979,,active
IT,Lecce,Società Gestione Multipla (SGM),http://dati.comune.lecce.it/trasporti/gtfs/google_transit.zip,mdb-1066,http://creativecommons.org/licenses/by/4.0/deed.it,active
IT,Locorotondo,STP Brindisi,https://www.stpbrindisi.it/attachments/article/963/Extraurbano.zip,mdb-2021,https://www.stpbrindisi.it/index.php/linee-e-orari/open-data-esercizio,active
IT,Marsala,Comune di Marsala,https://marsala-api.cloud.municipiumapp.it/s3/3885/allegati/gtfs/comunedi-marsala-it.zip,mdb-3201,,active
IT,Milan,Azienda Trasporti MIlanesi (ATM),https://dati.comune.milano.it/gtfs.zip,mdb-2666,https://dati.comune.milano.it/dataset/ds929-orari-del-trasporto-pubblico-locale-nel-comune-di-milano-in-formato-gtfs,active
IT,Milan,TRENITALIA FRANCE,https://www.data.gouv.fr/api/1/datasets/r/bdecea2c-ebc9-4f22-812d-927e4a2e4bad,tdg-81653,https://www.data.gouv.fr/pages/legal/licences/etalab-2.0,active
IT,Monte San Savino,Autolinee Toscane - Emg Extraurbano Monte San Savino,https://dati.toscana.it/dataset/8bb8f8fe-fe7d-41d0-90dc-49f2456180d1/resource/50765ae2-e7ea-4ed1-b5ed-b94c764eecad/download/285-emgextraurbanomontesansavino.gtfs,tld-7015,,active
IT,Montecatini-Terme,Autolinee Toscane - Urbano Montecatini Terme,https://dati.toscana.it/dataset/8bb8f8fe-fe7d-41d0-90dc-49f2456180d1/resource/e0cd5e19-5022-4160-9e40-dad8e1e89c2d/download/66-urbanomontecatiniterme.gtfs,tld-6999,,active
IT,Montepulciano,Autolinee Toscane - Urbano Montepulciano,https://dati.toscana.it/dataset/8bb8f8fe-fe7d-41d0-90dc-49f2456180d1/resource/8240437c-a34f-4df1-a0d7-1d402e34bbdc/download/74-urbanomontepulciano.gtfs,tld-7013,,active
IT,Monza,Regional Rail Transport Germany,https://download.gtfs.de/germany/rv_free/latest.zip,mdb-1089,,active
IT,Naples,Azienda Napoletana Mobilità,http://www.anm.it/google/google-transit.zip,mdb-893,,active
IT,Naples,"Azienda Napoletana Mobilità, Trenitalia",https://www.anm.it/google/google-transit.zip,tld-47,,active
IT,Naples,"Ente Autonomo Volturno  S.r.l., Prova",https://www.wimob.it/cfile/download.php?file=google-transit.zip,tld-4833,,active
IT,Novara,Trenord,https://www.dati.lombardia.it/download/3z4k-mxz9/application%2Fzip,mdb-855,,active
IT,Nùgoro/Nuoro,ATP Nuoro,https://www.atpnuoro.it/media/files/dati_atpnu.zip,mdb-991,https://creativecommons.org/licenses/by/4.0/deed.it,active
IT,Olbia,ASPO Olbia,https://www.aspo.it/wp-content/uploads/open_data.zip,mdb-2008,https://www.sardegnamobilita.it/open-data,active
IT,Ostuni,STP Brindisi,https://www.stpbrindisi.it/attachments/article/963/Urbano_Ostuni.zip,mdb-2020,https://www.stpbrindisi.it/index.php/linee-e-orari/open-data-esercizio,active
IT,Palaia,Autolinee Toscane - Emg Extraurbano Pisa,https://dati.toscana.it/dataset/8bb8f8fe-fe7d-41d0-90dc-49f2456180d1/resource/56e3ad2e-f759-47f0-b136-621495b55429/download/222-emgextraurbanopisa.gtfs,tld-6963,,active
IT,Palermo,AMAT Palermo S.P.A.,https://opendata.comune.palermo.it/js/server/uploads/dataset/gtfs/amat_gtfs.zip,mdb-2373,https://opendata.comune.palermo.it/opendata-dataset.php?dataset=1303,active
IT,Pescia,Autolinee Toscane - Urbano Pescia,https://dati.toscana.it/dataset/8bb8f8fe-fe7d-41d0-90dc-49f2456180d1/resource/51756e91-d2c4-4f7d-b26e-95210850d256/download/67-urbanopescia.gtfs,tld-7000,,active
IT,Pistoia,Autolinee Toscane - ExtraUrbano Pistoia,https://dati.toscana.it/dataset/8bb8f8fe-fe7d-41d0-90dc-49f2456180d1/resource/06ba1481-7337-4a69-beac-94506668d7be/download/24-extraurbanopistoia.gtfs,tld-6988,,active
IT,Pistoia,Autolinee Toscane - Urbano Pistoia,https://dati.toscana.it/dataset/8bb8f8fe-fe7d-41d0-90dc-49f2456180d1/resource/f7268328-64bc-41d9-a776-48164c2902ca/download/46-urbanopistoia.gtfs,tld-6993,,active
IT,Pontedera,Autolinee Toscane - Emg Urbano Pontedera,https://dati.toscana.it/dataset/8bb8f8fe-fe7d-41d0-90dc-49f2456180d1/resource/ac839131-ff20-4605-a94e-abb1fdbefecb/download/261-emgurbanopontedera.gtfs,tld-6997,,active
IT,Pontedera,Autolinee Toscane - Servizi Sostitutivi Ferro,https://dati.toscana.it/dataset/8bb8f8fe-fe7d-41d0-90dc-49f2456180d1/resource/3e42cdea-55cb-4843-91ff-d3eaa738cafb/download/98-servizisostitutiviferro.gtfs,tld-6958,,active
IT,Portoferraio,Autolinee Toscane - Urbano Portoferraio,https://dati.toscana.it/dataset/8bb8f8fe-fe7d-41d0-90dc-49f2456180d1/resource/e71c206c-7763-4c4e-944b-4f65584d59a5/download/64-urbanoportoferraio.gtfs,tld-6978,,active
IT,Quarrata,Autolinee Toscane - ExtraUrbano Prato,https://dati.toscana.it/dataset/8bb8f8fe-fe7d-41d0-90dc-49f2456180d1/resource/19fba624-b87c-477b-b79d-5ad94af05875/download/25-extraurbanoprato.gtfs,tld-6989,,active
IT,Rende,Centrale Operativa REgionale (CORE) Calabria,https://mobilita.regione.calabria.it/gtfs/otp_gtfs.zip,mdb-2668,https://dati.regione.calabria.it/catalogo/percorsi-linee-trasporto-pubblico/,active
IT,Rome,Roma Servizi per la Mobilità,https://romamobilita.it/sites/default/files/rome_static_gtfs.zip,mdb-1294,https://romamobilita.it/it/tecnologie/open-data/dataset,active
IT,Rosignano Marittimo,Autolinee Toscane - Urbano Rosignano Marittimo,https://dati.toscana.it/dataset/8bb8f8fe-fe7d-41d0-90dc-49f2456180d1/resource/71aa554d-4229-4fee-8d9d-533a15d5beae/download/65-urbanorosignanomarittimo.gtfs,tld-6976,,active
IT,San Giovanni Valdarno,Autolinee Toscane - Urbano Intercomunale Valdarno Aretino,https://dati.toscana.it/dataset/8bb8f8fe-fe7d-41d0-90dc-49f2456180d1/resource/c6eb2ee7-5dc3-4d72-b7a6-9541547841f5/download/70-urbanointercomunalevaldarnoaretino.gtfs,tld-7006,,active
IT,San Giustino,Autolinee Toscane - Emg Extraurbano Sansepolcro,https://dati.toscana.it/dataset/8bb8f8fe-fe7d-41d0-90dc-49f2456180d1/resource/b44ec565-b300-43fc-8691-efb112869c79/download/283-emgextraurbanosansepolcro.gtfs,tld-7002,,active
IT,San Miniato,Autolinee Toscane - Emg Urbano San Miniato,https://dati.toscana.it/dataset/8bb8f8fe-fe7d-41d0-90dc-49f2456180d1/resource/ab562132-ff67-4ffb-9f72-827d05c1a43a/download/287-emgurbanosanminiato.gtfs,tld-6998,,active
IT,Scandicci,GEST S.p.A.,https://dati.toscana.it/dataset/8bb8f8fe-fe7d-41d0-90dc-49f2456180d1/resource/1f62d551-65f4-49f8-9a99-e19b02077be3/download/gest.gtfs,tld-6956,,active
IT,Serravalle Pistoiese,Autolinee Toscane - Debole Extraurbano Pistoia,https://dati.toscana.it/dataset/8bb8f8fe-fe7d-41d0-90dc-49f2456180d1/resource/d59bd5d4-865f-4d11-89ee-bdc908effab3/download/124-deboleextraurbanopistoia.gtfs,tld-6983,,active
IT,Sorano,Cotral S.p.A.,https://proxy.busone.app/cotral/gtfs.zip,mdb-3386,https://proxy.busone.app/cotral/readme,active
IT,Sòssu/Sorso,ASARA GIUSEPPE EREDI AUTOSERVIZI S.R.L.,http://www.sardegnamobilita.it/opendata/R_SARDEGTRASP_00007_1_dati_privati.zip,mdb-2993,,active
IT,Trento,Trentino Trasporti SpA (TT),https://www.trentinotrasporti.it/opendata/google_transit_urbano_tte.zip,mdb-978,,active
IT,U Pàize/Carloforte,Delcomar,http://www.sardegnamobilita.it/opendata/dati_mare.zip,mdb-1047,https://creativecommons.org/licenses/by/4.0/deed.it,active
IT,Vecchiano,Autolinee Toscane - Urbano Pisa,https://dati.toscana.it/dataset/8bb8f8fe-fe7d-41d0-90dc-49f2456180d1/resource/e12be15e-5cd2-48d7-84c7-dcfa2976103c/download/44-urbanopisa.gtfs,tld-6970,,active
IT,Venice,Alilaguna,http://www.alilaguna.it/attuale/alilaguna.zip,mdb-891,,active
IT,Venice,Azienda del Consorzio Trasporti Veneziano (ACTV) Navigazione,http://actv.avmspa.it/sites/default/files/attachments/opendata/navigazione/actv_nav.zip,mdb-1063,https://actv.avmspa.it/it/content/catalogo-dei-dati-metadati-e-banche-dati-actv,active
IT,Vercelli,Azienda Trasporti Automobilistici Pubblici delle Province di Biella e Vercelli (ATAP),http://www.magellanoprogetti.it/atap/google_transit.zip,mdb-854,,active
IT,Volterra,Autolinee Toscane - Emg Urbano Volterra,https://dati.toscana.it/dataset/8bb8f8fe-fe7d-41d0-90dc-49f2456180d1/resource/38ba32a8-01b9-4ffd-baed-2551ad765180/download/262-emgurbanovolterra.gtfs,tld-6981,,active
JP,Achi,南信州地域交通問題協議会（南信州広域連合）,https://api.gtfs-data.jp/v2/organizations/minamishinshu/feeds/Minamishinshu-seibu-1/files/feed.zip?rid=current,jbda-minamishinshu-Minamishinshu-seibu-1,https://creativecommons.org/licenses/by/4.0/deed.ja,active
JP,Adachi,Tokyo Metropolitan Bureau of Transportation - Toei Bus,https://api-public.odpt.org/api/v4/files/Toei/data/ToeiBus-GTFS.zip,mdb-3175,https://creativecommons.org/licenses/by/4.0/,active
JP,Adachi,葛飾区,https://api.gtfs-data.jp/v2/organizations/katsushikacity/feeds/sakura/files/feed.zip?rid=current,jbda-katsushikacity-sakura,https://creativecommons.org/licenses/by/4.0/deed.ja,active
JP,Agematsu,上松町,https://api.gtfs-data.jp/v2/organizations/agematsutown/feeds/agematu/files/feed.zip?rid=current,jbda-agematsutown-agematu,https://creativecommons.org/publicdomain/zero/1.0/deed.ja,active
JP,Akashi,明石市,https://api.gtfs-data.jp/v2/organizations/akashicity/feeds/tacobustacobusmini/files/feed.zip?rid=current,jbda-akashicity-tacobustacobusmini,https://creativecommons.org/licenses/by/4.0/deed.ja,active
JP,Aki,安芸市,https://api.gtfs-data.jp/v2/organizations/akicity/feeds/GTFS-Akicity_Bus/files/feed.zip?rid=current,jbda-akicity-GTFS-Akicity_Bus,https://creativecommons.org/licenses/by/4.0/deed.ja,active
JP,Aki,高知東部交通株式会社,https://api.gtfs-data.jp/v2/organizations/kochi-tobu-kotsu/feeds/GTFS-Tobutraffic_Localbus/files/feed.zip?rid=current,jbda-kochi-tobu-kotsu-GTFS-Tobutraffic_Localbus,https://creativecommons.org/licenses/by/4.0/deed.ja,active
JP,Ako,赤穂市,https://api.gtfs-data.jp/v2/organizations/akocity/feeds/yuranosuke/files/feed.zip?rid=current,jbda-akocity-yuranosuke,https://creativecommons.org/licenses/by/2.1/jp/,active
JP,Ama,あま市,https://api.gtfs-data.jp/v2/organizations/amacity/feeds/amashijunkaibasu/files/feed.zip?rid=current,jbda-amacity-amashijunkaibasu,https://creativecommons.org/licenses/by/4.0/deed.ja,active
JP,Ando,安堵町,https://api.gtfs-data.jp/v2/organizations/andotown/feeds/andocombus/files/feed.zip?rid=current,jbda-andotown-andocombus,https://creativecommons.org/licenses/by/4.0/deed.ja,active
JP,Anjo,安城市,https://api.gtfs-data.jp/v2/organizations/anjocity/feeds/AnkuruBus/files/feed.zip?rid=current,jbda-anjocity-AnkuruBus,https://creativecommons.org/licenses/by/4.0/deed.ja,active
JP,Anjo,碧南市,https://api.gtfs-data.jp/v2/organizations/hekinancity/feeds/kurukuru-bus/files/feed.zip?rid=current,jbda-hekinancity-kurukuru-bus,https://creativecommons.org/licenses/by/4.0/deed.ja,active
JP,Annaka,安中市,https://api.gtfs-data.jp/v2/organizations/annakacity/feeds/annakashi-rosenbus/files/feed.zip?rid=current,jbda-annakacity-annakashi-rosenbus,https://creativecommons.org/licenses/by/4.0/deed.ja,active
JP,Aomori,下北交通株式会社,https://api.gtfs-data.jp/v2/organizations/shimoko/feeds/shimokitakotsu/files/feed.zip?rid=current,jbda-shimoko-shimokitakotsu,https://creativecommons.org/licenses/by/4.0/deed.ja,active
JP,Aomori,青森市,https://api-public.odpt.org/api/v4/files/odpt/UrbanDevelopment_AomoriCity/AllLines.zip?date=current,odpt-UrbanDevelopment_AomoriCity-AllLines,https://creativecommons.org/licenses/by/4.0/,active
JP,Aomori,青森市企業局交通部,https://api-public.odpt.org/api/v4/files/odpt/AomoriCity/AllLines.zip?date=current,odpt-AomoriCity-AllLines,https://creativecommons.org/licenses/by/4.0/,active
JP,Arakawa,荒川区,https://api.gtfs-data.jp/v2/organizations/arakawacity/feeds/sakura/files/feed.zip?rid=current,jbda-arakawacity-sakura,https://creativecommons.org/licenses/by/4.0/deed.ja,active
JP,Aridagawa,有田川町,https://api.gtfs-data.jp/v2/organizations/aridagawatown/feeds/aridagawatownbus/files/feed.zip?rid=current,jbda-aridagawatown-aridagawatownbus,https://creativecommons.org/licenses/by/4.0/deed.ja,active
JP,Asahi,富山県朝日町,https://api.gtfs-data.jp/v2/organizations/toyama-asahitown/feeds/asahimachibus/files/feed.zip?rid=current,jbda-toyama-asahitown-asahimachibus,https://creativecommons.org/publicdomain/zero/1.0/deed.ja,active
JP,Asahi,朝日町,https://api.gtfs-data.jp/v2/organizations/yamagata-asahitown/feeds/AsahiTown/files/feed.zip?rid=current,jbda-yamagata-asahitown-AsahiTown,https://creativecommons.org/licenses/by/4.0/deed.ja,active
JP,Asakura,株式会社甘木観光バス,https://api.gtfs-data.jp/v2/organizations/amagikankobus/feeds/AmagiKankoBus/files/feed.zip?rid=current,jbda-amagikankobus-AmagiKankoBus,https://creativecommons.org/licenses/by/4.0/deed.ja,active
JP,Ashikaga,足利市,https://api.gtfs-data.jp/v2/organizations/ashikagacity/feeds/Ashikaga-route-bus/files/feed.zip?rid=current,jbda-ashikagacity-Ashikaga-route-bus,https://creativecommons.org/licenses/by/4.0/deed.ja,active
JP,Ashiya,芦屋町,https://api.gtfs-data.jp/v2/organizations/ashiyatown/feeds/AshiyaTownBus/files/feed.zip?rid=current,jbda-ashiyatown-AshiyaTownBus,https://creativecommons.org/licenses/by/4.0/deed.ja,active
JP,Bunkyo,日立自動車交通株式会社,https://api-public.odpt.org/api/v4/files/odpt/HitachiAutomobileTransportation/AllLines.zip?date=current,odpt-HitachiAutomobileTransportation-AllLines,https://creativecommons.org/licenses/by/4.0/,active
JP,Buzen,中津市,https://api.gtfs-data.jp/v2/organizations/nakatsucity/feeds/BuzenNakatsu/files/feed.zip?rid=current,jbda-nakatsucity-BuzenNakatsu,https://creativecommons.org/licenses/by/4.0/deed.ja,active
JP,Buzen,豊前市,https://api.gtfs-data.jp/v2/organizations/buzencity/feeds/BuzenCityBus/files/feed.zip?rid=current,jbda-buzencity-BuzenCityBus,https://creativecommons.org/licenses/by/4.0/deed.ja,active
JP,Chigasaki,茅ヶ崎市,https://api.gtfs-data.jp/v2/organizations/chigasakicity/feeds/eboshigou/files/feed.zip?rid=current,jbda-chigasakicity-eboshigou,https://creativecommons.org/licenses/by/4.0/deed.ja,active
JP,Chikugo,筑後市,https://api.gtfs-data.jp/v2/organizations/chikugocity/feeds/HainuzukaStationAreaLoopBus/files/feed.zip?rid=current,jbda-chikugocity-HainuzukaStationAreaLoopBus,https://creativecommons.org/licenses/by/4.0/deed.ja,active
JP,Chikujo,築上町,https://api.gtfs-data.jp/v2/organizations/chikujotown/feeds/ChikujoTownCommunityBus/files/feed.zip?rid=current,jbda-chikujotown-ChikujoTownCommunityBus,https://creativecommons.org/licenses/by/4.0/deed.ja,active
JP,Chikuma,千曲市,https://api.gtfs-data.jp/v2/organizations/chikumacity/feeds/chikumajunkanbus/files/feed.zip?rid=current,jbda-chikumacity-chikumajunkanbus,https://creativecommons.org/licenses/by/4.0/deed.ja,active
JP,Chikusei,結城市,https://api.gtfs-data.jp/v2/organizations/yukicity/feeds/junkaibus/files/feed.zip?rid=current,jbda-yukicity-junkaibus,https://creativecommons.org/publicdomain/zero/1.0/deed.ja,active
JP,Chiryu,知立市,https://api.gtfs-data.jp/v2/organizations/chiryucity/feeds/communitybus/files/feed.zip?rid=current,jbda-chiryucity-communitybus,https://creativecommons.org/licenses/by/2.1/jp/,active
JP,Chita,知多市,https://api.gtfs-data.jp/v2/organizations/chitacity/feeds/chita-aiaibus/files/feed.zip?rid=current,jbda-chitacity-chita-aiaibus,https://creativecommons.org/licenses/by/4.0/deed.ja,active
JP,Chuo,日立自動車交通株式会社,https://api-public.odpt.org/api/v4/files/odpt/HitachiAutomobileTransportation/Chiyoda_ALLLINES.zip?date=current,odpt-HitachiAutomobileTransportation-Chiyoda_ALLLINES,https://creativecommons.org/licenses/by/4.0/,active
JP,Dazaifu,太宰府市,https://api.gtfs-data.jp/v2/organizations/dazaifucity/feeds/DazaifuCityCommunityBus/files/feed.zip?rid=current,jbda-dazaifucity-DazaifuCityCommunityBus,https://creativecommons.org/licenses/by/4.0/deed.ja,active
JP,Ena,東濃鉄道,https://api.gtfs-data.jp/v2/organizations/tohtetsu/feeds/tohtetsu_ena/files/feed.zip?rid=current,jbda-tohtetsu-tohtetsu_ena,https://creativecommons.org/licenses/by/4.0/deed.ja,active
JP,Fukaura,深浦町,https://api.gtfs-data.jp/v2/organizations/fukauratown/feeds/fukaura-town-communitybus/files/feed.zip?rid=current,jbda-fukauratown-fukaura-town-communitybus,https://creativecommons.org/licenses/by/4.0/deed.ja,active
JP,Fukui,京福バス株式会社,https://api-public.odpt.org/api/v4/files/odpt/KeifukuBus/keifuku_rosen.zip?date=current,odpt-KeifukuBus-keifuku_rosen,https://creativecommons.org/licenses/by/4.0/,active
JP,Fukuoka,福岡市,https://api.gtfs-data.jp/v2/organizations/fukuokacity/feeds/ImajukuMeinohamaLine/files/feed.zip?rid=current,jbda-fukuokacity-ImajukuMeinohamaLine,https://creativecommons.org/licenses/by/4.0/deed.ja,active
JP,Fukusaki,福崎町,https://api.gtfs-data.jp/v2/organizations/fukusakitown/feeds/junkai-fukuhime-fukusakikasairenkei/files/feed.zip?rid=current,jbda-fukusakitown-junkai-fukuhime-fukusakikasairenkei,https://creativecommons.org/licenses/by/2.1/jp/,active
JP,Fukutsu,福津市,https://api.gtfs-data.jp/v2/organizations/fukutsucity/feeds/minibus/files/feed.zip?rid=current,jbda-fukutsucity-minibus,https://creativecommons.org/licenses/by/4.0/deed.ja,active
JP,Fussa,瑞穂町,https://api-public.odpt.org/api/v4/files/odpt/MizuhoTown/Mizuho_Area.zip?date=current,odpt-MizuhoTown-Mizuho_Area,https://creativecommons.org/licenses/by/4.0/,active
JP,Fussa,瑞穂町,https://api.gtfs-data.jp/v2/organizations/mizuhotown/feeds/DemandResponsiveTransport/files/feed.zip?rid=current,jbda-mizuhotown-DemandResponsiveTransport,https://creativecommons.org/licenses/by/4.0/deed.ja,active
JP,Geisei,芸西村,https://api.gtfs-data.jp/v2/organizations/geiseivillage/feeds/GTFS-Geiseivill_Bus/files/feed.zip?rid=current,jbda-geiseivillage-GTFS-Geiseivill_Bus,https://creativecommons.org/licenses/by/4.0/deed.ja,active
JP,Gero,下呂市,https://api.gtfs-data.jp/v2/organizations/gerocity/feeds/gerobus/files/feed.zip?rid=current,jbda-gerocity-gerobus,https://creativecommons.org/licenses/by/4.0/deed.ja,active
JP,Ginan,岐阜市,https://api.gtfs-data.jp/v2/organizations/gifucity/feeds/communitybus/files/feed.zip?rid=current,jbda-gifucity-communitybus,https://creativecommons.org/licenses/by/4.0/deed.ja,active
JP,Goshogawara,五所川原市,https://api.gtfs-data.jp/v2/organizations/goshogawaracity/feeds/goshogawara-communitybus/files/feed.zip?rid=current,jbda-goshogawaracity-goshogawara-communitybus,https://creativecommons.org/licenses/by/4.0/deed.ja,active
JP,Gujo,八幡観光バス,https://api.gtfs-data.jp/v2/organizations/hachikanbus/feeds/hachimanbus/files/feed.zip?rid=current,jbda-hachikanbus-hachimanbus,https://creativecommons.org/licenses/by/4.0/deed.ja,active
JP,Gujo,白鳥交通,https://api.gtfs-data.jp/v2/organizations/shirotori-kotsu/feeds/shirotorikotsu/files/feed.zip?rid=current,jbda-shirotori-kotsu-shirotorikotsu,https://creativecommons.org/licenses/by/4.0/deed.ja,active
JP,Gujo,郡上市,https://api.gtfs-data.jp/v2/organizations/gujocity/feeds/citybus/files/feed.zip?rid=current,jbda-gujocity-citybus,https://creativecommons.org/licenses/by/4.0/deed.ja,active
JP,Hachinohe,八戸市,https://api.gtfs-data.jp/v2/organizations/hachinohecity/feeds/hachinohe-nango/files/feed.zip?rid=current,jbda-hachinohecity-hachinohe-nango,https://creativecommons.org/licenses/by/4.0/deed.ja,active
JP,Hachinohe,八戸市交通部,https://api.gtfs-data.jp/v2/organizations/hachinohe/feeds/hachinohe-citybus/files/feed.zip?rid=current,jbda-hachinohe-hachinohe-citybus,https://creativecommons.org/licenses/by/4.0/deed.ja,active
JP,Hachinohe,十和田観光電鉄株式会社,https://api.gtfs-data.jp/v2/organizations/towadakankodentetsu/feeds/toutetsu_airport_line/files/feed.zip?rid=current,jbda-towadakankodentetsu-toutetsu_airport_line,https://creativecommons.org/licenses/by/4.0/deed.ja,active
JP,Hakusan,白山市,https://api.gtfs-data.jp/v2/organizations/hakusancity/feeds/hakusan_bus_meguru/files/feed.zip?rid=current,jbda-hakusancity-hakusan_bus_meguru,https://creativecommons.org/licenses/by/4.0/deed.ja,active
JP,Handa,東浦町,https://api.gtfs-data.jp/v2/organizations/higashiuratown/feeds/communitybus/files/feed.zip?rid=current,jbda-higashiuratown-communitybus,https://creativecommons.org/licenses/by/4.0/deed.ja,active
JP,Handa,武豊町,https://api.gtfs-data.jp/v2/organizations/taketoyotown/feeds/communitybus/files/feed.zip?rid=current,jbda-taketoyotown-communitybus,https://creativecommons.org/licenses/by/4.0/deed.ja,active
JP,Handa,知多乗合（知多バス）,https://api.gtfs-data.jp/v2/organizations/chitabus/feeds/chitabus/files/feed.zip?rid=current,jbda-chitabus-chitabus,https://creativecommons.org/licenses/by/4.0/deed.ja,active
JP,Hanno,飯能市,https://api.gtfs-data.jp/v2/organizations/hannocity/feeds/odekakemuma-haraichiba/files/feed.zip?rid=current,jbda-hannocity-odekakemuma-haraichiba,https://creativecommons.org/publicdomain/zero/1.0/deed.ja,active
JP,Hanno,飯能市,https://api.gtfs-data.jp/v2/organizations/hannocity/feeds/odekakemuma-minamikoma/files/feed.zip?rid=current,jbda-hannocity-odekakemuma-minamikoma,https://creativecommons.org/publicdomain/zero/1.0/deed.ja,active
JP,Hanno,飯能市,https://api.gtfs-data.jp/v2/organizations/hannocity/feeds/odekakemuma-seimei-kaji/files/feed.zip?rid=current,jbda-hannocity-odekakemuma-seimei-kaji,https://creativecommons.org/publicdomain/zero/1.0/deed.ja,active
JP,Hashikami,階上町,https://api.gtfs-data.jp/v2/organizations/hashikamitown/feeds/hashikamibus/files/feed.zip?rid=current,jbda-hashikamitown-hashikamibus,https://creativecommons.org/publicdomain/zero/1.0/deed.ja,active
JP,Hashima,羽島市,https://api.gtfs-data.jp/v2/organizations/hashimacity/feeds/HashimaCityCommunityBus/files/feed.zip?rid=current,jbda-hashimacity-HashimaCityCommunityBus,https://creativecommons.org/licenses/by/4.0/deed.ja,active
JP,Hashimoto,南海りんかんバス株式会社,https://api.gtfs-data.jp/v2/organizations/rinkan/feeds/hashimoto-rinkandenentoshi/files/feed.zip?rid=current,jbda-rinkan-hashimoto-rinkandenentoshi,https://creativecommons.org/licenses/by/4.0/deed.ja,active
JP,Hayashima,早島町,https://api.gtfs-data.jp/v2/organizations/hayashimatown/feeds/hayashimatowncommunitybus/files/feed.zip?rid=current,jbda-hayashimatown-hayashimatowncommunitybus,https://creativecommons.org/licenses/by/4.0/deed.ja,active
JP,Hichisou,七宗町,https://api.gtfs-data.jp/v2/organizations/hichisotown/feeds/choeibus/files/feed.zip?rid=current,jbda-hichisotown-choeibus,https://creativecommons.org/licenses/by/4.0/deed.ja,active
JP,Higashimiyoshi,三好市,https://api.gtfs-data.jp/v2/organizations/tokushima-miyoshicity/feeds/miyoshicitybus/files/feed.zip?rid=current,jbda-tokushima-miyoshicity-miyoshicitybus,https://creativecommons.org/licenses/by/4.0/deed.ja,active
JP,Higashimurayama,東村山市,https://api-public.odpt.org/api/v4/files/odpt/HigashiMurayamaCity/Alllines.zip?date=current,odpt-HigashiMurayamaCity-Alllines,https://creativecommons.org/licenses/by/4.0/,active
JP,Higashiomi,東近江市,https://api.gtfs-data.jp/v2/organizations/higashiomicity/feeds/higasiohmisicommunitybus/files/feed.zip?rid=current,jbda-higashiomicity-higasiohmisicommunitybus,https://creativecommons.org/licenses/by/4.0/deed.ja,active
JP,Higashiyamato,東大和市,https://api-public.odpt.org/api/v4/files/odpt/HigashiyamatoCity/AllLines_CC0.zip?date=current,odpt-HigashiyamatoCity-AllLines_CC0,https://creativecommons.org/publicdomain/zero/1.0/,active
JP,Higashiyamato,東大和市,https://api-public.odpt.org/api/v4/files/odpt/HigashiyamatoCity/AllLines_CCBY4.zip?date=current,odpt-HigashiyamatoCity-AllLines_CCBY4,https://creativecommons.org/licenses/by/4.0/,active
JP,Himeji,姫路市,https://api.gtfs-data.jp/v2/organizations/himejicity/feeds/ieshima-boze-yukihiko/files/feed.zip?rid=current,jbda-himejicity-ieshima-boze-yukihiko,https://creativecommons.org/licenses/by/2.1/jp/,active
JP,Himi,加越能バス,https://api.gtfs-data.jp/v2/organizations/kaetsunou/feeds/kaetsunouhimi/files/feed.zip?rid=current,jbda-kaetsunou-kaetsunouhimi,https://creativecommons.org/publicdomain/zero/1.0/deed.ja,active
JP,Hino,日野町,https://api.gtfs-data.jp/v2/organizations/shiga-hinotown/feeds/choueibus/files/feed.zip?rid=current,jbda-shiga-hinotown-choueibus,https://creativecommons.org/licenses/by/4.0/deed.ja,active
JP,Hirado,平戸市,https://api.gtfs-data.jp/v2/organizations/hiradocity/feeds/fureaibus/files/feed.zip?rid=current,jbda-hiradocity-fureaibus,https://creativecommons.org/licenses/by/4.0/deed.ja,active
JP,Hirakawa,平川市,https://api.gtfs-data.jp/v2/organizations/hirakawacity/feeds/hirakawa-sharedtaxi/files/feed.zip?rid=current,jbda-hirakawacity-hirakawa-sharedtaxi,https://creativecommons.org/licenses/by/4.0/deed.ja,active
JP,Hirakawa,平川市,https://api.gtfs-data.jp/v2/organizations/hirakawacity/feeds/hirakwacitybus/files/feed.zip?rid=current,jbda-hirakawacity-hirakwacitybus,https://creativecommons.org/licenses/by/4.0/deed.ja,active
JP,Hiranai,平内町,https://api.gtfs-data.jp/v2/organizations/hiranaitown/feeds/hiranaitownbus/files/feed.zip?rid=current,jbda-hiranaitown-hiranaitownbus,https://creativecommons.org/licenses/by/4.0/deed.ja,active
JP,Hirosaki,弘前市,https://api.gtfs-data.jp/v2/organizations/hirosakicity/feeds/hokusei-noriai/files/feed.zip?rid=current,jbda-hirosakicity-hokusei-noriai,https://creativecommons.org/licenses/by/4.0/deed.ja,active
JP,Hisayama,久山町,https://api.gtfs-data.jp/v2/organizations/hisayamatown/feeds/HisayamaIkoBus/files/feed.zip?rid=current,jbda-hisayamatown-HisayamaIkoBus,https://creativecommons.org/licenses/by/4.0/deed.ja,active
JP,Hokuto,北杜市,https://api.gtfs-data.jp/v2/organizations/yamanashi-hokutocity/feeds/hokuto-bus/files/feed.zip?rid=current,jbda-yamanashi-hokutocity-hokuto-bus,https://creativecommons.org/licenses/by/4.0/deed.ja,active
JP,Hyogo,淡路市,https://api.gtfs-data.jp/v2/organizations/awajicity/feeds/awaji-jenova-line-akashi-iwaya/files/feed.zip?rid=current,jbda-awajicity-awaji-jenova-line-akashi-iwaya,https://creativecommons.org/licenses/by/2.1/jp/,active
JP,Ibigawa,揖斐川町,https://api.gtfs-data.jp/v2/organizations/ibigawatown/feeds/communitybus/files/feed.zip?rid=current,jbda-ibigawatown-communitybus,https://creativecommons.org/licenses/by/4.0/deed.ja,active
JP,Ichikawa,京成バス千葉ウエスト株式会社,https://api-public.odpt.org/api/v4/files/odpt/KeiseiTransitBus/AllLines.zip?date=current,odpt-KeiseiTransitBus-AllLines,https://creativecommons.org/licenses/by/4.0/,active
JP,Ichikawa,京成バス千葉ウエスト株式会社,https://api.gtfs-data.jp/v2/organizations/keisei-transitbus/feeds/keiseitransitbus/files/feed.zip?rid=current,jbda-keisei-transitbus-keiseitransitbus,https://creativecommons.org/licenses/by/4.0/deed.ja,active
JP,Ichikawa,市川町,https://api.gtfs-data.jp/v2/organizations/ichikawatown/feeds/communitybus/files/feed.zip?rid=current,jbda-ichikawatown-communitybus,https://creativecommons.org/licenses/by/2.1/jp/,active
JP,Ichikawa,松戸市,https://api.gtfs-data.jp/v2/organizations/matsudocity/feeds/matsudo-takatsuka/files/feed.zip?rid=current,jbda-matsudocity-matsudo-takatsuka,https://creativecommons.org/licenses/by/4.0/deed.ja,active
JP,Ichikawamisato,市川三郷町,https://api.gtfs-data.jp/v2/organizations/ichikawamisatotown/feeds/ichikawamisatobus/files/feed.zip?rid=current,jbda-ichikawamisatotown-ichikawamisatobus,https://creativecommons.org/licenses/by/4.0/deed.ja,active
JP,Ichinoseki,一関市,https://api.gtfs-data.jp/v2/organizations/ichinosekicity/feeds/Ichinosekibus/files/feed.zip?rid=current,jbda-ichinosekicity-Ichinosekibus,https://creativecommons.org/licenses/by/4.0/deed.ja,active
JP,Iida,南信州地域交通問題協議会（南信州広域連合）,https://api.gtfs-data.jp/v2/organizations/minamishinshu/feeds/Minamishinshu-Iidacity-1/files/feed.zip?rid=current,jbda-minamishinshu-Minamishinshu-Iidacity-1,https://creativecommons.org/licenses/by/4.0/deed.ja,active
JP,Iida,南信州地域交通問題協議会（南信州広域連合）,https://api.gtfs-data.jp/v2/organizations/minamishinshu/feeds/Minamishinshu-Shinnan-1/files/feed.zip?rid=current,jbda-minamishinshu-Minamishinshu-Shinnan-1,https://creativecommons.org/licenses/by/4.0/deed.ja,active
JP,Iida,南信州地域交通問題協議会（南信州広域連合）,https://api.gtfs-data.jp/v2/organizations/minamishinshu/feeds/Minamishinshu-iida-2/files/feed.zip?rid=current,jbda-minamishinshu-Minamishinshu-iida-2,https://creativecommons.org/licenses/by/4.0/deed.ja,active
JP,Iiyama,飯山市,https://api.gtfs-data.jp/v2/organizations/iiyamacity/feeds/nanohanabus/files/feed.zip?rid=current,jbda-iiyamacity-nanohanabus,https://creativecommons.org/licenses/by/4.0/deed.ja,active
JP,Iizuna,長電バス株式会社,https://api.gtfs-data.jp/v2/organizations/nagadenbus/feeds/nagadenbus-iizuna/files/feed.zip?rid=current,jbda-nagadenbus-nagadenbus-iizuna,https://creativecommons.org/licenses/by/4.0/deed.ja,active
JP,Imari,伊万里市,https://api.gtfs-data.jp/v2/organizations/imaricity/feeds/imarinbus/files/feed.zip?rid=current,jbda-imaricity-imarinbus,https://creativecommons.org/publicdomain/zero/1.0/deed.ja,active
JP,Imizu,射水市,https://api.gtfs-data.jp/v2/organizations/imizucity/feeds/imizushi/files/feed.zip?rid=current,jbda-imizucity-imizushi,https://creativecommons.org/publicdomain/zero/1.0/deed.ja,active
JP,Inabe,いなべ市,https://api.gtfs-data.jp/v2/organizations/inabecity/feeds/fukushibus/files/feed.zip?rid=current,jbda-inabecity-fukushibus,https://creativecommons.org/licenses/by/4.0/deed.ja,active
JP,Inabe,菰野町,https://api.gtfs-data.jp/v2/organizations/komonotown/feeds/communitybus/files/feed.zip?rid=current,jbda-komonotown-communitybus,https://creativecommons.org/licenses/by/4.0/deed.ja,active
JP,Inagawa,猪名川町,https://api.gtfs-data.jp/v2/organizations/inagawatown/feeds/fureaibus/files/feed.zip?rid=current,jbda-inagawatown-fureaibus,https://creativecommons.org/licenses/by/2.1/jp/,active
JP,Inashiki,香取市,https://api.gtfs-data.jp/v2/organizations/katoricity/feeds/katori-junkan/files/feed.zip?rid=current,jbda-katoricity-katori-junkan,https://creativecommons.org/publicdomain/zero/1.0/deed.ja,active
JP,Ino,いの町,https://api.gtfs-data.jp/v2/organizations/inotown/feeds/GTFS-Inotown_HongawaArea/files/feed.zip?rid=current,jbda-inotown-GTFS-Inotown_HongawaArea,https://creativecommons.org/licenses/by/4.0/deed.ja,active
JP,Ino,とさでん交通株式会社,https://api.gtfs-data.jp/v2/organizations/tosaden-kotsu/feeds/GTFS-Tosadentraffic_Streetcar/files/feed.zip?rid=current,jbda-tosaden-kotsu-GTFS-Tosadentraffic_Streetcar,https://creativecommons.org/licenses/by/4.0/deed.ja,active
JP,Ino,土佐市,https://api-public.odpt.org/api/v4/files/odpt/TosaCity/AllLines.zip?date=current,odpt-TosaCity-AllLines,https://creativecommons.org/licenses/by/4.0/,active
JP,Ino,土佐市,https://api.gtfs-data.jp/v2/organizations/tosacity/feeds/GTFS-Tosacity_Bus/files/feed.zip?rid=current,jbda-tosacity-GTFS-Tosacity_Bus,https://creativecommons.org/licenses/by/4.0/deed.ja,active
JP,Inzai,印西市,https://api.gtfs-data.jp/v2/organizations/inzaicity/feeds/rosenbus/files/feed.zip?rid=current,jbda-inzaicity-rosenbus,https://creativecommons.org/licenses/by/4.0/deed.ja,active
JP,Iruma,瑞穂町,https://api-public.odpt.org/api/v4/files/odpt/MizuhoTown/AllLines.zip?date=current,odpt-MizuhoTown-AllLines,https://creativecommons.org/licenses/by/4.0/,active
JP,Ise,伊勢市,https://api.gtfs-data.jp/v2/organizations/isecity/feeds/communitybus/files/feed.zip?rid=current,jbda-isecity-communitybus,https://creativecommons.org/licenses/by/4.0/deed.ja,active
JP,Ishikari,石狩湾新港地域公共交通サービス推進協議会,https://api.gtfs-data.jp/v2/organizations/ishikariwanshinko/feeds/on-demandtransit_itsumo/files/feed.zip?rid=current,jbda-ishikariwanshinko-on-demandtransit_itsumo,https://creativecommons.org/publicdomain/zero/1.0/deed.ja,active
JP,Itoigawa,糸魚川バス株式会社,https://api.gtfs-data.jp/v2/organizations/itoigawabus/feeds/itoigawabus/files/feed.zip?rid=current,jbda-itoigawabus-itoigawabus,https://creativecommons.org/licenses/by/4.0/deed.ja,active
JP,Iwade,岩出市,https://api.gtfs-data.jp/v2/organizations/iwadecity/feeds/junkaibus/files/feed.zip?rid=current,jbda-iwadecity-junkaibus,https://creativecommons.org/licenses/by/4.0/deed.ja,active
JP,Iwaki,新常磐交通株式会社,https://api.gtfs-data.jp/v2/organizations/shinjobankotsu/feeds/SHINJOBANKOTSU/files/feed.zip?rid=current,jbda-shinjobankotsu-SHINJOBANKOTSU,https://creativecommons.org/licenses/by/4.0/deed.ja,active
JP,Iwanai,岩宇地域公共交通活性化協議会,https://api.gtfs-data.jp/v2/organizations/gan-wu/feeds/shiokazeline/files/feed.zip?rid=current,jbda-gan-wu-shiokazeline,https://creativecommons.org/licenses/by/4.0/deed.ja,active
JP,Iwata,浜松バス株式会社,https://api.gtfs-data.jp/v2/organizations/hamabus/feeds/iwata_seikatsubus/files/feed.zip?rid=current,jbda-hamabus-iwata_seikatsubus,https://creativecommons.org/licenses/by/4.0/deed.ja,active
JP,Joetsu,上越市,https://api.gtfs-data.jp/v2/organizations/joetsucity/feeds/joetsu/files/feed.zip?rid=current,jbda-joetsucity-joetsu,https://creativecommons.org/licenses/by/2.1/jp/,active
JP,Kagoshima,鹿児島市,https://api.gtfs-data.jp/v2/organizations/kagoshimacity/feeds/aibus/files/feed.zip?rid=current,jbda-kagoshimacity-aibus,https://creativecommons.org/licenses/by/4.0/deed.ja,active
JP,Kagoshima,鹿児島市船舶局,https://api-public.odpt.org/api/v4/files/odpt/KagoshimaCityMaritimeBureau/AllLines.zip?date=current,odpt-KagoshimaCityMaritimeBureau-AllLines,https://creativecommons.org/licenses/by/4.0/,active
JP,Kahoku,東根市,https://api.gtfs-data.jp/v2/organizations/higashinecity/feeds/HigashineCity/files/feed.zip?rid=current,jbda-higashinecity-HigashineCity,https://creativecommons.org/licenses/by/4.0/deed.ja,active
JP,Kahoku,河北町,https://api.gtfs-data.jp/v2/organizations/kahokutown/feeds/KahokuTown/files/feed.zip?rid=current,jbda-kahokutown-KahokuTown,https://creativecommons.org/licenses/by/4.0/deed.ja,active
JP,Kai,甲斐市,https://api.gtfs-data.jp/v2/organizations/kaicity/feeds/kaicitybus/files/feed.zip?rid=current,jbda-kaicity-kaicitybus,https://creativecommons.org/publicdomain/zero/1.0/deed.ja,active
JP,Kaiyo,海陽町,https://api.gtfs-data.jp/v2/organizations/kaiyotown/feeds/kaiyotownbus/files/feed.zip?rid=current,jbda-kaiyotown-kaiyotownbus,https://creativecommons.org/licenses/by/4.0/deed.ja,active
JP,Kaizu,海津市,https://api.gtfs-data.jp/v2/organizations/kaizucity/feeds/communitybus/files/feed.zip?rid=current,jbda-kaizucity-communitybus,https://creativecommons.org/licenses/by/4.0/deed.ja,active
JP,Kakegawa,掛川市,https://api.gtfs-data.jp/v2/organizations/kakegawacity/feeds/kakegawa6/files/feed.zip?rid=current,jbda-kakegawacity-kakegawa6,https://www.city.kakegawa.shizuoka.jp/gyosei/docs/383694.html,active
JP,Kakegawa,掛川市,https://api.gtfs-data.jp/v2/organizations/kakegawacity/feeds/kakegawaosuka/files/feed.zip?rid=current,jbda-kakegawacity-kakegawaosuka,https://www.city.kakegawa.shizuoka.jp/gyosei/docs/383694.html,active
JP,Kama,嘉麻市,https://api.gtfs-data.jp/v2/organizations/kamacity/feeds/KamaCityBus/files/feed.zip?rid=current,jbda-kamacity-KamaCityBus,https://creativecommons.org/licenses/by/4.0/deed.ja,active
JP,Kameyama,亀山市,https://api.gtfs-data.jp/v2/organizations/kameyamacity/feeds/communitybus/files/feed.zip?rid=current,jbda-kameyamacity-communitybus,https://creativecommons.org/licenses/by/4.0/deed.ja,active
JP,Kami,ジェイアール四国バス株式会社 高知支店,https://api.gtfs-data.jp/v2/organizations/jr-shikoku-bus-kochi/feeds/GTFS-JRbus_Otochi/files/feed.zip?rid=current,jbda-jr-shikoku-bus-kochi-GTFS-JRbus_Otochi,https://creativecommons.org/licenses/by/4.0/deed.ja,active
JP,Kami,香美市,https://api.gtfs-data.jp/v2/organizations/kamicity/feeds/GTFS-Kamicity_Bus/files/feed.zip?rid=current,jbda-kamicity-GTFS-Kamicity_Bus,https://creativecommons.org/licenses/by/4.0/deed.ja,active
JP,Kami,香美市,https://api.gtfs-data.jp/v2/organizations/kamicity/feeds/GTFS-Kamicity_Demandbus/files/feed.zip?rid=current,jbda-kamicity-GTFS-Kamicity_Demandbus,https://creativecommons.org/licenses/by/4.0/deed.ja,active
JP,Kamigori,上郡町,https://api.gtfs-data.jp/v2/organizations/kamigoritown/feeds/ainorigo/files/feed.zip?rid=current,jbda-kamigoritown-ainorigo,https://creativecommons.org/licenses/by/2.1/jp/,active
JP,Kamigori,赤穂市,https://api.gtfs-data.jp/v2/organizations/akocity/feeds/teijuurou/files/feed.zip?rid=current,jbda-akocity-teijuurou,https://creativecommons.org/licenses/by/2.1/jp/,active
JP,Kamiichi,上市町,https://api.gtfs-data.jp/v2/organizations/kamiichitown/feeds/kamiichi/files/feed.zip?rid=current,jbda-kamiichitown-kamiichi,https://creativecommons.org/publicdomain/zero/1.0/deed.ja,active
JP,Kamikawa,神河町,https://api.gtfs-data.jp/v2/organizations/hyogo-kamikawatown/feeds/communitybus/files/feed.zip?rid=current,jbda-hyogo-kamikawatown-communitybus,https://creativecommons.org/licenses/by/2.1/jp/,active
JP,Kaminoyama,上山市,https://api.gtfs-data.jp/v2/organizations/kaminoyamacity/feeds/KaminoyamaCity/files/feed.zip?rid=current,jbda-kaminoyamacity-KaminoyamaCity,https://creativecommons.org/licenses/by/4.0/deed.ja,active
JP,Kaminoyama,山形交通,https://api.gtfs-data.jp/v2/organizations/yamakobus/feeds/YAMAKOBUS/files/feed.zip?rid=current,jbda-yamakobus-YAMAKOBUS,https://creativecommons.org/licenses/by/4.0/deed.ja,active
JP,Kamishihoro,上士幌町,https://api.gtfs-data.jp/v2/organizations/kamishihorotown/feeds/kamishihoro-self-bus/files/feed.zip?rid=current,jbda-kamishihorotown-kamishihoro-self-bus,https://creativecommons.org/licenses/by/4.0/deed.ja,active
JP,Kamishihoro,上士幌町,https://api.gtfs-data.jp/v2/organizations/kamishihorotown/feeds/kamishihoro/files/feed.zip?rid=current,jbda-kamishihorotown-kamishihoro,https://creativecommons.org/licenses/by/4.0/deed.ja,active
JP,Kamo,加茂市,https://api.gtfs-data.jp/v2/organizations/kamocity/feeds/kamonbus/files/feed.zip?rid=current,jbda-kamocity-kamonbus,https://creativecommons.org/licenses/by/4.0/deed.ja,active
JP,Kan-onji,三豊市,https://api.gtfs-data.jp/v2/organizations/mitoyocity/feeds/mitoyocommunitybus/files/feed.zip?rid=current,jbda-mitoyocity-mitoyocommunitybus,https://creativecommons.org/licenses/by/4.0/deed.ja,active
JP,Kan-onji,観音寺市,https://api.gtfs-data.jp/v2/organizations/kanonjicity/feeds/kanonjishi-noriaibus/files/feed.zip?rid=current,jbda-kanonjicity-kanonjishi-noriaibus,https://creativecommons.org/publicdomain/zero/1.0/deed.ja,active
JP,Kanda,苅田町,https://api.gtfs-data.jp/v2/organizations/kandatown/feeds/KandaTownCommunityBus/files/feed.zip?rid=current,jbda-kandatown-KandaTownCommunityBus,https://creativecommons.org/licenses/by/4.0/deed.ja,active
JP,Kaneyama,山形県金山町,https://api.gtfs-data.jp/v2/organizations/yamagata-kaneyamatown/feeds/KaneyamaTown/files/feed.zip?rid=current,jbda-yamagata-kaneyamatown-KaneyamaTown,https://creativecommons.org/licenses/by/4.0/deed.ja,active
JP,Kaneyama,真室川町,https://api.gtfs-data.jp/v2/organizations/mamurogawatown/feeds/MamurogawaTown/files/feed.zip?rid=current,jbda-mamurogawatown-MamurogawaTown,https://creativecommons.org/licenses/by/4.0/deed.ja,active
JP,Kani,可児市,https://api.gtfs-data.jp/v2/organizations/kanicity/feeds/satsukibus/files/feed.zip?rid=current,jbda-kanicity-satsukibus,https://creativecommons.org/licenses/by/4.0/deed.ja,active
JP,Kariya,刈谷市,https://api.gtfs-data.jp/v2/organizations/kariyacity/feeds/communitybus/files/feed.zip?rid=current,jbda-kariyacity-communitybus,https://creativecommons.org/licenses/by/4.0/deed.ja,active
JP,Karuizawa,軽井沢町,https://api.gtfs-data.jp/v2/organizations/karuizawatown/feeds/junkan-bus/files/feed.zip?rid=current,jbda-karuizawatown-junkan-bus,https://creativecommons.org/licenses/by/4.0/deed.ja,active
JP,Kasai,加西市,https://api.gtfs-data.jp/v2/organizations/kasaicity/feeds/kasaineppihappybus/files/feed.zip?rid=current,jbda-kasaicity-kasaineppihappybus,https://creativecommons.org/licenses/by/2.1/jp/,active
JP,Kasamatsu,笠松町,https://api.gtfs-data.jp/v2/organizations/kasamatsutown/feeds/communitybus/files/feed.zip?rid=current,jbda-kasamatsutown-communitybus,https://creativecommons.org/licenses/by/4.0/deed.ja,active
JP,Kashihara,大和高田市,https://api.gtfs-data.jp/v2/organizations/yamatotakadacity/feeds/communitybuskibougou/files/feed.zip?rid=current,jbda-yamatotakadacity-communitybuskibougou,https://creativecommons.org/licenses/by/4.0/deed.ja,active
JP,Kashiwa,流山市,https://api.gtfs-data.jp/v2/organizations/nagareyamacity/feeds/nagareyamagreenbus/files/feed.zip?rid=current,jbda-nagareyamacity-nagareyamagreenbus,https://creativecommons.org/licenses/by/4.0/deed.ja,active
JP,Kasuga,春日市,https://api.gtfs-data.jp/v2/organizations/kasugacity/feeds/yayoi_kasuga/files/feed.zip?rid=current,jbda-kasugacity-yayoi_kasuga,https://creativecommons.org/licenses/by/4.0/deed.ja,active
JP,Kato,加西市,https://api.gtfs-data.jp/v2/organizations/kasaicity/feeds/unifureaitomi/files/feed.zip?rid=current,jbda-kasaicity-unifureaitomi,https://creativecommons.org/licenses/by/2.1/jp/,active
JP,Katori,成田市,https://api.gtfs-data.jp/v2/organizations/naritacity/feeds/narita-community-bus/files/feed.zip?rid=current,jbda-naritacity-narita-community-bus,https://creativecommons.org/licenses/by/4.0/deed.ja,active
JP,Katsuragi,かつらぎ町,https://api.gtfs-data.jp/v2/organizations/katsuragitown/feeds/community-bus/files/feed.zip?rid=current,jbda-katsuragitown-community-bus,https://creativecommons.org/publicdomain/zero/1.0/deed.ja,active
JP,Kawabe,八百津町,https://api.gtfs-data.jp/v2/organizations/yaotsutown/feeds/communitybus/files/feed.zip?rid=current,jbda-yaotsutown-communitybus,https://creativecommons.org/licenses/by/4.0/deed.ja,active
JP,Kawagoe,川越町,https://api.gtfs-data.jp/v2/organizations/kawagoetown/feeds/fureaibus/files/feed.zip?rid=current,jbda-kawagoetown-fureaibus,https://creativecommons.org/licenses/by/4.0/deed.ja,active
JP,Kawakami,川上村,https://api.gtfs-data.jp/v2/organizations/nagano-kawakamivillage/feeds/kawakamibus/files/feed.zip?rid=current,jbda-nagano-kawakamivillage-kawakamibus,https://creativecommons.org/licenses/by/4.0/deed.ja,active
JP,Kawasaki,川崎町,https://api.gtfs-data.jp/v2/organizations/fukuoka-kawasakitown/feeds/KawasakiTownFureaiBus/files/feed.zip?rid=current,jbda-fukuoka-kawasakitown-KawasakiTownFureaiBus,https://creativecommons.org/licenses/by/4.0/deed.ja,active
JP,Kiho,紀宝町,https://api.gtfs-data.jp/v2/organizations/kihotown/feeds/chominbus/files/feed.zip?rid=current,jbda-kihotown-chominbus,https://creativecommons.org/licenses/by/4.0/deed.ja,active
JP,Kikuchi,熊本電鉄,https://api.gtfs-data.jp/v2/organizations/kumamotodentetsu/feeds/kumamotodentetsu-bus/files/feed.zip?rid=current,jbda-kumamotodentetsu-kumamotodentetsu-bus,https://creativecommons.org/licenses/by/4.0/deed.ja,active
JP,Kikuyou,熊本都市バス,https://api.gtfs-data.jp/v2/organizations/kumamoto-toshibus/feeds/kumamoto-toshibus/files/feed.zip?rid=current,jbda-kumamoto-toshibus-kumamoto-toshibus,https://creativecommons.org/licenses/by/4.0/deed.ja,active
JP,Kimitsu,君津市,https://api.gtfs-data.jp/v2/organizations/kimitsucity/feeds/Kimitsu_City_Community_Bus/files/feed.zip?rid=current,jbda-kimitsucity-Kimitsu_City_Community_Bus,https://creativecommons.org/publicdomain/zero/1.0/deed.ja,active
JP,Kinokawa,紀の川市,https://api.gtfs-data.jp/v2/organizations/kinokawacity/feeds/kinokawa_bus/files/feed.zip?rid=current,jbda-kinokawacity-kinokawa_bus,https://creativecommons.org/licenses/by/4.0/deed.ja,active
JP,Kisarazu,君津市,https://api.gtfs-data.jp/v2/organizations/kimitsucity/feeds/Local_buses_via_Kimitsu_City/files/feed.zip?rid=current,jbda-kimitsucity-Local_buses_via_Kimitsu_City,https://creativecommons.org/publicdomain/zero/1.0/deed.ja,active
JP,Kiso,大桑村,https://api.gtfs-data.jp/v2/organizations/okuwavillage/feeds/kuwachan-bus/files/feed.zip?rid=current,jbda-okuwavillage-kuwachan-bus,https://creativecommons.org/publicdomain/zero/1.0/deed.ja,active
JP,Kiso,木曽町,https://api.gtfs-data.jp/v2/organizations/kisotown/feeds/kisotown/files/feed.zip?rid=current,jbda-kisotown-kisotown,https://creativecommons.org/licenses/by/2.1/jp/,active
JP,Kiso,木祖村,https://api.gtfs-data.jp/v2/organizations/kisovillage/feeds/kisovill/files/feed.zip?rid=current,jbda-kisovillage-kisovill,https://creativecommons.org/licenses/by/2.1/jp/,active
JP,Kiso,王滝村,https://api.gtfs-data.jp/v2/organizations/otakivillage/feeds/otaki-village/files/feed.zip?rid=current,jbda-otakivillage-otaki-village,https://creativecommons.org/publicdomain/zero/1.0/deed.ja,active
JP,Kisosaki,木曽岬町,https://api.gtfs-data.jp/v2/organizations/kisosakitown/feeds/communitybus/files/feed.zip?rid=current,jbda-kisosakitown-communitybus,https://creativecommons.org/licenses/by/4.0/deed.ja,active
JP,Kita,日立自動車交通株式会社,https://api-public.odpt.org/api/v4/files/odpt/HitachiAutomobileTransportation/KitaAllLines.zip?date=current,odpt-HitachiAutomobileTransportation-KitaAllLines,https://creativecommons.org/licenses/by/4.0/,active
JP,Kitakyushu,北九州市,https://api.gtfs-data.jp/v2/organizations/kitakyushucity/feeds/edamitsu/files/feed.zip?rid=current,jbda-kitakyushucity-edamitsu,https://creativecommons.org/licenses/by/4.0/deed.ja,active
JP,Kitakyushu,北九州市,https://api.gtfs-data.jp/v2/organizations/kitakyushucity/feeds/higashitani/files/feed.zip?rid=current,jbda-kitakyushucity-higashitani,https://creativecommons.org/licenses/by/4.0/deed.ja,active
JP,Kitakyushu,北九州市,https://api.gtfs-data.jp/v2/organizations/kitakyushucity/feeds/hiraodai/files/feed.zip?rid=current,jbda-kitakyushucity-hiraodai,https://creativecommons.org/licenses/by/4.0/deed.ja,active
JP,Kitakyushu,北九州市,https://api.gtfs-data.jp/v2/organizations/kitakyushucity/feeds/koyanose-kusubashi-hoshigaoka/files/feed.zip?rid=current,jbda-kitakyushucity-koyanose-kusubashi-hoshigaoka,https://creativecommons.org/licenses/by/4.0/deed.ja,active
JP,Kitakyushu,北九州市,https://api.gtfs-data.jp/v2/organizations/kitakyushucity/feeds/okura/files/feed.zip?rid=current,jbda-kitakyushucity-okura,https://creativecommons.org/licenses/by/4.0/deed.ja,active
JP,Kitakyushu,北九州市,https://api.gtfs-data.jp/v2/organizations/kitakyushucity/feeds/oma-dobaru/files/feed.zip?rid=current,jbda-kitakyushucity-oma-dobaru,https://creativecommons.org/licenses/by/4.0/deed.ja,active
JP,Kitakyushu,北九州市,https://api.gtfs-data.jp/v2/organizations/kitakyushucity/feeds/tashiro-kawachi/files/feed.zip?rid=current,jbda-kitakyushucity-tashiro-kawachi,https://creativecommons.org/licenses/by/4.0/deed.ja,active
JP,Kitakyushu,北九州市,https://api.gtfs-data.jp/v2/organizations/kitakyushucity/feeds/tsunemi-kitaku/files/feed.zip?rid=current,jbda-kitakyushucity-tsunemi-kitaku,https://creativecommons.org/licenses/by/4.0/deed.ja,active
JP,Kitanagoya,北名古屋市,https://api.gtfs-data.jp/v2/organizations/kitanagoyacity/feeds/communitybus/files/feed.zip?rid=current,jbda-kitanagoyacity-communitybus,https://creativecommons.org/licenses/by/4.0/deed.ja,active
JP,Kiyose,清瀬市,https://api-public.odpt.org/api/v4/files/odpt/KiyoseCity/KiyoBus.zip?date=current,odpt-KiyoseCity-KiyoBus,https://creativecommons.org/licenses/by/4.0/,active
JP,Kobe,神戸市,https://api.gtfs-data.jp/v2/organizations/kobecity/feeds/kobe-satoyama/files/feed.zip?rid=current,jbda-kobecity-kobe-satoyama,https://creativecommons.org/licenses/by/4.0/deed.ja,active
JP,Kobe,神戸市,https://api.gtfs-data.jp/v2/organizations/kobecity/feeds/kobe-shiokaze/files/feed.zip?rid=current,jbda-kobecity-kobe-shiokaze,https://creativecommons.org/licenses/by/2.1/jp/,active
JP,Kobe,西宮市,https://api.gtfs-data.jp/v2/organizations/nishinomiyacity/feeds/sakurayamanami/files/feed.zip?rid=current,jbda-nishinomiyacity-sakurayamanami,https://creativecommons.org/licenses/by/2.1/jp/,active
JP,Kochi,いの町,https://api.gtfs-data.jp/v2/organizations/inotown/feeds/GTFS-Inotown_Loopbus/files/feed.zip?rid=current,jbda-inotown-GTFS-Inotown_Loopbus,https://creativecommons.org/licenses/by/4.0/deed.ja,active
JP,Kochi,とさでん交通株式会社,https://api.gtfs-data.jp/v2/organizations/tosaden-kotsu/feeds/GTFS-Tosadentraffic_Airportbus/files/feed.zip?rid=current,jbda-tosaden-kotsu-GTFS-Tosadentraffic_Airportbus,https://creativecommons.org/licenses/by/4.0/deed.ja,active
JP,Kochi,とさでん交通株式会社,https://api.gtfs-data.jp/v2/organizations/tosaden-kotsu/feeds/GTFS-Tosadentraffic_Regularbus/files/feed.zip?rid=current,jbda-tosaden-kotsu-GTFS-Tosadentraffic_Regularbus,https://creativecommons.org/licenses/by/4.0/deed.ja,active
JP,Kochi,公益財団法人高知県観光コンベンション協会,https://api.gtfs-data.jp/v2/organizations/kochi-kanko-convention/feeds/GTFS-KVCA_MY-YUbus/files/feed.zip?rid=current,jbda-kochi-kanko-convention-GTFS-KVCA_MY-YUbus,https://creativecommons.org/licenses/by/4.0/deed.ja,active
JP,Kochi,株式会社県交北部交通,https://api.gtfs-data.jp/v2/organizations/khkhokubu-kotsu/feeds/GTFS-Hokubutraffic_Localbus/files/feed.zip?rid=current,jbda-khkhokubu-kotsu-GTFS-Hokubutraffic_Localbus,https://creativecommons.org/licenses/by/4.0/deed.ja,active
JP,Kochi,株式会社高知駅前観光,https://api.gtfs-data.jp/v2/organizations/kochi-ekimae-kanko/feeds/GTFS-Ekimae_Expressbus/files/feed.zip?rid=current,jbda-kochi-ekimae-kanko-GTFS-Ekimae_Expressbus,https://creativecommons.org/licenses/by/4.0/deed.ja,active
JP,Kochi,高知県,https://api.gtfs-data.jp/v2/organizations/kochi_pref/feeds/GTFS-Kochipref_Ferry/files/feed.zip?rid=current,jbda-kochi_pref-GTFS-Kochipref_Ferry,https://creativecommons.org/licenses/by/4.0/deed.ja,active
JP,Kochi,高知西南交通株式会社,https://api.gtfs-data.jp/v2/organizations/kochi-seinan-kotsu/feeds/GTFS-Seinan_Expressbus/files/feed.zip?rid=current,jbda-kochi-seinan-kotsu-GTFS-Seinan_Expressbus,https://creativecommons.org/licenses/by/4.0/deed.ja,active
JP,Koka,伊賀市,https://api.gtfs-data.jp/v2/organizations/igacity/feeds/communitybus/files/feed.zip?rid=current,jbda-igacity-communitybus,https://creativecommons.org/licenses/by/4.0/deed.ja,active
JP,Koka,甲賀市,https://api.gtfs-data.jp/v2/organizations/kokacity/feeds/sinaicommunitybus/files/feed.zip?rid=current,jbda-kokacity-sinaicommunitybus,https://creativecommons.org/licenses/by/4.0/deed.ja,active
JP,Kokubunji,国分寺市,https://api-public.odpt.org/api/v4/files/odpt/KokubunjiCity/kokubunji_city_bunbus.zip?date=current,odpt-KokubunjiCity-kokubunji_city_bunbus,https://creativecommons.org/licenses/by/4.0/,active
JP,Komaki,あおい交通,https://api.gtfs-data.jp/v2/organizations/aoi-komaki/feeds/aoikotsu/files/feed.zip?rid=current,jbda-aoi-komaki-aoikotsu,https://creativecommons.org/licenses/by/4.0/deed.ja,active
JP,Komaki,豊山町,https://api.gtfs-data.jp/v2/organizations/toyoyamatown/feeds/communitybus/files/feed.zip?rid=current,jbda-toyoyamatown-communitybus,https://creativecommons.org/licenses/by/4.0/deed.ja,active
JP,Komatsu,小松市,https://api.gtfs-data.jp/v2/organizations/komatsucity/feeds/blue/files/feed.zip?rid=current,jbda-komatsucity-blue,https://creativecommons.org/publicdomain/zero/1.0/deed.ja,active
JP,Komatsu,小松市,https://api.gtfs-data.jp/v2/organizations/komatsucity/feeds/kibagatasen/files/feed.zip?rid=current,jbda-komatsucity-kibagatasen,https://creativecommons.org/publicdomain/zero/1.0/deed.ja,active
JP,Komatsu,小松市,https://api.gtfs-data.jp/v2/organizations/komatsucity/feeds/orange/files/feed.zip?rid=current,jbda-komatsucity-orange,https://creativecommons.org/publicdomain/zero/1.0/deed.ja,active
JP,Konan,湖南市,https://api.gtfs-data.jp/v2/organizations/shiga-konancity/feeds/konansimegurukun/files/feed.zip?rid=current,jbda-shiga-konancity-konansimegurukun,https://creativecommons.org/licenses/by/4.0/deed.ja,active
JP,Konan,香南市,https://api.gtfs-data.jp/v2/organizations/kochi-konancity/feeds/GTFS-Konancity_Bus/files/feed.zip?rid=current,jbda-kochi-konancity-GTFS-Konancity_Bus,https://creativecommons.org/licenses/by/4.0/deed.ja,active
JP,Konan,高知県航空利用促進協議会,https://api.gtfs-data.jp/v2/organizations/kochiap/feeds/GTFS-KochIAP_AirportShare/files/feed.zip?rid=current,jbda-kochiap-GTFS-KochIAP_AirportShare,https://creativecommons.org/licenses/by/4.0/deed.ja,active
JP,Kosuge,小菅村,https://api.gtfs-data.jp/v2/organizations/kosugevillage/feeds/kosugesoneibus/files/feed.zip?rid=current,jbda-kosugevillage-kosugesoneibus,https://creativecommons.org/publicdomain/zero/1.0/deed.ja,active
JP,Kozushima,神津島村,https://api.gtfs-data.jp/v2/organizations/kozushimavillage/feeds/kozushimavillagebus/files/feed.zip?rid=current,jbda-kozushimavillage-kozushimavillagebus,https://creativecommons.org/licenses/by/4.0/deed.ja,active
JP,Kumagaya,熊谷市,https://api.gtfs-data.jp/v2/organizations/kumagayacity/feeds/yuuyuubus/files/feed.zip?rid=current,jbda-kumagayacity-yuuyuubus,https://creativecommons.org/licenses/by/4.0/deed.ja,active
JP,Kumamoto,熊本バス,https://api.gtfs-data.jp/v2/organizations/kuma-bus/feeds/kuma-bus/files/feed.zip?rid=current,jbda-kuma-bus-kuma-bus,https://creativecommons.org/licenses/by/4.0/deed.ja,active
JP,Kumamoto,熊本市交通局,https://api.gtfs-data.jp/v2/organizations/kumamoto-shiden/feeds/kumamotoshiden/files/feed.zip?rid=current,jbda-kumamoto-shiden-kumamotoshiden,https://creativecommons.org/licenses/by/2.1/jp/,active
JP,Kumamoto,熊本電鉄,https://api.gtfs-data.jp/v2/organizations/kumamotodentetsu/feeds/kumamotodentetsu/files/feed.zip?rid=current,jbda-kumamotodentetsu-kumamotodentetsu,https://creativecommons.org/publicdomain/zero/1.0/deed.ja,active
JP,Kumano,熊野市,https://api.gtfs-data.jp/v2/organizations/kumanocity/feeds/communitybus/files/feed.zip?rid=current,jbda-kumanocity-communitybus,https://creativecommons.org/licenses/by/4.0/deed.ja,active
JP,Kumano,熊野市,https://api.gtfs-data.jp/v2/organizations/kumanocity/feeds/shuyubus/files/feed.zip?rid=current,jbda-kumanocity-shuyubus,https://creativecommons.org/licenses/by/4.0/deed.ja,active
JP,Kumejima,"Kumejima Ocean Jet Co., Ltd.",https://portai.jp/wp-content/uploads/2026/05/gtfs-koj-v1.zip,mdb-3185,,active
JP,Kunitachi,国立市,https://api.gtfs-data.jp/v2/organizations/kunitachicity/feeds/aoyagikko/files/feed.zip?rid=current,jbda-kunitachicity-aoyagikko,https://creativecommons.org/licenses/by/4.0/deed.ja,active
JP,Kunitachi,国立市,https://api.gtfs-data.jp/v2/organizations/kunitachicity/feeds/kunikko/files/feed.zip?rid=current,jbda-kunitachicity-kunikko,https://creativecommons.org/publicdomain/zero/1.0/deed.ja,active
JP,Kunitachi,国立市道路交通課,https://api-public.odpt.org/api/v4/files/odpt/KunitachiCity/kunitachi_city_aoyagikko.zip?date=current,odpt-KunitachiCity-kunitachi_city_aoyagikko,https://creativecommons.org/licenses/by/4.0/,active
JP,Kunitachi,国立市道路交通課,https://api-public.odpt.org/api/v4/files/odpt/KunitachiCity/kunitachi_city_kunikko.zip?date=current,odpt-KunitachiCity-kunitachi_city_kunikko,https://creativecommons.org/licenses/by/4.0/,active
JP,Kurobe,黒部市,https://api.gtfs-data.jp/v2/organizations/kurobecity/feeds/ishida-aimoto/files/feed.zip?rid=current,jbda-kurobecity-ishida-aimoto,https://creativecommons.org/publicdomain/zero/1.0/deed.ja,active
JP,Kurobe,黒部市,https://api.gtfs-data.jp/v2/organizations/kurobecity/feeds/shinkansenikuji-ishida-aimoto-minibus/files/feed.zip?rid=current,jbda-kurobecity-shinkansenikuji-ishida-aimoto-minibus,https://creativecommons.org/publicdomain/zero/1.0/deed.ja,active
JP,Kuroishi,弘前市,https://api.gtfs-data.jp/v2/organizations/hirosakicity/feeds/kounan-tetsudou/files/feed.zip?rid=current,jbda-hirosakicity-kounan-tetsudou,https://creativecommons.org/licenses/by/4.0/deed.ja,active
JP,Kuroishi,黒石市,https://api.gtfs-data.jp/v2/organizations/kuroishicity/feeds/kuroishi/files/feed.zip?rid=current,jbda-kuroishicity-kuroishi,https://creativecommons.org/licenses/by/4.0/deed.ja,active
JP,Kuroshio,株式会社四万十交通,https://api.gtfs-data.jp/v2/organizations/shimanto-kotsu/feeds/GTFS-Shimantotraffic_Feederbus/files/feed.zip?rid=current,jbda-shimanto-kotsu-GTFS-Shimantotraffic_Feederbus,https://creativecommons.org/licenses/by/4.0/deed.ja,active
JP,Kusatsu,草津市,https://api.gtfs-data.jp/v2/organizations/kusatsucity/feeds/kusatsusimamebus/files/feed.zip?rid=current,jbda-kusatsucity-kusatsusimamebus,https://creativecommons.org/licenses/by/4.0/deed.ja,active
JP,Kushimoto,くしもと観光周遊バス推進協議会（事務局：和歌山県立南紀熊野ジオパークセンター））,https://api.gtfs-data.jp/v2/organizations/kushimoto/feeds/bus-kushimotokankoshuyu-wakayama-jp/files/feed.zip?rid=current,jbda-kushimoto-bus-kushimotokankoshuyu-wakayama-jp,https://creativecommons.org/licenses/by/4.0/deed.ja,active
JP,Kusu,中津市,https://api.gtfs-data.jp/v2/organizations/nakatsucity/feeds/UraYabakei/files/feed.zip?rid=current,jbda-nakatsucity-UraYabakei,https://creativecommons.org/licenses/by/4.0/deed.ja,active
JP,Kusu,玖珠町,https://api.gtfs-data.jp/v2/organizations/kusutown/feeds/kusucommunity-bus/files/feed.zip?rid=current,jbda-kusutown-kusucommunity-bus,https://creativecommons.org/publicdomain/zero/1.0/deed.ja,active
JP,Kuwana,三重交通,https://api.gtfs-data.jp/v2/organizations/mie-kotsu/feeds/sancokuwana/files/feed.zip?rid=current,jbda-mie-kotsu-sancokuwana,https://creativecommons.org/licenses/by/4.0/deed.ja,active
JP,Kuwana,桑名市,https://api.gtfs-data.jp/v2/organizations/kuwanacity/feeds/communitybus/files/feed.zip?rid=current,jbda-kuwanacity-communitybus,https://creativecommons.org/licenses/by/4.0/deed.ja,active
JP,Machida,町田市,https://api-public.odpt.org/api/v4/files/odpt/MachidaCity/AllLines.zip?date=current,odpt-MachidaCity-AllLines,https://creativecommons.org/publicdomain/zero/1.0/,active
JP,Maebashi,日本中央バス株式会社,https://api-public.odpt.org/api/v4/files/odpt/NipponChuoBus/Maebashi_Area.zip?date=current,odpt-NipponChuoBus-Maebashi_Area,https://creativecommons.org/licenses/by/4.0/,active
JP,Maebashi,株式会社上信観光バス,https://api-public.odpt.org/api/v4/files/odpt/JoshinKankoBus/AllLines.zip?date=current,odpt-JoshinKankoBus-AllLines,https://creativecommons.org/licenses/by/4.0/,active
JP,Maebashi,永井運輸株式会社,https://api.gtfs-data.jp/v2/organizations/nagai-unyu/feeds/Nagaibus/files/feed.zip?rid=current,jbda-nagai-unyu-Nagaibus,https://creativecommons.org/licenses/by/4.0/deed.ja,active
JP,Masuda,益田市,https://api.gtfs-data.jp/v2/organizations/masudacity/feeds/noriai/files/feed.zip?rid=current,jbda-masudacity-noriai,https://creativecommons.org/licenses/by/4.0/deed.ja,active
JP,Matsudo,松戸市,https://api.gtfs-data.jp/v2/organizations/matsudocity/feeds/matsudo/files/feed.zip?rid=current,jbda-matsudocity-matsudo,https://creativecommons.org/licenses/by/4.0/deed.ja,active
JP,Matsukawa,南信州地域交通問題協議会（南信州広域連合）,https://api.gtfs-data.jp/v2/organizations/minamishinshu/feeds/Minamishinshu-Matsukawa-1/files/feed.zip?rid=current,jbda-minamishinshu-Minamishinshu-Matsukawa-1,https://creativecommons.org/licenses/by/4.0/deed.ja,active
JP,Matsukawa,南信州地域交通問題協議会（南信州広域連合）,https://api.gtfs-data.jp/v2/organizations/minamishinshu/feeds/Minamishinshu-Ooshika-1/files/feed.zip?rid=current,jbda-minamishinshu-Minamishinshu-Ooshika-1,https://creativecommons.org/licenses/by/4.0/deed.ja,active
JP,Matsumoto,濃飛乗合自動車（濃飛バス）,https://api.gtfs-data.jp/v2/organizations/nouhibus/feeds/nouhibus_kanko/files/feed.zip?rid=current,jbda-nouhibus-nouhibus_kanko,https://creativecommons.org/licenses/by/4.0/deed.ja,active
JP,Matsusaka,多気町,https://api.gtfs-data.jp/v2/organizations/takitown/feeds/choeibus/files/feed.zip?rid=current,jbda-takitown-choeibus,https://creativecommons.org/licenses/by/4.0/deed.ja,active
JP,Matsusaka,松阪市,https://api.gtfs-data.jp/v2/organizations/matsusakacity/feeds/communitybus/files/feed.zip?rid=current,jbda-matsusakacity-communitybus,https://creativecommons.org/licenses/by/4.0/deed.ja,active
JP,Matsushige,松茂町,https://api.gtfs-data.jp/v2/organizations/matsushigetown/feeds/matsushigetownbus/files/feed.zip?rid=current,jbda-matsushigetown-matsushigetownbus,https://creativecommons.org/licenses/by/4.0/deed.ja,active
JP,Meiwa,明和町,https://api.gtfs-data.jp/v2/organizations/mie-meiwatown/feeds/chominbus/files/feed.zip?rid=current,jbda-mie-meiwatown-chominbus,https://creativecommons.org/licenses/by/4.0/deed.ja,active
JP,Mibu,壬生町,https://api.gtfs-data.jp/v2/organizations/mibutown/feeds/mibubu/files/feed.zip?rid=current,jbda-mibutown-mibubu,https://creativecommons.org/licenses/by/4.0/deed.ja,active
JP,Midori,みどり市,https://api-public.odpt.org/api/v4/files/odpt/MidoriCity/AllLines.zip?date=current,odpt-MidoriCity-AllLines,https://creativecommons.org/licenses/by/4.0/,active
JP,Mie Prefecture,名張市,https://api.gtfs-data.jp/v2/organizations/nabaricity/feeds/communitybus/files/feed.zip?rid=current,jbda-nabaricity-communitybus,https://creativecommons.org/licenses/by/4.0/deed.ja,active
JP,Mihama,熊野御坊南海バス株式会社,https://api.gtfs-data.jp/v2/organizations/kumanogobobus/feeds/kumanogobobus_gobo/files/feed.zip?rid=current,jbda-kumanogobobus-kumanogobobus_gobo,https://creativecommons.org/licenses/by/4.0/deed.ja,active
JP,Mihara,三原村,https://api.gtfs-data.jp/v2/organizations/miharavillage/feeds/GTFS-Miharavill_Bus/files/feed.zip?rid=current,jbda-miharavillage-GTFS-Miharavill_Bus,https://creativecommons.org/licenses/by/4.0/deed.ja,active
JP,Mikawa,庄内交通,https://api.gtfs-data.jp/v2/organizations/shonaikotsu/feeds/SHONAIKOTSU/files/feed.zip?rid=current,jbda-shonaikotsu-SHONAIKOTSU,https://creativecommons.org/licenses/by/4.0/deed.ja,active
JP,Miki,小野市,https://api.gtfs-data.jp/v2/organizations/hyogo-ono/feeds/ranranbus/files/feed.zip?rid=current,jbda-hyogo-ono-ranranbus,https://creativecommons.org/licenses/by/2.1/jp/,active
JP,Mimasaka,奈義町,https://api.gtfs-data.jp/v2/organizations/nagitown/feeds/nagibus/files/feed.zip?rid=current,jbda-nagitown-nagibus,https://creativecommons.org/licenses/by/4.0/deed.ja,active
JP,Minamiawaji,南あわじ市,https://api.gtfs-data.jp/v2/organizations/minamiawajicity/feeds/lanrunbus/files/feed.zip?rid=current,jbda-minamiawajicity-lanrunbus,https://creativecommons.org/licenses/by/2.1/jp/,active
JP,Minamichita,南知多町,https://api.gtfs-data.jp/v2/organizations/minamichitatown/feeds/communitybus/files/feed.zip?rid=current,jbda-minamichitatown-communitybus,https://creativecommons.org/licenses/by/4.0/deed.ja,active
JP,Minamichita,名鉄海上観光船株式会社,https://api.gtfs-data.jp/v2/organizations/meikaijo/feeds/ship/files/feed.zip?rid=current,jbda-meikaijo-ship,https://creativecommons.org/licenses/by/4.0/deed.ja,active
JP,Minamiise,三重交通,https://api.gtfs-data.jp/v2/organizations/mie-kotsu/feeds/sancoshima/files/feed.zip?rid=current,jbda-mie-kotsu-sancoshima,https://creativecommons.org/licenses/by/4.0/deed.ja,active
JP,Minamiise,南伊勢町,https://api.gtfs-data.jp/v2/organizations/minamiisetown/feeds/choeibus/files/feed.zip?rid=current,jbda-minamiisetown-choeibus,https://creativecommons.org/licenses/by/4.0/deed.ja,active
JP,Minokamo,美濃加茂市,https://api.gtfs-data.jp/v2/organizations/minokamocity/feeds/communitybus/files/feed.zip?rid=current,jbda-minokamocity-communitybus,https://creativecommons.org/licenses/by/4.0/deed.ja,active
JP,Mitake,御嵩町,https://api.gtfs-data.jp/v2/organizations/mitaketown/feeds/communitybus/files/feed.zip?rid=current,jbda-mitaketown-communitybus,https://creativecommons.org/licenses/by/4.0/deed.ja,active
JP,Miyake,三宅村,https://api-public.odpt.org/api/v4/files/odpt/MiyakeVill/AllLine.zip?date=current,odpt-MiyakeVill-AllLine,https://creativecommons.org/licenses/by/4.0/,active
JP,Miyako,太陽交通株式会社,https://api.gtfs-data.jp/v2/organizations/taiyo-koutu/feeds/taiyo-koutu/files/feed.zip?rid=current,jbda-taiyo-koutu-taiyo-koutu,https://creativecommons.org/licenses/by/4.0/deed.ja,active
JP,Miyama,みやま市,https://api.gtfs-data.jp/v2/organizations/miyamacity/feeds/MiyamaCityCommunityBus/files/feed.zip?rid=current,jbda-miyamacity-MiyamaCityCommunityBus,https://creativecommons.org/licenses/by/4.0/deed.ja,active
JP,Miyawaka,宗像市,https://api.gtfs-data.jp/v2/organizations/munakatacity/feeds/MiyawakaMunakataLine/files/feed.zip?rid=current,jbda-munakatacity-MiyawakaMunakataLine,https://creativecommons.org/licenses/by/4.0/deed.ja,active
JP,Miyawaka,宮若市,https://api.gtfs-data.jp/v2/organizations/miyawakacity/feeds/MiyawakaMunakataLine/files/feed.zip?rid=current,jbda-miyawakacity-MiyawakaMunakataLine,https://creativecommons.org/licenses/by/4.0/deed.ja,active
JP,Miyawaka,鞍手町,https://api.gtfs-data.jp/v2/organizations/kuratetown/feeds/KurateTownSmileBusMiyawakaLine/files/feed.zip?rid=current,jbda-kuratetown-KurateTownSmileBusMiyawakaLine,https://creativecommons.org/licenses/by/4.0/deed.ja,active
JP,Miyoshi,みよし市,https://api.gtfs-data.jp/v2/organizations/aichi-miyoshicity/feeds/sansanbus/files/feed.zip?rid=current,jbda-aichi-miyoshicity-sansanbus,https://creativecommons.org/publicdomain/zero/1.0/deed.ja,active
JP,Miyoshi,東みよし町,https://api.gtfs-data.jp/v2/organizations/higashimiyoshitown/feeds/higashimiyoshitownbus/files/feed.zip?rid=current,jbda-higashimiyoshitown-higashimiyoshitownbus,https://creativecommons.org/licenses/by/4.0/deed.ja,active
JP,Mizuho,瑞穂町,https://api.gtfs-data.jp/v2/organizations/mizuhotown/feeds/communitybus/files/feed.zip?rid=current,jbda-mizuhotown-communitybus,https://creativecommons.org/licenses/by/4.0/deed.ja,active
JP,Mizunami,恵那市,https://api.gtfs-data.jp/v2/organizations/enacity/feeds/communitybus/files/feed.zip?rid=current,jbda-enacity-communitybus,https://creativecommons.org/licenses/by/4.0/deed.ja,active
JP,Mizunami,瑞浪市,https://api.gtfs-data.jp/v2/organizations/mizunamicity/feeds/communitybus/files/feed.zip?rid=current,jbda-mizunamicity-communitybus,https://creativecommons.org/licenses/by/4.0/deed.ja,active
JP,Motomiya,本宮市,https://api.gtfs-data.jp/v2/organizations/motomiyacity/feeds/motomiyashibus/files/feed.zip?rid=current,jbda-motomiyacity-motomiyashibus,https://creativecommons.org/licenses/by/4.0/deed.ja,active
JP,Motosu,本巣市,https://api.gtfs-data.jp/v2/organizations/motosucity/feeds/shieibus/files/feed.zip?rid=current,jbda-motosucity-shieibus,https://creativecommons.org/licenses/by/4.0/deed.ja,active
JP,Motoyama,有限会社嶺北観光自動車,https://api.gtfs-data.jp/v2/organizations/reihoku-kanko/feeds/GTFS-Reihokukanko_Localbus/files/feed.zip?rid=current,jbda-reihoku-kanko-GTFS-Reihokukanko_Localbus,https://creativecommons.org/licenses/by/4.0/deed.ja,active
JP,Motoyama,本山町,https://api.gtfs-data.jp/v2/organizations/motoyamatown/feeds/GTFS-Motoyamatown_Bus/files/feed.zip?rid=current,jbda-motoyamatown-GTFS-Motoyamatown_Bus,https://creativecommons.org/licenses/by/4.0/deed.ja,active
JP,Munakata,宗像市,https://api.gtfs-data.jp/v2/organizations/munakatacity/feeds/MunakataCityCommunityBus/files/feed.zip?rid=current,jbda-munakatacity-MunakataCityCommunityBus,https://creativecommons.org/licenses/by/4.0/deed.ja,active
JP,Munakata,宗像市,https://api.gtfs-data.jp/v2/organizations/munakatacity/feeds/MunakataCityFureaiBus/files/feed.zip?rid=current,jbda-munakatacity-MunakataCityFureaiBus,https://creativecommons.org/licenses/by/4.0/deed.ja,active
JP,Munakata,宗像市,https://api.gtfs-data.jp/v2/organizations/munakatacity/feeds/MunakataCityJinoshimaFerry/files/feed.zip?rid=current,jbda-munakatacity-MunakataCityJinoshimaFerry,https://creativecommons.org/licenses/by/4.0/deed.ja,active
JP,Munakata,宗像市,https://api.gtfs-data.jp/v2/organizations/munakatacity/feeds/MunakataCityOshimaFerry/files/feed.zip?rid=current,jbda-munakatacity-MunakataCityOshimaFerry,https://creativecommons.org/licenses/by/4.0/deed.ja,active
JP,Murayama,村山市,https://api.gtfs-data.jp/v2/organizations/murayamacity/feeds/MurayamaCity/files/feed.zip?rid=current,jbda-murayamacity-MurayamaCity,https://creativecommons.org/licenses/by/4.0/deed.ja,active
JP,Muroran,Donan Bus,https://ckan.hoda.jp/dataset/24d1dd70-5395-4d6b-b41f-0d83e8eabdb9/resource/a70d369c-405c-4c25-996c-c70aa53682bc/download/dounan_bus.zip,mdb-2871,https://github.com/aruneko/DonanbusGTFS/tree/master,active
JP,Muroto,室戸市,https://api.gtfs-data.jp/v2/organizations/murotocity/feeds/GTFS-Murotocity_Bus/files/feed.zip?rid=current,jbda-murotocity-GTFS-Murotocity_Bus,https://creativecommons.org/licenses/by/4.0/deed.ja,active
JP,Muroto,阿佐海岸鉄道株式会社,https://api.gtfs-data.jp/v2/organizations/asatetu/feeds/asakaigantetsudo/files/feed.zip?rid=current,jbda-asatetu-asakaigantetsudo,https://creativecommons.org/licenses/by/4.0/deed.ja,active
JP,Myoko,長電バス株式会社,https://api.gtfs-data.jp/v2/organizations/nagadenbus/feeds/nagadenbus-exp/files/feed.zip?rid=current,jbda-nagadenbus-nagadenbus-exp,https://creativecommons.org/licenses/by/4.0/deed.ja,active
JP,Nagahama,長浜市,https://api.gtfs-data.jp/v2/organizations/nagahamacity/feeds/nishiazaiodekakewagon/files/feed.zip?rid=current,jbda-nagahamacity-nishiazaiodekakewagon,https://creativecommons.org/licenses/by/4.0/deed.ja,active
JP,Nagai,長井市,https://api.gtfs-data.jp/v2/organizations/nagaicity/feeds/NagaiCity/files/feed.zip?rid=current,jbda-nagaicity-NagaiCity,https://creativecommons.org/licenses/by/4.0/deed.ja,active
JP,Nagakute,尾張旭市,https://api.gtfs-data.jp/v2/organizations/owariasahicity/feeds/communitybus/files/feed.zip?rid=current,jbda-owariasahicity-communitybus,https://creativecommons.org/licenses/by/4.0/deed.ja,active
JP,Nagakute,瀬戸市,https://api.gtfs-data.jp/v2/organizations/setocity/feeds/setocitybus/files/feed.zip?rid=current,jbda-setocity-setocitybus,https://creativecommons.org/licenses/by/4.0/deed.ja,active
JP,Nagakute,長久手市,https://api.gtfs-data.jp/v2/organizations/nagakutecity/feeds/communitybus/files/feed.zip?rid=current,jbda-nagakutecity-communitybus,https://creativecommons.org/licenses/by/4.0/deed.ja,active
JP,Nagano,南信州地域交通問題協議会（南信州広域連合）,https://api.gtfs-data.jp/v2/organizations/minamishinshu/feeds/Minamishinshu-achi-1/files/feed.zip?rid=current,jbda-minamishinshu-Minamishinshu-achi-1,https://creativecommons.org/licenses/by/4.0/deed.ja,active
JP,Nagano,長野市,https://api.gtfs-data.jp/v2/organizations/naganocity/feeds/shiei_noriaibus/files/feed.zip?rid=current,jbda-naganocity-shiei_noriaibus,https://creativecommons.org/licenses/by/4.0/deed.ja,active
JP,Nagano,長電バス株式会社,https://api.gtfs-data.jp/v2/organizations/nagadenbus/feeds/nagadenbus-nagano/files/feed.zip?rid=current,jbda-nagadenbus-nagadenbus-nagano,https://creativecommons.org/licenses/by/4.0/deed.ja,active
JP,Naganohara,草軽交通株式会社,https://api.gtfs-data.jp/v2/organizations/kusakarukotsu/feeds/kusakarubus/files/feed.zip?rid=current,jbda-kusakarukotsu-kusakarubus,https://creativecommons.org/licenses/by/4.0/deed.ja,active
JP,Nagiso,南木曽町,https://api.gtfs-data.jp/v2/organizations/nagisotown/feeds/communitybus/files/feed.zip?rid=current,jbda-nagisotown-communitybus,https://creativecommons.org/licenses/by/4.0/deed.ja,active
JP,Nagoya,三重交通,https://api.gtfs-data.jp/v2/organizations/mie-kotsu/feeds/sancoyokkaichi/files/feed.zip?rid=current,jbda-mie-kotsu-sancoyokkaichi,https://creativecommons.org/licenses/by/4.0/deed.ja,active
JP,Nagoya,名古屋市住宅都市局,https://api-public.odpt.org/api/v4/files/odpt/NagoyaHousingCityPlanningBureau/NagoyaSRT_AllLines.zip?date=current,odpt-NagoyaHousingCityPlanningBureau-NagoyaSRT_AllLines,https://creativecommons.org/licenses/by/4.0/,active
JP,Naka,徳島バス南部株式会社,https://api.gtfs-data.jp/v2/organizations/tokubus-nanbu/feeds/tokushimabusnanbu/files/feed.zip?rid=current,jbda-tokubus-nanbu-tokushimabusnanbu,https://creativecommons.org/licenses/by/4.0/deed.ja,active
JP,Naka,那賀町,https://api.gtfs-data.jp/v2/organizations/nakatown/feeds/nakatownbus/files/feed.zip?rid=current,jbda-nakatown-nakatownbus,https://creativecommons.org/licenses/by/4.0/deed.ja,active
JP,Nakadomari,中泊町,https://api.gtfs-data.jp/v2/organizations/nakadomaritown/feeds/nakadomari-communitybus/files/feed.zip?rid=current,jbda-nakadomaritown-nakadomari-communitybus,https://creativecommons.org/licenses/by/4.0/deed.ja,active
JP,Nakano,長電バス株式会社,https://api.gtfs-data.jp/v2/organizations/nagadenbus/feeds/nagadenbus-nakano/files/feed.zip?rid=current,jbda-nagadenbus-nagadenbus-nakano,https://creativecommons.org/licenses/by/4.0/deed.ja,active
JP,Nakatosa,中土佐町,https://api.gtfs-data.jp/v2/organizations/nakatosatown/feeds/GTFS-Nakatosatown_Bus/files/feed.zip?rid=current,jbda-nakatosatown-GTFS-Nakatosatown_Bus,https://creativecommons.org/licenses/by/4.0/deed.ja,active
JP,Nakatsu,中津市,https://api.gtfs-data.jp/v2/organizations/nakatsucity/feeds/Higashitani/files/feed.zip?rid=current,jbda-nakatsucity-Higashitani,https://creativecommons.org/licenses/by/4.0/deed.ja,active
JP,Nakatsu,中津市,https://api.gtfs-data.jp/v2/organizations/nakatsucity/feeds/HiyamajiKamagi/files/feed.zip?rid=current,jbda-nakatsucity-HiyamajiKamagi,https://creativecommons.org/licenses/by/4.0/deed.ja,active
JP,Nakatsu,中津市,https://api.gtfs-data.jp/v2/organizations/nakatsucity/feeds/Kawaraguchi/files/feed.zip?rid=current,jbda-nakatsucity-Kawaraguchi,https://creativecommons.org/licenses/by/4.0/deed.ja,active
JP,Nakatsu,中津市,https://api.gtfs-data.jp/v2/organizations/nakatsucity/feeds/Miho/files/feed.zip?rid=current,jbda-nakatsucity-Miho,https://creativecommons.org/licenses/by/4.0/deed.ja,active
JP,Nakatsu,中津市,https://api.gtfs-data.jp/v2/organizations/nakatsucity/feeds/Nishimakusa/files/feed.zip?rid=current,jbda-nakatsucity-Nishimakusa,https://creativecommons.org/licenses/by/4.0/deed.ja,active
JP,Nakatsu,中津市,https://api.gtfs-data.jp/v2/organizations/nakatsucity/feeds/Nishitani/files/feed.zip?rid=current,jbda-nakatsucity-Nishitani,https://creativecommons.org/licenses/by/4.0/deed.ja,active
JP,Nakatsu,中津市,https://api.gtfs-data.jp/v2/organizations/nakatsucity/feeds/OshimadaiKanayoshi/files/feed.zip?rid=current,jbda-nakatsucity-OshimadaiKanayoshi,https://creativecommons.org/licenses/by/4.0/deed.ja,active
JP,Nakatsu,中津市,https://api.gtfs-data.jp/v2/organizations/nakatsucity/feeds/ShinyabaHigashi/files/feed.zip?rid=current,jbda-nakatsucity-ShinyabaHigashi,https://creativecommons.org/licenses/by/4.0/deed.ja,active
JP,Nakatsu,中津市,https://api.gtfs-data.jp/v2/organizations/nakatsucity/feeds/ShinyabaNishi/files/feed.zip?rid=current,jbda-nakatsucity-ShinyabaNishi,https://creativecommons.org/licenses/by/4.0/deed.ja,active
JP,Nakatsu,中津市,https://api.gtfs-data.jp/v2/organizations/nakatsucity/feeds/UenokawauchiMasaki/files/feed.zip?rid=current,jbda-nakatsucity-UenokawauchiMasaki,https://creativecommons.org/licenses/by/4.0/deed.ja,active
JP,Nakatsu,中津市,https://api.gtfs-data.jp/v2/organizations/nakatsucity/feeds/Yakata/files/feed.zip?rid=current,jbda-nakatsucity-Yakata,https://creativecommons.org/licenses/by/4.0/deed.ja,active
JP,Nakatsu,中津市,https://api.gtfs-data.jp/v2/organizations/nakatsucity/feeds/YamautsuriKita/files/feed.zip?rid=current,jbda-nakatsucity-YamautsuriKita,https://creativecommons.org/licenses/by/4.0/deed.ja,active
JP,Nakatsu,中津市,https://api.gtfs-data.jp/v2/organizations/nakatsucity/feeds/YamautsuriMinami/files/feed.zip?rid=current,jbda-nakatsucity-YamautsuriMinami,https://creativecommons.org/licenses/by/4.0/deed.ja,active
JP,Nakatsugawa,中津川市,https://api.gtfs-data.jp/v2/organizations/nakatsugawacity/feeds/communitybus/files/feed.zip?rid=current,jbda-nakatsugawacity-communitybus,https://creativecommons.org/licenses/by/4.0/deed.ja,active
JP,Nakatsugawa,北恵那交通,https://api.gtfs-data.jp/v2/organizations/kitaena/feeds/kitaena/files/feed.zip?rid=current,jbda-kitaena-kitaena,https://creativecommons.org/licenses/by/4.0/deed.ja,active
JP,Nakatsugawa,明知鉄道,https://api.gtfs-data.jp/v2/organizations/aketetsu/feeds/akechirailway/files/feed.zip?rid=current,jbda-aketetsu-akechirailway,https://creativecommons.org/licenses/by/4.0/deed.ja,active
JP,Nakayama,中山町,https://api.gtfs-data.jp/v2/organizations/nakayamatown/feeds/NakayamaTown/files/feed.zip?rid=current,jbda-nakayamatown-NakayamaTown,https://creativecommons.org/licenses/by/4.0/deed.ja,active
JP,Nakijin,合同会社やんばる急行バス,https://api.gtfs-data.jp/v2/organizations/yanbaru-expressbus/feeds/yanbaru-express-bus/files/feed.zip?rid=current,jbda-yanbaru-expressbus-yanbaru-express-bus,https://creativecommons.org/licenses/by/4.0/deed.ja,active
JP,Namekata,行方市,https://api.gtfs-data.jp/v2/organizations/namegatacity/feeds/bus-namegata-ibaraki-jp/files/feed.zip?rid=current,jbda-namegatacity-bus-namegata-ibaraki-jp,https://creativecommons.org/licenses/by/4.0/deed.ja,active
JP,Namerikawa,滑川市,https://api.gtfs-data.jp/v2/organizations/namerikawacity/feeds/norumycar/files/feed.zip?rid=current,jbda-namerikawacity-norumycar,https://creativecommons.org/publicdomain/zero/1.0/deed.ja,active
JP,Nankoku,南国市,https://api.gtfs-data.jp/v2/organizations/nangokucity/feeds/GTFS-Nankokucity_AirportShare/files/feed.zip?rid=current,jbda-nangokucity-GTFS-Nankokucity_AirportShare,https://creativecommons.org/licenses/by/4.0/deed.ja,active
JP,Nankoku,南国市,https://api.gtfs-data.jp/v2/organizations/nangokucity/feeds/GTFS-Nankokucity_Bus/files/feed.zip?rid=current,jbda-nangokucity-GTFS-Nankokucity_Bus,https://creativecommons.org/licenses/by/4.0/deed.ja,active
JP,Nankoku,株式会社高知駅前観光,https://api.gtfs-data.jp/v2/organizations/kochi-ekimae-kanko/feeds/GTFS-Ekimae_Airportbus/files/feed.zip?rid=current,jbda-kochi-ekimae-kanko-GTFS-Ekimae_Airportbus,https://creativecommons.org/licenses/by/4.0/deed.ja,active
JP,Nanto,加越能バス,https://api.gtfs-data.jp/v2/organizations/kaetsunou/feeds/kaetsunouippan/files/feed.zip?rid=current,jbda-kaetsunou-kaetsunouippan,https://creativecommons.org/publicdomain/zero/1.0/deed.ja,active
JP,Nanto,南砺市,https://api.gtfs-data.jp/v2/organizations/nantocity/feeds/nanbus/files/feed.zip?rid=current,jbda-nantocity-nanbus,https://creativecommons.org/publicdomain/zero/1.0/deed.ja,active
JP,Nanyo,南陽市,https://api.gtfs-data.jp/v2/organizations/nanyocity/feeds/NanyoCity/files/feed.zip?rid=current,jbda-nanyocity-NanyoCity,https://creativecommons.org/licenses/by/4.0/deed.ja,active
JP,Naoshima,直島町,https://api.gtfs-data.jp/v2/organizations/naoshimatown/feeds/naoshima/files/feed.zip?rid=current,jbda-naoshimatown-naoshima,https://creativecommons.org/licenses/by/4.0/deed.ja,active
JP,Naruto,鳴門市,https://api.gtfs-data.jp/v2/organizations/narutocity/feeds/narutocitychiikibus/files/feed.zip?rid=current,jbda-narutocity-narutocitychiikibus,https://creativecommons.org/licenses/by/4.0/deed.ja,active
JP,Naruto,鳴門市,https://api.gtfs-data.jp/v2/organizations/narutocity/feeds/narutocitytosen/files/feed.zip?rid=current,jbda-narutocity-narutocitytosen,https://creativecommons.org/licenses/by/4.0/deed.ja,active
JP,Nasushiobara,大田原市,https://api.gtfs-data.jp/v2/organizations/otawaracity/feeds/Ohtawaracitybus/files/feed.zip?rid=current,jbda-otawaracity-Ohtawaracitybus,https://creativecommons.org/licenses/by/4.0/deed.ja,active
JP,Nasushiobara,那須塩原市,https://api.gtfs-data.jp/v2/organizations/nasushiobaracity/feeds/chiikibasu/files/feed.zip?rid=current,jbda-nasushiobaracity-chiikibasu,https://creativecommons.org/licenses/by/4.0/deed.ja,active
JP,Natori,株式会社タケヤ交通,https://api.gtfs-data.jp/v2/organizations/takeyakoutu/feeds/takeyakotsu/files/feed.zip?rid=current,jbda-takeyakoutu-takeyakotsu,https://creativecommons.org/licenses/by/4.0/deed.ja,active
JP,Nemuro,根室交通株式会社,https://api.gtfs-data.jp/v2/organizations/nemurokotsu/feeds/nemurobus/files/feed.zip?rid=current,jbda-nemurokotsu-nemurobus,https://creativecommons.org/publicdomain/zero/1.0/deed.ja,active
JP,Nihonmatsu,大玉村,https://api.gtfs-data.jp/v2/organizations/otamavillage/feeds/otamavillage-bus/files/feed.zip?rid=current,jbda-otamavillage-otamavillage-bus,https://creativecommons.org/licenses/by/4.0/deed.ja,active
JP,Niimi,新見市,https://api.gtfs-data.jp/v2/organizations/niimicity/feeds/niimishieibus/files/feed.zip?rid=current,jbda-niimicity-niimishieibus,https://creativecommons.org/licenses/by/4.0/deed.ja,active
JP,Nikaho,羽後交通株式会社,https://api.gtfs-data.jp/v2/organizations/ugokotsu/feeds/ugokotsu_honjo/files/feed.zip?rid=current,jbda-ugokotsu-ugokotsu_honjo,https://creativecommons.org/licenses/by/4.0/deed.ja,active
JP,Nikko,日光市,https://api.gtfs-data.jp/v2/organizations/nikkocity/feeds/nikkocity/files/feed.zip?rid=current,jbda-nikkocity-nikkocity,https://creativecommons.org/licenses/by/4.0/deed.ja,active
JP,Ninomiya,二宮町,https://api.gtfs-data.jp/v2/organizations/ninomiyatown/feeds/Ninomiyatowncommunitybus/files/feed.zip?rid=current,jbda-ninomiyatown-Ninomiyatowncommunitybus,https://creativecommons.org/licenses/by/4.0/deed.ja,active
JP,Nishikawa,西川町,https://api.gtfs-data.jp/v2/organizations/nishikawatown/feeds/NishikawaTown/files/feed.zip?rid=current,jbda-nishikawatown-NishikawaTown,https://creativecommons.org/licenses/by/4.0/deed.ja,active
JP,Nishinomiya,西宮市,https://api.gtfs-data.jp/v2/organizations/nishinomiyacity/feeds/guruttonamaze/files/feed.zip?rid=current,jbda-nishinomiyacity-guruttonamaze,https://creativecommons.org/licenses/by/2.1/jp/,active
JP,Nishinomiya,西宮市,https://api.gtfs-data.jp/v2/organizations/nishinomiyacity/feeds/koyoen/files/feed.zip?rid=current,jbda-nishinomiyacity-koyoen,https://creativecommons.org/licenses/by/4.0/deed.ja,active
JP,Nishinomiya,西宮市,https://api.gtfs-data.jp/v2/organizations/nishinomiyacity/feeds/najio-ikunokogen/files/feed.zip?rid=current,jbda-nishinomiyacity-najio-ikunokogen,https://creativecommons.org/licenses/by/4.0/deed.ja,active
JP,Nishio,西尾市,https://api.gtfs-data.jp/v2/organizations/nishiocity/feeds/meitestu_tobu/files/feed.zip?rid=current,jbda-nishiocity-meitestu_tobu,https://creativecommons.org/publicdomain/zero/1.0/deed.ja,active
JP,Nishio,西尾市,https://api.gtfs-data.jp/v2/organizations/nishiocity/feeds/rokumangokukururinbus/files/feed.zip?rid=current,jbda-nishiocity-rokumangokukururinbus,https://creativecommons.org/publicdomain/zero/1.0/deed.ja,active
JP,Nishio,西尾市,https://api.gtfs-data.jp/v2/organizations/nishiocity/feeds/tosen/files/feed.zip?rid=current,jbda-nishiocity-tosen,https://creativecommons.org/publicdomain/zero/1.0/deed.ja,active
JP,Nishitokyo,西東京市,https://api-public.odpt.org/api/v4/files/odpt/NishitokyoCity/AllLines.zip?date=current,odpt-NishitokyoCity-AllLines,https://creativecommons.org/licenses/by/4.0/,active
JP,Nisshin,日進市,https://api.gtfs-data.jp/v2/organizations/nisshincity/feeds/communitybus/files/feed.zip?rid=current,jbda-nisshincity-communitybus,https://creativecommons.org/licenses/by/4.0/deed.ja,active
JP,Niyodogawa,仁淀川町,https://api.gtfs-data.jp/v2/organizations/niyodogawatown/feeds/GTFS-Niyodogawatown_Townsbus/files/feed.zip?rid=current,jbda-niyodogawatown-GTFS-Niyodogawatown_Townsbus,https://creativecommons.org/licenses/by/4.0/deed.ja,active
JP,Niyodogawa,有限会社黒岩観光,https://api.gtfs-data.jp/v2/organizations/kuroiwa-kanko/feeds/GTFS-Kuroiwakanko_Localbus/files/feed.zip?rid=current,jbda-kuroiwa-kanko-GTFS-Kuroiwakanko_Localbus,https://creativecommons.org/licenses/by/4.0/deed.ja,active
JP,Nogata,直方市,https://api.gtfs-data.jp/v2/organizations/nogatacity/feeds/NogataCityCommunityBus/files/feed.zip?rid=current,jbda-nogatacity-NogataCityCommunityBus,https://creativecommons.org/licenses/by/4.0/deed.ja,active
JP,Nonoichi,野々市市,https://api.gtfs-data.jp/v2/organizations/nonoichicity/feeds/communitybus/files/feed.zip?rid=current,jbda-nonoichicity-communitybus,https://creativecommons.org/licenses/by/4.0/deed.ja,active
JP,Nosegawa,南海りんかんバス株式会社,https://api.gtfs-data.jp/v2/organizations/rinkan/feeds/koyasan/files/feed.zip?rid=current,jbda-rinkan-koyasan,https://creativecommons.org/licenses/by/4.0/deed.ja,active
JP,Numata,関越交通株式会社,https://api-public.odpt.org/api/v4/files/odpt/Kan_etsuTransportation/AllLines.zip?date=current,odpt-Kan_etsuTransportation-AllLines,https://creativecommons.org/licenses/by/4.0/,active
JP,Nyuzen,入善町,https://api.gtfs-data.jp/v2/organizations/nyuzentown/feeds/noranmaicar/files/feed.zip?rid=current,jbda-nyuzentown-noranmaicar,https://creativecommons.org/publicdomain/zero/1.0/deed.ja,active
JP,Obanazawa,尾花沢市,https://api.gtfs-data.jp/v2/organizations/obanazawacity/feeds/ObanazawaCity/files/feed.zip?rid=current,jbda-obanazawacity-ObanazawaCity,https://creativecommons.org/licenses/by/4.0/deed.ja,active
JP,Obuse,長電バス株式会社,https://api.gtfs-data.jp/v2/organizations/nagadenbus/feeds/obuse-romango/files/feed.zip?rid=current,jbda-nagadenbus-obuse-romango,https://creativecommons.org/licenses/by/4.0/deed.ja,active
JP,Odai,大台町,https://api.gtfs-data.jp/v2/organizations/odaitown/feeds/choeibus/files/feed.zip?rid=current,jbda-odaitown-choeibus,https://creativecommons.org/licenses/by/4.0/deed.ja,active
JP,Oe,大江町,https://api.gtfs-data.jp/v2/organizations/oetown/feeds/Oetown/files/feed.zip?rid=current,jbda-oetown-Oetown,https://creativecommons.org/licenses/by/4.0/deed.ja,active
JP,Ogasawara,小笠原村,https://api.gtfs-data.jp/v2/organizations/ogasawaravillage/feeds/o/files/feed.zip?rid=current,jbda-ogasawaravillage-o,https://creativecommons.org/licenses/by/4.0/deed.ja,active
JP,Oguchi,大口町,https://api.gtfs-data.jp/v2/organizations/oguchitown/feeds/communitybus/files/feed.zip?rid=current,jbda-oguchitown-communitybus,https://creativecommons.org/licenses/by/4.0/deed.ja,active
JP,Oguni,山形県小国町,https://api.gtfs-data.jp/v2/organizations/yamagata-ogunitown/feeds/OguniTown/files/feed.zip?rid=current,jbda-yamagata-ogunitown-OguniTown,https://creativecommons.org/licenses/by/4.0/deed.ja,active
JP,Oita,中津市,https://api.gtfs-data.jp/v2/organizations/nakatsucity/feeds/Kii/files/feed.zip?rid=current,jbda-nakatsucity-Kii,https://creativecommons.org/licenses/by/4.0/deed.ja,active
JP,Oita,中津市,https://api.gtfs-data.jp/v2/organizations/nakatsucity/feeds/OshimaIfuku/files/feed.zip?rid=current,jbda-nakatsucity-OshimaIfuku,https://creativecommons.org/licenses/by/4.0/deed.ja,active
JP,Oita,中津市,https://api.gtfs-data.jp/v2/organizations/nakatsucity/feeds/Tsutami/files/feed.zip?rid=current,jbda-nakatsucity-Tsutami,https://creativecommons.org/licenses/by/4.0/deed.ja,active
JP,Okayama,北振バス株式会社,https://api.gtfs-data.jp/v2/organizations/hokushin-bus/feeds/hokushinbus/files/feed.zip?rid=current,jbda-hokushin-bus-hokushinbus,https://creativecommons.org/publicdomain/zero/1.0/deed.ja,active
JP,Okayama,鏡野町,https://api.gtfs-data.jp/v2/organizations/kagaminotown/feeds/kagaminotownbus/files/feed.zip?rid=current,jbda-kagaminotown-kagaminotownbus,https://creativecommons.org/licenses/by/4.0/deed.ja,active
JP,Okura,大蔵村,https://api.gtfs-data.jp/v2/organizations/ohkuravillage/feeds/OhkuraVillage/files/feed.zip?rid=current,jbda-ohkuravillage-OhkuraVillage,https://creativecommons.org/licenses/by/4.0/deed.ja,active
JP,Omachi,大町市,https://api.gtfs-data.jp/v2/organizations/omachicity/feeds/omachisiminbus/files/feed.zip?rid=current,jbda-omachicity-omachisiminbus,https://creativecommons.org/licenses/by/4.0/deed.ja,active
JP,Omachi,池田町,https://api.gtfs-data.jp/v2/organizations/nagano-ikedatown/feeds/IkedaTownBus/files/feed.zip?rid=current,jbda-nagano-ikedatown-IkedaTownBus,https://creativecommons.org/licenses/by/4.0/deed.ja,active
JP,Omihachiman,近江八幡市,https://api.gtfs-data.jp/v2/organizations/omihachimancity/feeds/akakonbus/files/feed.zip?rid=current,jbda-omihachimancity-akakonbus,https://creativecommons.org/licenses/by/4.0/deed.ja,active
JP,Onga,遠賀町,https://api.gtfs-data.jp/v2/organizations/ongatown/feeds/OngaTownCommunityBus/files/feed.zip?rid=current,jbda-ongatown-OngaTownCommunityBus,https://creativecommons.org/licenses/by/4.0/deed.ja,active
JP,Ono,大垣市,https://api.gtfs-data.jp/v2/organizations/ogakicity/feeds/meihankintetsubus/files/feed.zip?rid=current,jbda-ogakicity-meihankintetsubus,https://creativecommons.org/licenses/by/4.0/deed.ja,active
JP,Osaka,徳島バス株式会社,https://api.gtfs-data.jp/v2/organizations/tokubus/feeds/tokushimabus/files/feed.zip?rid=current,jbda-tokubus-tokushimabus,https://creativecommons.org/licenses/by/4.0/deed.ja,active
JP,Oshu,奥州市,https://api.gtfs-data.jp/v2/organizations/oshucity/feeds/bus-oshucity-iwate-jp/files/feed.zip?rid=current,jbda-oshucity-bus-oshucity-iwate-jp,https://creativecommons.org/licenses/by/4.0/deed.ja,active
JP,Ota,Tokyo Metropolitan Bureau of Transportation - Toei Train,https://api-public.odpt.org/api/v4/files/Toei/data/Toei-Train-GTFS.zip,mdb-3176,https://creativecommons.org/licenses/by/4.0/,active
JP,Ota,大泉町,https://api.gtfs-data.jp/v2/organizations/oizumitown/feeds/kouikikoukyoubasuaozora/files/feed.zip?rid=current,jbda-oizumitown-kouikikoukyoubasuaozora,https://creativecommons.org/licenses/by/4.0/deed.ja,active
JP,Ota,太田市,https://api.gtfs-data.jp/v2/organizations/gunma-otacity/feeds/ootacitybus/files/feed.zip?rid=current,jbda-gunma-otacity-ootacitybus,https://creativecommons.org/licenses/by/4.0/deed.ja,active
JP,Otaki,木曽広域連合,https://api.gtfs-data.jp/v2/organizations/kisokoikirengo/feeds/kiso-bus/files/feed.zip?rid=current,jbda-kisokoikirengo-kiso-bus,https://creativecommons.org/licenses/by/2.1/jp/,active
JP,Otsuki,大月町,https://api.gtfs-data.jp/v2/organizations/otsukitown/feeds/GTFS-Otsukitown_Bus/files/feed.zip?rid=current,jbda-otsukitown-GTFS-Otsukitown_Bus,https://creativecommons.org/licenses/by/4.0/deed.ja,active
JP,Otsuki,高知西南交通株式会社,https://api.gtfs-data.jp/v2/organizations/kochi-seinan-kotsu/feeds/GTFS-Seinantraffic_Localbus/files/feed.zip?rid=current,jbda-kochi-seinan-kotsu-GTFS-Seinantraffic_Localbus,https://creativecommons.org/licenses/by/4.0/deed.ja,active
JP,Owani,大鰐町,https://api.gtfs-data.jp/v2/organizations/owanitown/feeds/owanitown-sunekarabus/files/feed.zip?rid=current,jbda-owanitown-owanitown-sunekarabus,https://creativecommons.org/licenses/by/4.0/deed.ja,active
JP,Owase,尾鷲市,https://api.gtfs-data.jp/v2/organizations/owasecity/feeds/fureaibus/files/feed.zip?rid=current,jbda-owasecity-fureaibus,https://creativecommons.org/licenses/by/4.0/deed.ja,active
JP,Oyabe,小矢部市,https://api.gtfs-data.jp/v2/organizations/oyabecity/feeds/oyabecitybus/files/feed.zip?rid=current,jbda-oyabecity-oyabecitybus,https://creativecommons.org/publicdomain/zero/1.0/deed.ja,active
JP,Ritto,守山市,https://api.gtfs-data.jp/v2/organizations/moriyamacity/feeds/kuruttobus/files/feed.zip?rid=current,jbda-moriyamacity-kuruttobus,https://creativecommons.org/licenses/by/4.0/deed.ja,active
JP,Rokkasho,三沢市,https://api.gtfs-data.jp/v2/organizations/misawacity/feeds/misawacity-mebus/files/feed.zip?rid=current,jbda-misawacity-misawacity-mebus,https://creativecommons.org/licenses/by/4.0/deed.ja,active
JP,Rokkasho,六ヶ所村,https://api.gtfs-data.jp/v2/organizations/rokkashovillage/feeds/rokkasho-sharedtaxi/files/feed.zip?rid=current,jbda-rokkashovillage-rokkasho-sharedtaxi,https://creativecommons.org/licenses/by/4.0/deed.ja,active
JP,Ryugasaki,龍ケ崎市,https://api.gtfs-data.jp/v2/organizations/ryugasakicity/feeds/Ryugasakishi-communitybus/files/feed.zip?rid=current,jbda-ryugasakicity-Ryugasakishi-communitybus,https://creativecommons.org/licenses/by/4.0/deed.ja,active
JP,Sagae,寒河江市,https://api.gtfs-data.jp/v2/organizations/sagaecity/feeds/SagaeCity/files/feed.zip?rid=current,jbda-sagaecity-SagaeCity,https://creativecommons.org/licenses/by/4.0/deed.ja,active
JP,Saitama,さいたま市,https://api.gtfs-data.jp/v2/organizations/saitamacity/feeds/ajisaigou/files/feed.zip?rid=current,jbda-saitamacity-ajisaigou,https://creativecommons.org/licenses/by/4.0/deed.ja,active
JP,Saitama,さいたま市,https://api.gtfs-data.jp/v2/organizations/saitamacity/feeds/iwatsukikucommunitybus/files/feed.zip?rid=current,jbda-saitamacity-iwatsukikucommunitybus,https://creativecommons.org/licenses/by/4.0/deed.ja,active
JP,Saitama,さいたま市,https://api.gtfs-data.jp/v2/organizations/saitamacity/feeds/kawasemigou/files/feed.zip?rid=current,jbda-saitamacity-kawasemigou,https://creativecommons.org/licenses/by/4.0/deed.ja,active
JP,Saitama,さいたま市,https://api.gtfs-data.jp/v2/organizations/saitamacity/feeds/kitakucommunitybus/files/feed.zip?rid=current,jbda-saitamacity-kitakucommunitybus,https://creativecommons.org/licenses/by/4.0/deed.ja,active
JP,Saitama,さいたま市,https://api.gtfs-data.jp/v2/organizations/saitamacity/feeds/minamikucommunitybus/files/feed.zip?rid=current,jbda-saitamacity-minamikucommunitybus,https://creativecommons.org/licenses/by/4.0/deed.ja,active
JP,Saitama,さいたま市,https://api.gtfs-data.jp/v2/organizations/saitamacity/feeds/minumagou/files/feed.zip?rid=current,jbda-saitamacity-minumagou,https://creativecommons.org/licenses/by/4.0/deed.ja,active
JP,Saitama,さいたま市,https://api.gtfs-data.jp/v2/organizations/saitamacity/feeds/minumakucommunitybus/files/feed.zip?rid=current,jbda-saitamacity-minumakucommunitybus,https://creativecommons.org/licenses/by/4.0/deed.ja,active
JP,Saitama,さいたま市,https://api.gtfs-data.jp/v2/organizations/saitamacity/feeds/miyaharanakayoshigou/files/feed.zip?rid=current,jbda-saitamacity-miyaharanakayoshigou,https://creativecommons.org/licenses/by/4.0/deed.ja,active
JP,Saitama,さいたま市,https://api.gtfs-data.jp/v2/organizations/saitamacity/feeds/musashigou/files/feed.zip?rid=current,jbda-saitamacity-musashigou,https://creativecommons.org/licenses/by/4.0/deed.ja,active
JP,Saitama,さいたま市,https://api.gtfs-data.jp/v2/organizations/saitamacity/feeds/nisikucommunitybus/files/feed.zip?rid=current,jbda-saitamacity-nisikucommunitybus,https://creativecommons.org/licenses/by/4.0/deed.ja,active
JP,Saitama,さいたま市,https://api.gtfs-data.jp/v2/organizations/saitamacity/feeds/orizurugou/files/feed.zip?rid=current,jbda-saitamacity-orizurugou,https://creativecommons.org/licenses/by/4.0/deed.ja,active
JP,Saitama,さいたま市,https://api.gtfs-data.jp/v2/organizations/saitamacity/feeds/rainbowgou/files/feed.zip?rid=current,jbda-saitamacity-rainbowgou,https://creativecommons.org/licenses/by/4.0/deed.ja,active
JP,Saitama,さいたま市,https://api.gtfs-data.jp/v2/organizations/saitamacity/feeds/rakurakugou/files/feed.zip?rid=current,jbda-saitamacity-rakurakugou,https://creativecommons.org/licenses/by/4.0/deed.ja,active
JP,Saitama,さいたま市,https://api.gtfs-data.jp/v2/organizations/saitamacity/feeds/sakurakucommunitybus/files/feed.zip?rid=current,jbda-saitamacity-sakurakucommunitybus,https://creativecommons.org/licenses/by/4.0/deed.ja,active
JP,Sakaide,琴参バス株式会社,https://api.gtfs-data.jp/v2/organizations/kotosan/feeds/sakaide-local/files/feed.zip?rid=current,jbda-kotosan-sakaide-local,https://creativecommons.org/licenses/by/4.0/deed.ja,active
JP,Sakata,酒田市,https://api.gtfs-data.jp/v2/organizations/sakatacity/feeds/SakataCity/files/feed.zip?rid=current,jbda-sakatacity-SakataCity,https://creativecommons.org/licenses/by/4.0/deed.ja,active
JP,Sakawa,佐川町,https://api.gtfs-data.jp/v2/organizations/sakawatown/feeds/GTFS-Sakawatown_Bus/files/feed.zip?rid=current,jbda-sakawatown-GTFS-Sakawatown_Bus,https://creativecommons.org/licenses/by/4.0/deed.ja,active
JP,Sakegawa,鮭川村,https://api.gtfs-data.jp/v2/organizations/sakegawavillage/feeds/SakegawaVillage/files/feed.zip?rid=current,jbda-sakegawavillage-SakegawaVillage,https://creativecommons.org/licenses/by/4.0/deed.ja,active
JP,Saku,千曲バス株式会社,https://api.gtfs-data.jp/v2/organizations/chikuma-bus/feeds/rosenbus/files/feed.zip?rid=current,jbda-chikuma-bus-rosenbus,https://creativecommons.org/licenses/by/4.0/deed.ja,active
JP,Samukawa,寒川町,https://api.gtfs-data.jp/v2/organizations/samukawatown/feeds/mokusei-go_eastroute/files/feed.zip?rid=current,jbda-samukawatown-mokusei-go_eastroute,https://creativecommons.org/licenses/by/4.0/deed.ja,active
JP,Samukawa,寒川町,https://api.gtfs-data.jp/v2/organizations/samukawatown/feeds/mokusei-go_kuramiomuraroute/files/feed.zip?rid=current,jbda-samukawatown-mokusei-go_kuramiomuraroute,https://creativecommons.org/licenses/by/4.0/deed.ja,active
JP,Samukawa,寒川町,https://api.gtfs-data.jp/v2/organizations/samukawatown/feeds/mokusei-go_southroute/files/feed.zip?rid=current,jbda-samukawatown-mokusei-go_southroute,https://creativecommons.org/licenses/by/4.0/deed.ja,active
JP,Sayo,佐用町,https://api.gtfs-data.jp/v2/organizations/sayotown/feeds/communitybus/files/feed.zip?rid=current,jbda-sayotown-communitybus,https://creativecommons.org/licenses/by/2.1/jp/,active
JP,Seki,関市,https://api.gtfs-data.jp/v2/organizations/sekicity/feeds/itadorifureaibus/files/feed.zip?rid=current,jbda-sekicity-itadorifureaibus,https://creativecommons.org/licenses/by/4.0/deed.ja,active
JP,Semboku,仙北市,https://api.gtfs-data.jp/v2/organizations/sembokucity/feeds/bus-city-semboku/files/feed.zip?rid=current,jbda-sembokucity-bus-city-semboku,https://creativecommons.org/licenses/by/4.0/deed.ja,active
JP,Semboku,羽後交通株式会社,https://api.gtfs-data.jp/v2/organizations/ugokotsu/feeds/ugokotsu_tazawako/files/feed.zip?rid=current,jbda-ugokotsu-ugokotsu_tazawako,https://creativecommons.org/licenses/by/4.0/deed.ja,active
JP,Setouchi,瀬戸内市,https://api.gtfs-data.jp/v2/organizations/setouchicity/feeds/setouchicitybus/files/feed.zip?rid=current,jbda-setouchicity-setouchicitybus,https://creativecommons.org/licenses/by/4.0/deed.ja,active
JP,Shichigahama,七ヶ浜町,https://api.gtfs-data.jp/v2/organizations/shichigahamatown/feeds/Gururinko/files/feed.zip?rid=current,jbda-shichigahamatown-Gururinko,https://creativecommons.org/licenses/by/4.0/deed.ja,active
JP,Shichinohe,七戸町,https://api.gtfs-data.jp/v2/organizations/shichinohetown/feeds/shichinohe_community-bus/files/feed.zip?rid=current,jbda-shichinohetown-shichinohe_community-bus,https://creativecommons.org/licenses/by/4.0/deed.ja,active
JP,Shima,志摩市,https://api.gtfs-data.jp/v2/organizations/shimacity/feeds/agowanteikisen/files/feed.zip?rid=current,jbda-shimacity-agowanteikisen,https://creativecommons.org/licenses/by/4.0/deed.ja,active
JP,Shima,志摩市,https://api.gtfs-data.jp/v2/organizations/shimacity/feeds/anori/files/feed.zip?rid=current,jbda-shimacity-anori,https://creativecommons.org/licenses/by/4.0/deed.ja,active
JP,Shimada,島田市,https://api.gtfs-data.jp/v2/organizations/shimadacity/feeds/shimada_combus/files/feed.zip?rid=current,jbda-shimadacity-shimada_combus,https://creativecommons.org/licenses/by/4.0/deed.ja,active
JP,Shimanto,四万十市,https://api.gtfs-data.jp/v2/organizations/shimantocity/feeds/GTFS-Shimantocity_Bus/files/feed.zip?rid=current,jbda-shimantocity-GTFS-Shimantocity_Bus,https://creativecommons.org/licenses/by/4.0/deed.ja,active
JP,Shimanto,四万十町,https://api.gtfs-data.jp/v2/organizations/shimantotown/feeds/GTFS-Shimantotown_Bus/files/feed.zip?rid=current,jbda-shimantotown-GTFS-Shimantotown_Bus,https://creativecommons.org/licenses/by/4.0/deed.ja,active
JP,Shimanto,株式会社四万十交通,https://api.gtfs-data.jp/v2/organizations/shimanto-kotsu/feeds/GTFS-Shimantotraffic_Localbus/files/feed.zip?rid=current,jbda-shimanto-kotsu-GTFS-Shimantotraffic_Localbus,https://creativecommons.org/licenses/by/4.0/deed.ja,active
JP,Shimanto,高知西南交通株式会社,https://api.gtfs-data.jp/v2/organizations/kochi-seinan-kotsu/feeds/GTFS-Seinantraffic_Akamego/files/feed.zip?rid=current,jbda-kochi-seinan-kotsu-GTFS-Seinantraffic_Akamego,https://creativecommons.org/licenses/by/4.0/deed.ja,active
JP,Shimanto,高知西南交通株式会社,https://api.gtfs-data.jp/v2/organizations/kochi-seinan-kotsu/feeds/GTFS-Seinantraffic_Riverbus/files/feed.zip?rid=current,jbda-kochi-seinan-kotsu-GTFS-Seinantraffic_Riverbus,https://creativecommons.org/licenses/by/4.0/deed.ja,active
JP,Shimanto,高知西南交通株式会社,https://api.gtfs-data.jp/v2/organizations/kochi-seinan-kotsu/feeds/GTFS-Seinantraffic_Shimaashi/files/feed.zip?rid=current,jbda-kochi-seinan-kotsu-GTFS-Seinantraffic_Shimaashi,https://creativecommons.org/licenses/by/4.0/deed.ja,active
JP,Shimotsuma,つくば市,https://api.gtfs-data.jp/v2/organizations/tsukubacity/feeds/TSUKUBUS/files/feed.zip?rid=current,jbda-tsukubacity-TSUKUBUS,https://creativecommons.org/licenses/by/4.0/deed.ja,active
JP,Shingo,新郷村,https://api.gtfs-data.jp/v2/organizations/shingovillage/feeds/shingo-mizubashogo/files/feed.zip?rid=current,jbda-shingovillage-shingo-mizubashogo,https://creativecommons.org/licenses/by/4.0/deed.ja,active
JP,Shingu,三重交通,https://api.gtfs-data.jp/v2/organizations/mie-kotsu/feeds/sancoinanki/files/feed.zip?rid=current,jbda-mie-kotsu-sancoinanki,https://creativecommons.org/licenses/by/4.0/deed.ja,active
JP,Shingu,古賀市,https://api.gtfs-data.jp/v2/organizations/fukuoka-kogacity/feeds/KogaBus/files/feed.zip?rid=current,jbda-fukuoka-kogacity-KogaBus,https://creativecommons.org/licenses/by/4.0/deed.ja,active
JP,Shingu,新宮町,https://api.gtfs-data.jp/v2/organizations/shingutown/feeds/ShinguTownCommunityBus/files/feed.zip?rid=current,jbda-shingutown-ShinguTownCommunityBus,https://creativecommons.org/licenses/by/4.0/deed.ja,active
JP,Shingu,新宮町,https://api.gtfs-data.jp/v2/organizations/shingutown/feeds/TownFerryShingu/files/feed.zip?rid=current,jbda-shingutown-TownFerryShingu,https://creativecommons.org/licenses/by/4.0/deed.ja,active
JP,Shinjo,新庄市,https://api.gtfs-data.jp/v2/organizations/shinjocity/feeds/ShinjoCity/files/feed.zip?rid=current,jbda-shinjocity-ShinjoCity,https://creativecommons.org/licenses/by/4.0/deed.ja,active
JP,Shinjo,真庭市,https://api.gtfs-data.jp/v2/organizations/maniwacity/feeds/maniwakun/files/feed.zip?rid=current,jbda-maniwacity-maniwakun,https://creativecommons.org/publicdomain/zero/1.0/deed.ja,active
JP,Shinshiro,新城市,https://api.gtfs-data.jp/v2/organizations/shinshirocity/feeds/sbus/files/feed.zip?rid=current,jbda-shinshirocity-sbus,https://creativecommons.org/licenses/by/4.0/deed.ja,active
JP,Shiojiri,塩尻市,https://api.gtfs-data.jp/v2/organizations/shiojiricity/feeds/suteppukunn/files/feed.zip?rid=current,jbda-shiojiricity-suteppukunn,https://creativecommons.org/licenses/by/4.0/deed.ja,active
JP,Shirakawa,加越能バス,https://api.gtfs-data.jp/v2/organizations/kaetsunou/feeds/kaetsunousekaiisan/files/feed.zip?rid=current,jbda-kaetsunou-kaetsunousekaiisan,https://creativecommons.org/publicdomain/zero/1.0/deed.ja,active
JP,Shirataka,山形鉄道株式会社,https://api.gtfs-data.jp/v2/organizations/yamagatatetsudo/feeds/flowerliner/files/feed.zip?rid=current,jbda-yamagatatetsudo-flowerliner,https://creativecommons.org/licenses/by/4.0/deed.ja,active
JP,Shirataka,白鷹町,https://api.gtfs-data.jp/v2/organizations/shiratakatown/feeds/ShiratakaTown/files/feed.zip?rid=current,jbda-shiratakatown-ShiratakaTown,https://creativecommons.org/licenses/by/4.0/deed.ja,active
JP,Shiso,宍粟市,https://api.gtfs-data.jp/v2/organizations/shisocity/feeds/shitanbus-wingshinki/files/feed.zip?rid=current,jbda-shisocity-shitanbus-wingshinki,https://creativecommons.org/licenses/by/2.1/jp/,active
JP,Shiso,宍粟市,https://api.gtfs-data.jp/v2/organizations/shisocity/feeds/shitanbus/files/feed.zip?rid=current,jbda-shisocity-shitanbus,https://creativecommons.org/licenses/by/2.1/jp/,active
JP,Shizuoka,藤枝市,https://api.gtfs-data.jp/v2/organizations/fujiedacity/feeds/gtfsfjed/files/feed.zip?rid=current,jbda-fujiedacity-gtfsfjed,https://creativecommons.org/licenses/by/4.0/deed.ja,active
JP,Shizuoka,静岡市,https://api.gtfs-data.jp/v2/organizations/shizuokacity/feeds/ikawa/files/feed.zip?rid=current,jbda-shizuokacity-ikawa,https://creativecommons.org/licenses/by/4.0/deed.ja,active
JP,Shizuoka,静岡市,https://api.gtfs-data.jp/v2/organizations/shizuokacity/feeds/iryo-fukushi/files/feed.zip?rid=current,jbda-shizuokacity-iryo-fukushi,https://creativecommons.org/licenses/by/4.0/deed.ja,active
JP,Shizuoka,静岡市,https://api.gtfs-data.jp/v2/organizations/shizuokacity/feeds/ryougouchi/files/feed.zip?rid=current,jbda-shizuokacity-ryougouchi,https://creativecommons.org/licenses/by/4.0/deed.ja,active
JP,Shizuoka,静岡市,https://api.gtfs-data.jp/v2/organizations/shizuokacity/feeds/yui-kanbara/files/feed.zip?rid=current,jbda-shizuokacity-yui-kanbara,https://creativecommons.org/licenses/by/4.0/deed.ja,active
JP,Shizuoka,静岡市,https://api.gtfs-data.jp/v2/organizations/shizuokacity/feeds/yui/files/feed.zip?rid=current,jbda-shizuokacity-yui,https://creativecommons.org/licenses/by/4.0/deed.ja,active
JP,Shodoshima,小豆島オリーブバス株式会社,https://api-public.odpt.org/api/v4/files/odpt/ShodoshimaOliveBus/AllLines.zip?date=current,odpt-ShodoshimaOliveBus-AllLines,https://creativecommons.org/licenses/by/4.0/,active
JP,Shonai,庄内町,https://api.gtfs-data.jp/v2/organizations/shonaitown/feeds/ShonaiTown/files/feed.zip?rid=current,jbda-shonaitown-ShonaiTown,https://creativecommons.org/licenses/by/4.0/deed.ja,active
JP,Shoo,勝央町,https://api.gtfs-data.jp/v2/organizations/shootown/feeds/shoochofureaibus/files/feed.zip?rid=current,jbda-shootown-shoochofureaibus,https://creativecommons.org/publicdomain/zero/1.0/deed.ja,active
JP,Soeda,添田町,https://api.gtfs-data.jp/v2/organizations/soedatown/feeds/soedamachibus/files/feed.zip?rid=current,jbda-soedatown-soedamachibus,https://creativecommons.org/licenses/by/4.0/deed.ja,active
JP,Soni,三重交通,https://api.gtfs-data.jp/v2/organizations/mie-kotsu/feeds/sancoiga/files/feed.zip?rid=current,jbda-mie-kotsu-sancoiga,https://creativecommons.org/licenses/by/4.0/deed.ja,active
JP,Sotogahama,JR東日本盛岡支社,https://api.gtfs-data.jp/v2/organizations/jr-east-morioka/feeds/JR-east_tsugaruline/files/feed.zip?rid=current,jbda-jr-east-morioka-JR-east_tsugaruline,https://creativecommons.org/licenses/by/4.0/deed.ja,active
JP,Sotogahama,JR東日本盛岡支社,https://api.gtfs-data.jp/v2/organizations/jr-east-morioka/feeds/JReast_wandotaxi/files/feed.zip?rid=current,jbda-jr-east-morioka-JReast_wandotaxi,https://creativecommons.org/licenses/by/4.0/deed.ja,active
JP,Sotogahama,外ヶ浜町,https://api.gtfs-data.jp/v2/organizations/sotogahamatown/feeds/sotogahama-townbus/files/feed.zip?rid=current,jbda-sotogahamatown-sotogahama-townbus,https://creativecommons.org/licenses/by/4.0/deed.ja,active
JP,Sotogahama,蓬田村,https://api.gtfs-data.jp/v2/organizations/yomogitavillage/feeds/yomogita-communitybus/files/feed.zip?rid=current,jbda-yomogitavillage-yomogita-communitybus,https://creativecommons.org/licenses/by/4.0/deed.ja,active
JP,Sue,須恵町,https://api.gtfs-data.jp/v2/organizations/suetown/feeds/SueTownCommunityBus/files/feed.zip?rid=current,jbda-suetown-SueTownCommunityBus,https://creativecommons.org/licenses/by/4.0/deed.ja,active
JP,Suginami,杉並区,https://api-public.odpt.org/api/v4/files/odpt/TokyoSuginamiCity/GreenSlowMobility.zip?date=current,odpt-TokyoSuginamiCity-GreenSlowMobility,https://creativecommons.org/licenses/by/4.0/,active
JP,Sukumo,宿毛市,https://api.gtfs-data.jp/v2/organizations/sukumocity/feeds/GTFS-Sukumocity_Ferry/files/feed.zip?rid=current,jbda-sukumocity-GTFS-Sukumocity_Ferry,https://creativecommons.org/licenses/by/4.0/deed.ja,active
JP,Sukumo,宿毛市,https://api.gtfs-data.jp/v2/organizations/sukumocity/feeds/GTFS-Sukumocity_Hanabus/files/feed.zip?rid=current,jbda-sukumocity-GTFS-Sukumocity_Hanabus,https://creativecommons.org/licenses/by/4.0/deed.ja,active
JP,Sukumo,宿毛市,https://api.gtfs-data.jp/v2/organizations/sukumocity/feeds/GTFS-Sukumocity_Yururinbus/files/feed.zip?rid=current,jbda-sukumocity-GTFS-Sukumocity_Yururinbus,https://creativecommons.org/licenses/by/4.0/deed.ja,active
JP,Sumoto,洲本市,https://api.gtfs-data.jp/v2/organizations/sumotocity/feeds/communitybus/files/feed.zip?rid=current,jbda-sumotocity-communitybus,https://creativecommons.org/licenses/by/2.1/jp/,active
JP,Sumoto,淡路市,https://api.gtfs-data.jp/v2/organizations/awajicity/feeds/awajinawahimebus/files/feed.zip?rid=current,jbda-awajicity-awajinawahimebus,https://creativecommons.org/licenses/by/2.1/jp/,active
JP,Susaki,須崎市,https://api.gtfs-data.jp/v2/organizations/kochi-suzakicity/feeds/GTFS-Susakicity_Bus/files/feed.zip?rid=current,jbda-kochi-suzakicity-GTFS-Susakicity_Bus,https://creativecommons.org/licenses/by/4.0/deed.ja,active
JP,Susaki,須崎市,https://api.gtfs-data.jp/v2/organizations/kochi-suzakicity/feeds/GTFS-Susakicity_Ferry/files/feed.zip?rid=current,jbda-kochi-suzakicity-GTFS-Susakicity_Ferry,https://creativecommons.org/licenses/by/4.0/deed.ja,active
JP,Susaki,高知高陵交通株式会社,https://api.gtfs-data.jp/v2/organizations/kochi-koryo-kotsu/feeds/GTFS-Koryotraffic_Localbus/files/feed.zip?rid=current,jbda-kochi-koryo-kotsu-GTFS-Koryotraffic_Localbus,https://creativecommons.org/licenses/by/4.0/deed.ja,active
JP,Suwa,諏訪市,https://api.gtfs-data.jp/v2/organizations/suwacity/feeds/karinchanbas/files/feed.zip?rid=current,jbda-suwacity-karinchanbas,https://creativecommons.org/licenses/by/4.0/deed.ja,active
JP,Suzaka,須坂市,https://api.gtfs-data.jp/v2/organizations/suzakicity/feeds/suzakashiminbus/files/feed.zip?rid=current,jbda-suzakicity-suzakashiminbus,https://creativecommons.org/licenses/by/2.1/jp/,active
JP,Suzuka,三重交通,https://api.gtfs-data.jp/v2/organizations/mie-kotsu/feeds/sancochusei/files/feed.zip?rid=current,jbda-mie-kotsu-sancochusei,https://creativecommons.org/licenses/by/4.0/deed.ja,active
JP,Tachikawa,立川市,https://api-public.odpt.org/api/v4/files/odpt/TachikawaCity/kururin_bus_alllines.zip?date=current,odpt-TachikawaCity-kururin_bus_alllines,https://creativecommons.org/licenses/by/4.0/,active
JP,Tachikawa,立川市,https://api.gtfs-data.jp/v2/organizations/tachikawacity/feeds/kururinbus/files/feed.zip?rid=current,jbda-tachikawacity-kururinbus,https://creativecommons.org/licenses/by/4.0/deed.ja,active
JP,Tagajo,仙台市交通局,https://api-public.odpt.org/api/v4/files/odpt/SendaiMunicipal/bus_realtime_information.zip?date=current,odpt-SendaiMunicipal-bus_realtime_information,https://creativecommons.org/licenses/by/4.0/,active
JP,Tagawa,田川市,https://api.gtfs-data.jp/v2/organizations/tagawacity/feeds/TagawaCityCommunityBus/files/feed.zip?rid=current,jbda-tagawacity-TagawaCityCommunityBus,https://creativecommons.org/licenses/by/4.0/deed.ja,active
JP,Taiji,熊野御坊南海バス株式会社,https://api.gtfs-data.jp/v2/organizations/kumanogobobus/feeds/kumanogobobus_kumano/files/feed.zip?rid=current,jbda-kumanogobobus-kumanogobobus_kumano,https://creativecommons.org/licenses/by/4.0/deed.ja,active
JP,Taito,台東区,https://api-public.odpt.org/api/v4/files/odpt/TokyoTaitoCity/megurinCCBY40.zip?date=current,odpt-TokyoTaitoCity-megurinCCBY40,https://creativecommons.org/licenses/by/4.0/,active
JP,Taito,東京都観光汽船株式会社,https://api-public.odpt.org/api/v4/files/odpt/TokyoCruiseShip/AllLines.zip?date=current,odpt-TokyoCruiseShip-AllLines,https://creativecommons.org/licenses/by/4.0/,active
JP,Tajimi,多治見市,https://api.gtfs-data.jp/v2/organizations/tajimicity/feeds/kikyobus/files/feed.zip?rid=current,jbda-tajimicity-kikyobus,https://creativecommons.org/licenses/by/4.0/deed.ja,active
JP,Takagi,南信州地域交通問題協議会（南信州広域連合）,https://api.gtfs-data.jp/v2/organizations/minamishinshu/feeds/Minamishinshu-takagi-1/files/feed.zip?rid=current,jbda-minamishinshu-Minamishinshu-takagi-1,https://creativecommons.org/licenses/by/4.0/deed.ja,active
JP,Takamori,産交バス,https://api.gtfs-data.jp/v2/organizations/sankobus/feeds/sankobus/files/feed.zip?rid=current,jbda-sankobus-sankobus,https://creativecommons.org/licenses/by/4.0/deed.ja,active
JP,Takaoka,万葉線,https://api.gtfs-data.jp/v2/organizations/manyosen/feeds/manyosen/files/feed.zip?rid=current,jbda-manyosen-manyosen,https://creativecommons.org/publicdomain/zero/1.0/deed.ja,active
JP,Takaoka,高岡市,https://api.gtfs-data.jp/v2/organizations/takaokacity/feeds/koueibus/files/feed.zip?rid=current,jbda-takaokacity-koueibus,https://creativecommons.org/publicdomain/zero/1.0/deed.ja,active
JP,Takarazuka,宝塚市,https://api.gtfs-data.jp/v2/organizations/takarazukacity/feeds/runrunbus/files/feed.zip?rid=current,jbda-takarazukacity-runrunbus,https://creativecommons.org/licenses/by/2.1/jp/,active
JP,Takasago,加古川市,https://api.gtfs-data.jp/v2/organizations/kakogawacity/feeds/kakobuskakobusmini/files/feed.zip?rid=current,jbda-kakogawacity-kakobuskakobusmini,https://creativecommons.org/licenses/by/2.1/jp/,active
JP,Takasago,高砂市,https://api.gtfs-data.jp/v2/organizations/takasagocity/feeds/jotonbus/files/feed.zip?rid=current,jbda-takasagocity-jotonbus,https://creativecommons.org/licenses/by/2.1/jp/,active
JP,Takasaki,上信ハイヤー株式会社,https://api-public.odpt.org/api/v4/files/odpt/JoshinHire/AllLines.zip?date=current,odpt-JoshinHire-AllLines,https://creativecommons.org/licenses/by/4.0/,active
JP,Takasaki,群馬中央バス株式会社,https://api-public.odpt.org/api/v4/files/odpt/GunmachuoBus/AllLines.zip?date=current,odpt-GunmachuoBus-AllLines,https://creativecommons.org/licenses/by/4.0/,active
JP,Takasaki,高崎市,https://api-public.odpt.org/api/v4/files/odpt/TakasakiCity/yosiibus.zip?date=current,odpt-TakasakiCity-yosiibus,https://creativecommons.org/licenses/by/4.0/,active
JP,Takashima,高島市,https://api.gtfs-data.jp/v2/organizations/takashimacity/feeds/takasimasicommunitybus/files/feed.zip?rid=current,jbda-takashimacity-takasimasicommunitybus,https://creativecommons.org/licenses/by/4.0/deed.ja,active
JP,Takayama,濃飛乗合自動車（濃飛バス）,https://api.gtfs-data.jp/v2/organizations/nouhibus/feeds/nouhibus/files/feed.zip?rid=current,jbda-nouhibus-nouhibus,https://creativecommons.org/licenses/by/4.0/deed.ja,active
JP,Takayama,濃飛乗合自動車（濃飛バス）,https://api.gtfs-data.jp/v2/organizations/nouhibus/feeds/takayama_shuyu/files/feed.zip?rid=current,jbda-nouhibus-takayama_shuyu,https://creativecommons.org/licenses/by/4.0/deed.ja,active
JP,Takayama,神姫観光,https://api.gtfs-data.jp/v2/organizations/shinkikanko/feeds/limonbus/files/feed.zip?rid=current,jbda-shinkikanko-limonbus,https://creativecommons.org/licenses/by/4.0/deed.ja,active
JP,Takayama,高山市,https://api.gtfs-data.jp/v2/organizations/takayamacity/feeds/noramaicar/files/feed.zip?rid=current,jbda-takayamacity-noramaicar,https://creativecommons.org/licenses/by/4.0/deed.ja,active
JP,Takayama,高山市,https://api.gtfs-data.jp/v2/organizations/takayamacity/feeds/takanego/files/feed.zip?rid=current,jbda-takayamacity-takanego,https://creativecommons.org/licenses/by/4.0/deed.ja,active
JP,Taki,三重交通,https://api.gtfs-data.jp/v2/organizations/mie-kotsu/feeds/sancomatsusaka/files/feed.zip?rid=current,jbda-mie-kotsu-sancomatsusaka,https://creativecommons.org/licenses/by/4.0/deed.ja,active
JP,Tamaki,三重交通,https://api.gtfs-data.jp/v2/organizations/mie-kotsu/feeds/sancoise/files/feed.zip?rid=current,jbda-mie-kotsu-sancoise,https://creativecommons.org/licenses/by/4.0/deed.ja,active
JP,Tamamura,永井運輸株式会社,https://api-public.odpt.org/api/v4/files/odpt/NagaiTransportation/AllLines.zip?date=current,odpt-NagaiTransportation-AllLines,https://creativecommons.org/licenses/by/4.0/,active
JP,Tanabe,明光バス株式会社,https://api.gtfs-data.jp/v2/organizations/meikobus/feeds/meikobus/files/feed.zip?rid=current,jbda-meikobus-meikobus,https://creativecommons.org/licenses/by/4.0/deed.ja,active
JP,Tanabe,田辺市,https://api.gtfs-data.jp/v2/organizations/tanabecity/feeds/Jumin-Bus/files/feed.zip?rid=current,jbda-tanabecity-Jumin-Bus,https://creativecommons.org/licenses/by/4.0/deed.ja,active
JP,Tanabe,龍神自動車株式会社,https://api.gtfs-data.jp/v2/organizations/ryujinbus/feeds/ryujinbus/files/feed.zip?rid=current,jbda-ryujinbus-ryujinbus,https://creativecommons.org/licenses/by/4.0/deed.ja,active
JP,Tano,北川村,https://api.gtfs-data.jp/v2/organizations/kitagawavillage/feeds/GTFS-Kitagawavill_Bus/files/feed.zip?rid=current,jbda-kitagawavillage-GTFS-Kitagawavill_Bus,https://creativecommons.org/licenses/by/4.0/deed.ja,active
JP,Tano,安田町,https://api.gtfs-data.jp/v2/organizations/yasudatown/feeds/GTFS-Yasudatown_Bus/files/feed.zip?rid=current,jbda-yasudatown-GTFS-Yasudatown_Bus,https://creativecommons.org/licenses/by/4.0/deed.ja,active
JP,Tano,田野町,https://api.gtfs-data.jp/v2/organizations/tanotown/feeds/GTFS-Tanotown_Bus/files/feed.zip?rid=current,jbda-tanotown-GTFS-Tanotown_Bus,https://creativecommons.org/licenses/by/4.0/deed.ja,active
JP,Tateshina,東信観光バス株式会社,https://api.gtfs-data.jp/v2/organizations/toshinkanko-bus/feeds/rosenbus/files/feed.zip?rid=current,jbda-toshinkanko-bus-rosenbus,https://creativecommons.org/publicdomain/zero/1.0/deed.ja,active
JP,Tateyama,富山地方鉄道,https://api.gtfs-data.jp/v2/organizations/chitetsu/feeds/chitetsubus/files/feed.zip?rid=current,jbda-chitetsu-chitetsubus,https://creativecommons.org/publicdomain/zero/1.0/deed.ja,active
JP,Tateyama,立山町,https://api.gtfs-data.jp/v2/organizations/tateyamatown/feeds/tateyama/files/feed.zip?rid=current,jbda-tateyamatown-tateyama,https://creativecommons.org/publicdomain/zero/1.0/deed.ja,active
JP,Tatsuno,たつの市,https://api.gtfs-data.jp/v2/organizations/tatsunocity/feeds/communitybus/files/feed.zip?rid=current,jbda-tatsunocity-communitybus,https://creativecommons.org/licenses/by/2.1/jp/,active
JP,Tendo,天童市,https://api.gtfs-data.jp/v2/organizations/tendocity/feeds/TendoCity/files/feed.zip?rid=current,jbda-tendocity-TendoCity,https://creativecommons.org/licenses/by/4.0/deed.ja,active
JP,Toba,鳥羽市,https://api.gtfs-data.jp/v2/organizations/tobacity/feeds/communitybus/files/feed.zip?rid=current,jbda-tobacity-communitybus,https://creativecommons.org/licenses/by/4.0/deed.ja,active
JP,Toba,鳥羽市,https://api.gtfs-data.jp/v2/organizations/tobacity/feeds/teikisen/files/feed.zip?rid=current,jbda-tobacity-teikisen,https://creativecommons.org/licenses/by/4.0/deed.ja,active
JP,Tochigi,那須町,https://api.gtfs-data.jp/v2/organizations/nasutown/feeds/nasutown/files/feed.zip?rid=current,jbda-nasutown-nasutown,https://creativecommons.org/licenses/by/4.0/deed.ja,active
JP,Tohoku,東北町,https://api.gtfs-data.jp/v2/organizations/tohokutown/feeds/tohoku-town-bus/files/feed.zip?rid=current,jbda-tohokutown-tohoku-town-bus,https://creativecommons.org/publicdomain/zero/1.0/deed.ja,active
JP,Tokai,東海市,https://api.gtfs-data.jp/v2/organizations/tokaicity/feeds/tokai-ranranbus/files/feed.zip?rid=current,jbda-tokaicity-tokai-ranranbus,https://creativecommons.org/licenses/by/4.0/deed.ja,active
JP,Toki,土岐市,https://api.gtfs-data.jp/v2/organizations/tokicity/feeds/communitybus/files/feed.zip?rid=current,jbda-tokicity-communitybus,https://creativecommons.org/licenses/by/4.0/deed.ja,active
JP,Tokoname,常滑市,https://api.gtfs-data.jp/v2/organizations/tokonamecity/feeds/Gruun/files/feed.zip?rid=current,jbda-tokonamecity-Gruun,https://creativecommons.org/publicdomain/zero/1.0/deed.ja,active
JP,Tokushima,北島町,https://api.gtfs-data.jp/v2/organizations/kitajimatown/feeds/kitajimatownfukushibus/files/feed.zip?rid=current,jbda-kitajimatown-kitajimatownfukushibus,https://creativecommons.org/licenses/by/4.0/deed.ja,active
JP,Tokushima,徳島市,https://api.gtfs-data.jp/v2/organizations/tokushimacity/feeds/kamihachimanbus/files/feed.zip?rid=current,jbda-tokushimacity-kamihachimanbus,https://creativecommons.org/licenses/by/4.0/deed.ja,active
JP,Tokushima,徳島市,https://api.gtfs-data.jp/v2/organizations/tokushimacity/feeds/oujinfureaibus/files/feed.zip?rid=current,jbda-tokushimacity-oujinfureaibus,https://creativecommons.org/licenses/by/4.0/deed.ja,active
JP,Tokushima,徳島市交通局,https://api.gtfs-data.jp/v2/organizations/tokushima-shiei/feeds/tokushimacitybus/files/feed.zip?rid=current,jbda-tokushima-shiei-tokushimacitybus,https://creativecommons.org/licenses/by/4.0/deed.ja,active
JP,Tonami,砺波市,https://api.gtfs-data.jp/v2/organizations/tonamicity/feeds/tonamishieibasu/files/feed.zip?rid=current,jbda-tonamicity-tonamishieibasu,https://creativecommons.org/publicdomain/zero/1.0/deed.ja,active
JP,Tone,大利根交通自動車株式会社,https://api.gtfs-data.jp/v2/organizations/otonekotu/feeds/otonekotubus/files/feed.zip?rid=current,jbda-otonekotu-otonekotubus,https://creativecommons.org/licenses/by/4.0/deed.ja,active
JP,Toride,大利根交通自動車株式会社,https://api-public.odpt.org/api/v4/files/odpt/OtoneKotsu/AllLines.zip?date=current,odpt-OtoneKotsu-AllLines,https://creativecommons.org/licenses/by/4.0/,active
JP,Tosashimizu,土佐清水市,https://api.gtfs-data.jp/v2/organizations/tosashimizucity/feeds/GTFS-Tosashimizucity_Bus/files/feed.zip?rid=current,jbda-tosashimizucity-GTFS-Tosashimizucity_Bus,https://creativecommons.org/licenses/by/4.0/deed.ja,active
JP,Touin,東員町,https://api.gtfs-data.jp/v2/organizations/tointown/feeds/communitybus/files/feed.zip?rid=current,jbda-tointown-communitybus,https://creativecommons.org/licenses/by/4.0/deed.ja,active
JP,Towada,十和田市,https://api.gtfs-data.jp/v2/organizations/towadacity/feeds/towadacity_communitybus/files/feed.zip?rid=current,jbda-towadacity-towadacity_communitybus,https://creativecommons.org/licenses/by/4.0/deed.ja,active
JP,Towada,十和田観光電鉄株式会社,https://api.gtfs-data.jp/v2/organizations/towadakankodentetsu/feeds/toutetsu/files/feed.zip?rid=current,jbda-towadakankodentetsu-toutetsu,https://creativecommons.org/licenses/by/4.0/deed.ja,active
JP,Toyama,富山地方鉄道,https://api.gtfs-data.jp/v2/organizations/chitetsu/feeds/chitetsushinaidensha/files/feed.zip?rid=current,jbda-chitetsu-chitetsushinaidensha,https://creativecommons.org/publicdomain/zero/1.0/deed.ja,active
JP,Toyama,富山市,https://api.gtfs-data.jp/v2/organizations/toyamacity/feeds/fuchucommunitybus/files/feed.zip?rid=current,jbda-toyamacity-fuchucommunitybus,https://creativecommons.org/publicdomain/zero/1.0/deed.ja,active
JP,Toyama,富山市,https://api.gtfs-data.jp/v2/organizations/toyamacity/feeds/horikawaminamicommunitybus/files/feed.zip?rid=current,jbda-toyamacity-horikawaminamicommunitybus,https://creativecommons.org/publicdomain/zero/1.0/deed.ja,active
JP,Toyama,富山市,https://api.gtfs-data.jp/v2/organizations/toyamacity/feeds/kurehaikiikibus/files/feed.zip?rid=current,jbda-toyamacity-kurehaikiikibus,https://creativecommons.org/publicdomain/zero/1.0/deed.ja,active
JP,Toyama,富山市,https://api.gtfs-data.jp/v2/organizations/toyamacity/feeds/maidohayabus/files/feed.zip?rid=current,jbda-toyamacity-maidohayabus,https://creativecommons.org/publicdomain/zero/1.0/deed.ja,active
JP,Toyama,富山市,https://api.gtfs-data.jp/v2/organizations/toyamacity/feeds/oyamacommunitybus/files/feed.zip?rid=current,jbda-toyamacity-oyamacommunitybus,https://creativecommons.org/publicdomain/zero/1.0/deed.ja,active
JP,Toyama,富山市,https://api.gtfs-data.jp/v2/organizations/toyamacity/feeds/yamadacommunitybus/files/feed.zip?rid=current,jbda-toyamacity-yamadacommunitybus,https://creativecommons.org/publicdomain/zero/1.0/deed.ja,active
JP,Toyama,富山市,https://api.gtfs-data.jp/v2/organizations/toyamacity/feeds/yatsuocommunitybus/files/feed.zip?rid=current,jbda-toyamacity-yatsuocommunitybus,https://creativecommons.org/publicdomain/zero/1.0/deed.ja,active
JP,Toyama,飛騨市,https://api.gtfs-data.jp/v2/organizations/hidacity/feeds/communitybus/files/feed.zip?rid=current,jbda-hidacity-communitybus,https://creativecommons.org/licenses/by/4.0/deed.ja,active
JP,Toyoake,豊明市,https://api.gtfs-data.jp/v2/organizations/toyoakecity/feeds/himawaribus/files/feed.zip?rid=current,jbda-toyoakecity-himawaribus,https://creativecommons.org/publicdomain/zero/1.0/deed.ja,active
JP,Toyone,北設楽郡公共交通活性化協議会,https://api.gtfs-data.jp/v2/organizations/kitashitara/feeds/odekakehokusetsu/files/feed.zip?rid=current,jbda-kitashitara-odekakehokusetsu,https://creativecommons.org/licenses/by/4.0/deed.ja,active
JP,Toyooka,南信州地域交通問題協議会（南信州広域連合）,https://api.gtfs-data.jp/v2/organizations/minamishinshu/feeds/Minamishinshu-takamori-1/files/feed.zip?rid=current,jbda-minamishinshu-Minamishinshu-takamori-1,https://creativecommons.org/licenses/by/4.0/deed.ja,active
JP,Toyooka,南信州地域交通問題協議会（南信州広域連合）,https://api.gtfs-data.jp/v2/organizations/minamishinshu/feeds/Minamishinshu-toyooka-1/files/feed.zip?rid=current,jbda-minamishinshu-Minamishinshu-toyooka-1,https://creativecommons.org/licenses/by/4.0/deed.ja,active
JP,Toyooka,豊岡市,https://api.gtfs-data.jp/v2/organizations/toyookacity/feeds/inacar/files/feed.zip?rid=current,jbda-toyookacity-inacar,https://creativecommons.org/licenses/by/2.1/jp/,active
JP,Toyooka,豊岡市,https://api.gtfs-data.jp/v2/organizations/toyookacity/feeds/kobus/files/feed.zip?rid=current,jbda-toyookacity-kobus,https://creativecommons.org/licenses/by/2.1/jp/,active
JP,Toyota,豊田市,https://api.gtfs-data.jp/v2/organizations/toyotacity/feeds/chiikibus/files/feed.zip?rid=current,jbda-toyotacity-chiikibus,https://creativecommons.org/licenses/by/4.0/deed.ja,active
JP,Toyota,豊田市,https://api.gtfs-data.jp/v2/organizations/toyotacity/feeds/kikanbus/files/feed.zip?rid=current,jbda-toyotacity-kikanbus,https://creativecommons.org/licenses/by/4.0/deed.ja,active
JP,Tozawa,戸沢村,https://api.gtfs-data.jp/v2/organizations/tozawavillage/feeds/tozawavillagebus/files/feed.zip?rid=current,jbda-tozawavillage-tozawavillagebus,https://creativecommons.org/licenses/by/4.0/deed.ja,active
JP,Tozawa,最上川交通,https://api.gtfs-data.jp/v2/organizations/mogamigawakotsu/feeds/MOGAMIGAWAKOTSU/files/feed.zip?rid=current,jbda-mogamigawakotsu-MOGAMIGAWAKOTSU,https://creativecommons.org/licenses/by/4.0/deed.ja,active
JP,Tsu,バスネット津,https://api.gtfs-data.jp/v2/organizations/busnet-tsu/feeds/guruttotsubus/files/feed.zip?rid=current,jbda-busnet-tsu-guruttotsubus,https://creativecommons.org/licenses/by/4.0/deed.ja,active
JP,Tsu,伊勢鉄道,https://api.gtfs-data.jp/v2/organizations/isetetu/feeds/iserailway/files/feed.zip?rid=current,jbda-isetetu-iserailway,https://creativecommons.org/licenses/by/4.0/deed.ja,active
JP,Tsu,津エアポートライン,https://api.gtfs-data.jp/v2/organizations/tsu-airportline/feeds/airportline/files/feed.zip?rid=current,jbda-tsu-airportline-airportline,https://creativecommons.org/licenses/by/4.0/deed.ja,active
JP,Tsu,津市,https://api.gtfs-data.jp/v2/organizations/tsucity/feeds/communitybus/files/feed.zip?rid=current,jbda-tsucity-communitybus,https://creativecommons.org/licenses/by/4.0/deed.ja,active
JP,Tsuchiura,土浦市,https://api.gtfs-data.jp/v2/organizations/tsuchiuracity/feeds/tsuchimarubus/files/feed.zip?rid=current,jbda-tsuchiuracity-tsuchimarubus,https://creativecommons.org/licenses/by/4.0/deed.ja,active
JP,Tsugaru,つがる市,https://api.gtfs-data.jp/v2/organizations/tsugarucity/feeds/tsugarucity_localtransportation/files/feed.zip?rid=current,jbda-tsugarucity-tsugarucity_localtransportation,https://creativecommons.org/licenses/by/4.0/deed.ja,active
JP,Tsukuba,つくば市,https://api.gtfs-data.jp/v2/organizations/tsukubacity/feeds/TSUKUBANEGO/files/feed.zip?rid=current,jbda-tsukubacity-TSUKUBANEGO,https://creativecommons.org/licenses/by/4.0/deed.ja,active
JP,Tsuno,津野町,https://api.gtfs-data.jp/v2/organizations/kochi-tsunotown/feeds/GTFS-Tsunotown_Bus/files/feed.zip?rid=current,jbda-kochi-tsunotown-GTFS-Tsunotown_Bus,https://creativecommons.org/licenses/by/4.0/deed.ja,active
JP,Tsurugi,つるぎ町,https://api.gtfs-data.jp/v2/organizations/tsurugitown/feeds/tsurugitownbus/files/feed.zip?rid=current,jbda-tsurugitown-tsurugitownbus,https://creativecommons.org/licenses/by/4.0/deed.ja,active
JP,Tsuruoka,村上市,https://api.gtfs-data.jp/v2/organizations/murakamicity/feeds/murakamisicommunitybus/files/feed.zip?rid=current,jbda-murakamicity-murakamisicommunitybus,https://creativecommons.org/licenses/by/4.0/deed.ja,active
JP,Tsuruoka,鶴岡市,https://api.gtfs-data.jp/v2/organizations/tsuruokacity/feeds/TsuruokaCity/files/feed.zip?rid=current,jbda-tsuruokacity-TsuruokaCity,https://creativecommons.org/licenses/by/4.0/deed.ja,active
JP,Tsuruta,鶴田町,https://api.gtfs-data.jp/v2/organizations/tsurutatown/feeds/tsuruta-townbus/files/feed.zip?rid=current,jbda-tsurutatown-tsuruta-townbus,https://creativecommons.org/licenses/by/4.0/deed.ja,active
JP,Ube,船木鉄道株式会社,https://api.gtfs-data.jp/v2/organizations/sentetsu/feeds/Sentetsubus/files/feed.zip?rid=current,jbda-sentetsu-Sentetsubus,https://developer.odpt.org/terms/data_basic_license.html,active
JP,Uchinada,内灘町,https://api.gtfs-data.jp/v2/organizations/uchinadatown/feeds/communitybus/files/feed.zip?rid=current,jbda-uchinadatown-communitybus,https://creativecommons.org/licenses/by/4.0/deed.ja,active
JP,Ueda,上田バス株式会社,https://api.gtfs-data.jp/v2/organizations/uedabus/feeds/noriai_bus/files/feed.zip?rid=current,jbda-uedabus-noriai_bus,https://creativecommons.org/licenses/by/4.0/deed.ja,active
JP,Ueda,上田市,https://api.gtfs-data.jp/v2/organizations/uedacity/feeds/uedashigaitizyunkanbus/files/feed.zip?rid=current,jbda-uedacity-uedashigaitizyunkanbus,https://creativecommons.org/licenses/by/4.0/deed.ja,active
JP,Ueda,青木村,https://api.gtfs-data.jp/v2/organizations/aokivillage/feeds/aokisoneibus/files/feed.zip?rid=current,jbda-aokivillage-aokisoneibus,https://creativecommons.org/licenses/by/4.0/deed.ja,active
JP,Uozu,魚津市,https://api.gtfs-data.jp/v2/organizations/uozucity/feeds/junkai/files/feed.zip?rid=current,jbda-uozucity-junkai,https://creativecommons.org/publicdomain/zero/1.0/deed.ja,active
JP,Urugi,南信州地域交通問題協議会（南信州広域連合）,https://api.gtfs-data.jp/v2/organizations/minamishinshu/feeds/Minamishinshu-Nanbu-1/files/feed.zip?rid=current,jbda-minamishinshu-Minamishinshu-Nanbu-1,https://creativecommons.org/licenses/by/4.0/deed.ja,active
JP,Utadu,琴参バス株式会社,https://api.gtfs-data.jp/v2/organizations/kotosan/feeds/marugame-community/files/feed.zip?rid=current,jbda-kotosan-marugame-community,https://creativecommons.org/licenses/by/4.0/deed.ja,active
JP,Wakayama,中紀バス,https://api.gtfs-data.jp/v2/organizations/chukibus/feeds/chukibus/files/feed.zip?rid=current,jbda-chukibus-chukibus,https://creativecommons.org/licenses/by/4.0/deed.ja,active
JP,Wake,赤磐市,https://api-public.odpt.org/api/v4/files/odpt/AkaiwaCity/AllLines.zip?date=current,odpt-AkaiwaCity-AllLines,https://creativecommons.org/publicdomain/zero/1.0/,active
JP,Wako,和光市,https://api.gtfs-data.jp/v2/organizations/wakocity/feeds/Wako-City-junkanbus/files/feed.zip?rid=current,jbda-wakocity-Wako-City-junkanbus,https://creativecommons.org/licenses/by/4.0/deed.ja,active
JP,Watarai,伊勢市,https://api.gtfs-data.jp/v2/organizations/isecity/feeds/numakibus/files/feed.zip?rid=current,jbda-isecity-numakibus,https://creativecommons.org/licenses/by/4.0/deed.ja,active
JP,Watarai,度会町,https://api.gtfs-data.jp/v2/organizations/wataraitown/feeds/choeibus/files/feed.zip?rid=current,jbda-wataraitown-choeibus,https://creativecommons.org/licenses/by/4.0/deed.ja,active
JP,Yaese,八重瀬町,https://api.gtfs-data.jp/v2/organizations/yaesetown/feeds/yaese-town-bus/files/feed.zip?rid=current,jbda-yaesetown-yaese-town-bus,https://creativecommons.org/licenses/by/4.0/deed.ja,active
JP,Yahaba,花巻市,https://api.gtfs-data.jp/v2/organizations/hanamakicity/feeds/hanamaki/files/feed.zip?rid=current,jbda-hanamakicity-hanamaki,https://creativecommons.org/licenses/by/4.0/deed.ja,active
JP,Yahiko,燕市,https://api.gtfs-data.jp/v2/organizations/tsubamecity/feeds/tsubame_bus/files/feed.zip?rid=current,jbda-tsubamecity-tsubame_bus,https://creativecommons.org/licenses/by/4.0/deed.ja,active
JP,Yaita,矢板市,https://api.gtfs-data.jp/v2/organizations/yaitacity/feeds/chuuou-junkan/files/feed.zip?rid=current,jbda-yaitacity-chuuou-junkan,https://creativecommons.org/licenses/by/4.0/deed.ja,active
JP,Yakage,北振バス株式会社,https://api.gtfs-data.jp/v2/organizations/hokushin-bus/feeds/ibaraaiaibus/files/feed.zip?rid=current,jbda-hokushin-bus-ibaraaiaibus,https://creativecommons.org/publicdomain/zero/1.0/deed.ja,active
JP,Yamagata,山形市,https://api.gtfs-data.jp/v2/organizations/yamagata-yamagatacity/feeds/YamagataCity/files/feed.zip?rid=current,jbda-yamagata-yamagatacity-YamagataCity,https://creativecommons.org/licenses/by/4.0/deed.ja,active
JP,Yamagata,山県市,https://api.gtfs-data.jp/v2/organizations/gifu-yamagatacity/feeds/communitybus/files/feed.zip?rid=current,jbda-gifu-yamagatacity-communitybus,https://creativecommons.org/licenses/by/4.0/deed.ja,active
JP,Yamagata,松本市,https://api.gtfs-data.jp/v2/organizations/matsumotocity/feeds/guruttomatsumotobus1/files/feed.zip?rid=current,jbda-matsumotocity-guruttomatsumotobus1,https://creativecommons.org/licenses/by/4.0/deed.ja,active
JP,Yamagata,松本市,https://api.gtfs-data.jp/v2/organizations/matsumotocity/feeds/guruttomatsumotobus2/files/feed.zip?rid=current,jbda-matsumotocity-guruttomatsumotobus2,https://creativecommons.org/licenses/by/4.0/deed.ja,active
JP,Yamanobe,山辺町,https://api.gtfs-data.jp/v2/organizations/yamanobetown/feeds/YamanobeTown/files/feed.zip?rid=current,jbda-yamanobetown-YamanobeTown,https://creativecommons.org/licenses/by/4.0/deed.ja,active
JP,Yamatokoriyama,大和郡山市,https://api.gtfs-data.jp/v2/organizations/yamatokoriyamacity/feeds/kingyobus/files/feed.zip?rid=current,jbda-yamatokoriyamacity-kingyobus,https://creativecommons.org/licenses/by/4.0/deed.ja,active
JP,Yanagawa,柳川市,https://api.gtfs-data.jp/v2/organizations/yanagawacity/feeds/YanagawaCityCommunityBus/files/feed.zip?rid=current,jbda-yanagawacity-YanagawaCityCommunityBus,https://creativecommons.org/licenses/by/4.0/deed.ja,active
JP,Yanaizu,柳津町,https://api.gtfs-data.jp/v2/organizations/yanaizutown/feeds/yanaizutown-bus/files/feed.zip?rid=current,jbda-yanaizutown-yanaizutown-bus,https://creativecommons.org/publicdomain/zero/1.0/deed.ja,active
JP,Yaotsu,八百津町,https://api.gtfs-data.jp/v2/organizations/yaotsutown/feeds/yaobus/files/feed.zip?rid=current,jbda-yaotsutown-yaobus,https://creativecommons.org/licenses/by/4.0/deed.ja,active
JP,Yasu,野洲市,https://api.gtfs-data.jp/v2/organizations/yasucity/feeds/onoriyasu/files/feed.zip?rid=current,jbda-yasucity-onoriyasu,https://creativecommons.org/licenses/by/4.0/deed.ja,active
JP,Yokkaichi,四日市市,https://api.gtfs-data.jp/v2/organizations/yokkaichicity/feeds/communitybus/files/feed.zip?rid=current,jbda-yokkaichicity-communitybus,https://creativecommons.org/licenses/by/4.0/deed.ja,active
JP,Yokkaichi,生活バス四日市,https://api.gtfs-data.jp/v2/organizations/seikatsubus-yokkaichi/feeds/sbusyokkaichi/files/feed.zip?rid=current,jbda-seikatsubus-yokkaichi-sbusyokkaichi,https://creativecommons.org/licenses/by/4.0/deed.ja,active
JP,Yokohama,大新東株式会社,https://api-public.odpt.org/api/v4/files/odpt/Daishinto/Radiantcity_Yokohama.zip?date=current,odpt-Daishinto-Radiantcity_Yokohama,https://creativecommons.org/licenses/by/4.0/,active
JP,Yokohama,大新東株式会社,https://api.gtfs-data.jp/v2/organizations/daishinto/feeds/Radiant-City/files/feed.zip?rid=current,jbda-daishinto-Radiant-City,https://creativecommons.org/publicdomain/zero/1.0/deed.ja,active
JP,Yokohama,横須賀市,https://api.gtfs-data.jp/v2/organizations/yokosukacity/feeds/hamachanbus/files/feed.zip?rid=current,jbda-yokosukacity-hamachanbus,https://creativecommons.org/licenses/by/4.0/deed.ja,active
JP,Yonezawa,米沢市,https://api.gtfs-data.jp/v2/organizations/yonezawacity/feeds/Yonezawa/files/feed.zip?rid=current,jbda-yonezawacity-Yonezawa,https://creativecommons.org/licenses/by/4.0/deed.ja,active
JP,Yoshinogawa,吉野川市,https://api.gtfs-data.jp/v2/organizations/yoshinogawacity/feeds/yoshinogawacitybus/files/feed.zip?rid=current,jbda-yoshinogawacity-yoshinogawacitybus,https://creativecommons.org/licenses/by/4.0/deed.ja,active
JP,Yoshioka,株式会社群馬バス,https://api-public.odpt.org/api/v4/files/odpt/GunmaBus/AllLines.zip?date=current,odpt-GunmaBus-AllLines,https://creativecommons.org/licenses/by/4.0/,active
JP,Yotsukaido,四街道市,https://api.gtfs-data.jp/v2/organizations/yotsukaidocity/feeds/yoppii/files/feed.zip?rid=current,jbda-yotsukaidocity-yoppii,https://creativecommons.org/publicdomain/zero/1.0/deed.ja,active
JP,Zentsuji,琴参バス株式会社,https://api.gtfs-data.jp/v2/organizations/kotosan/feeds/kotohira-local/files/feed.zip?rid=current,jbda-kotosan-kotohira-local,https://creativecommons.org/licenses/by/4.0/deed.ja,active
JP,Zentsuji,西讃観光,https://api.gtfs-data.jp/v2/organizations/seisan-kanko/feeds/seisankanko_limousine/files/feed.zip?rid=current,jbda-seisan-kanko-seisankanko_limousine,https://creativecommons.org/licenses/by/4.0/deed.ja,active
LA,Bachiangchaleunsouk District,Office of Transport and Traffic Policy and Planning,https://namtang-api.otp.go.th/download/namtang-gtfs.zip,mdb-1831,https://creativecommons.org/licenses/by/4.0/,active
LK,Colombo District,Lanka Metro Transit,https://api.transit.seyone.dev/api/v1/gtfs/download?agency=LMT,mdb-3490,https://creativecommons.org/licenses/by/4.0/,active
LT,Druskininkų savivaldybė,Kautra,http://www.stops.lt/druskininkai/druskininkai/gtfs.zip,mdb-1040,,active
LT,Gudžiūnų seniūnija,Busturas,http://www.stops.lt/siauliai/siauliai/gtfs.zip,mdb-1834,,active
LT,Kauno miesto savivaldybė,Kauno viešasis transportas (KVT),http://www.stops.lt/kaunas/kaunas/gtfs.zip,mdb-1041,,active
LT,Klaipėda City Municipality,Klaipėda Transport,http://www.stops.lt/klaipeda/klaipeda/gtfs.zip,mdb-1042,,active
LT,Lentvaris Eldership,Vilnius Transport,http://www.stops.lt/vilnius/vilnius/gtfs.zip,mdb-1044,,active
LT,Nemunaičio seniūnija,Alytus,http://www.stops.lt/alytus/alytus/gtfs.zip,mdb-1833,,active
LT,Panevėžio miesto savivaldybė,Panevezio Autobusu Parkas,http://www.stops.lt/panevezys/panevezys/gtfs.zip,mdb-1043,,active
LT,Raseinių miesto seniūnija,"VšĮ ""Žaliasis regionas""",https://stops.lt/taurage/taurage/gtfs.zip,mdb-3121,,active
LT,Upninkų seniūnija,"Lietuvos transporto saugos administracija, Lazdijų r. sav., Utenos r. sav., Šalčininkų rajono savivaldybės administracija, Širvintų r. sav., Šiaulių r. sav., Jurbarko r. sav., Alytaus r. sav., Vilniaus r. sav., Ignalinos r. sav., Neringos sav., Akcinė bendrovė ""SMILTYNĖS PERKĖLA"", UAB ""Joniškio autobusų parkas"", Rokiškio r. sav., Uždaroji akcinė bendrovė ""UKMERGĖS AUTOBUSŲ PARKAS"", Anykščių r. sav., Kaišiadorių r. sav., Kauno m. sav., Marijampolės savivaldybės administracija, Mažeikių r. sav., Molėtų r. sav., Pakruojo r. sav., Biržų r. sav., Jonavos r. sav., Klaipėdos r. sav., Kretingos r. sav., Kupiškio r. sav., Šiaulių m. sav., Šilutės r. sav., Kelmės r. sav., Plungės r. sav., Švenčionių r. sav., Ukmergės r. sav., Varėnos r. sav., Zarasų r. sav., Vilniaus m. sav., Akmenės r. sav., Alytaus m. sav., Pasvalio r. sav., Uždaroji akcinė bendrovė Kuršėnų autobusų parkas, UŽDAROJI AKCINĖ BENDROVĖ ""EMTRA"", Uždaroji akcinė bendrovė Širvintų autobusų parkas",https://www.visimarsrutai.lt/gtfs/gtfs_all.zip,tld-4477,,active
LT,Šiaulių miesto savivaldybė,B-Bus,https://www.stops.lt/LVA/lva/gtfs.zip,mdb-2385,,active
LV,Jūrmala,Jūrmalas autobusu satiksme,https://www.marsruti.lv/jurmala/jurmala/gtfs.zip,mdb-2018,https://judu.lt/wp-content/uploads/2022/03/Duomenu-naudojimo-salygos-lt.pdf,active
LV,Liepaja,Liepājas sabiedriskais transports,https://www.marsruti.lv/liepaja/liepaja/gtfs.zip,mdb-2016,https://judu.lt/wp-content/uploads/2022/03/Duomenu-naudojimo-salygos-lt.pdf,active
LV,Rīga,Rīgas Satiksme,http://saraksti.rigassatiksme.lv/riga/gtfs.zip,mdb-884,,active
LV,national,Rēzeknes satiksme,https://www.marsruti.lv/rezekne/rezekne/gtfs.zip,mdb-2017,https://judu.lt/wp-content/uploads/2022/03/Duomenu-naudojimo-salygos-lt.pdf,active
LV,national,Valsts SIA Autotransporta Direkcija (ATD),https://www.atd.lv/sites/default/files/GTFS/gtfs-latvia-lv.zip,mdb-992,,active
MA,préfecture d'arrondissements de Casablanca-Anfa عمالة مقاطعات الدار البيضاء أنفا,Casatramway,https://raw.githubusercontent.com/SpaghettDev/CasaTransport-GTFS/master/gtfs-tramway/gtfs-tramway.zip,mdb-3462,,active
MC,Monaco-Ville,COMPAGNIE AUTOBUS DE MONACO,https://www.data.gouv.fr/api/1/datasets/r/2f510784-2957-48e3-b01c-b0e4f9938da7,tdg-83756,https://www.data.gouv.fr/pages/legal/licences/etalab-2.0,active
MC,Monte-Carlo,Région Provence-Alpes-Côte-d'Azur,https://www.data.gouv.fr/api/1/datasets/r/0a554ecc-a9b7-490c-a4ad-bbd8a0dc0ded,tdg-83990,https://www.data.gouv.fr/pages/legal/licences/etalab-2.0,active
MD,Chișinău Municipality,"Regia Transport Electric Chișinău, Î.M. Parcul Urban de Autobuze",https://external.gtfs.ro/chisinau/CHISINAU.zip,mdb-2341,,active
MD,Fălești District,Transport Public Ungheni,https://github.com/UngheniTransport/gtfs/raw/refs/heads/main/ungheni_gtfs.zip,mdb-3046,https://unghenitransport.md/index.php/retea-de-transport/open-data,active
ME,Polje,Željeznički prevoz Crne Gore,https://jbb.ghsq.de/gtfs/me-zpcg.gtfs.zip,mdb-2377,https://jbb.ghsq.de/kde/2024/02/25/Call-for-feeds-Make-your-region-available-in-our-open-transit-router.html,active
MK,Jabolci,JSP Skopje,https://www.modeshift.app/api/v1/9814b106-2afe-47c8-919b-bdec6a5e521e/transport/gtfs/gtfs.zip,mdb-3045,,active
MK,Skopje,Македонски Железници Транспорт / North Macedonia Railways Transport,https://github.com/deryclem/gtfs-north-macedonia/raw/main/gtfs-north-macedonia.zip,mdb-3461,,active
ML,Gao Cercle,Communauté d'Agglomération du Nord Grande-Terre,https://www.data.gouv.fr/api/1/datasets/r/dbfbff0f-46b6-44d5-a4d4-60d4ac645026,tdg-83020,https://www.data.gouv.fr/pages/legal/licences/etalab-2.0,active
MX,Jilotepec,Ayuntamiento Constitucional de Jilotepec Equipo de Planeación y Movilida (Constitutional Municipality of Jilotepec Planning and Mobility Team),https://datos.movimex.gob.mx/gtfs/jilotepec.gtfs.zip,mdb-2866,https://www.openstreetmap.org/copyright,active
MX,Toluca,Gobierno del estado de México (Government of the State of Mexico),https://datos.movimex.gob.mx/gtfs/toluca.gtfs.zip,mdb-2865,https://www.openstreetmap.org/copyright,active
MY,Alor Gajah,BAS.MY Melaka,https://api.data.gov.my/gtfs-static/mybas-melaka,mdb-3164,,active
MY,Hulu Langat,Prasarana Malaysia,https://api.data.gov.my/gtfs-static/prasarana?category=rapid-rail-kl,tld-6771,,active
MY,Jempol,BAS.MY Seremban B,https://api.data.gov.my/gtfs-static/mybas-seremban-b,mdb-3163,,active
MY,Kinta,BAS.MY Ipoh,https://api.data.gov.my/gtfs-static/mybas-ipoh,mdb-3161,,active
MY,Kota Bharu,BAS.MY Kota Bharu,https://api.data.gov.my/gtfs-static/mybas-kota-bharu,mdb-3159,,active
MY,Kota Setar,BAS.MY Alor Setar,https://api.data.gov.my/gtfs-static/mybas-alor-setar,mdb-3158,,active
MY,Kota Tinggi,BAS.MY Johor Bahru,https://api.data.gov.my/gtfs-static/mybas-johor,mdb-3165,,active
MY,Kuala Lumpur,Keretapi Tanah Melayu Berhad,https://api.data.gov.my/gtfs-static/ktmb,tld-6758,,active
MY,Kuala Muda,Prasarana Malaysia,https://api.data.gov.my/gtfs-static/prasarana?category=rapid-bus-penang,tld-6770,,active
MY,Kuantan,Prasarana Malaysia,https://api.data.gov.my/gtfs-static/prasarana?category=rapid-bus-kuantan,tld-6768,,active
MY,Kubang Pasu,BAS.MY Kangar,https://api.data.gov.my/gtfs-static/mybas-kangar,mdb-3157,,active
MY,Kuching Division,BAS.MY Kuching,https://api.data.gov.my/gtfs-static/mybas-kuching,mdb-3166,,active
MY,Petaling,Prasarana Malaysia,https://api.data.gov.my/gtfs-static/prasarana?category=rapid-bus-kl,tld-6767,,active
MY,Petaling,Prasarana Malaysia,https://api.data.gov.my/gtfs-static/prasarana?category=rapid-bus-mrtfeeder,tld-6769,,active
MY,Sepang,BAS.MY Seremban A,https://api.data.gov.my/gtfs-static/mybas-seremban-a,mdb-3162,,active
MY,Setiu,BAS.MY Kuala Terengganu,https://api.data.gov.my/gtfs-static/mybas-kuala-terengganu,mdb-3160,,active
NG,Lagos Island,Lagos State Waterways,https://lagosferries.com/gtfs.zip,mdb-3144,,active
NL,Breda,Société nationale des chemins de fer belges (NMBS-SNCB),https://data.gtfs.be/sncb/gtfs/be-sncb-gtfs.zip,mdb-1859,https://gtfs.be/,active
NL,Breda,Société nationale des chemins de fer belges (NMBS-SNCB),https://gtfs.irail.be/nmbs/gtfs/latest.zip,mdb-686,,active
NO,Agder,Entur,https://storage.googleapis.com/marduk-production/outbound/gtfs/rb_norway-aggregated-gtfs.zip,mdb-1078,https://developer.entur.org/stops-and-timetable-data,active
NO,Oslo,Vy Norge,https://opendata.samtrafiken.se/gtfs/vy-norge/vy-norge.zip,mdb-3289,https://www.trafiklab.se/api/gtfs-datasets/gtfs-regional/#licence,active
NO,Vestfold og Telemark,"Vestfold Kollektivtrafikk, Bastø Fosen",https://storage.googleapis.com/marduk-production/outbound/gtfs/rb_vkt-aggregated-gtfs.zip,tld-1048,,active
NO,Viken,SJ,https://opendata.samtrafiken.se/gtfs/sj/sj.zip,mdb-3273,https://www.trafiklab.se/api/gtfs-datasets/gtfs-regional/#licence,active
NO,Viken,Västtrafik,https://opendata.samtrafiken.se/gtfs/vt/vt.zip,mdb-3248,https://www.trafiklab.se/api/gtfs-datasets/gtfs-regional/#licence,active
NZ,Auckland,Auckland Transport,https://gtfs.at.govt.nz/gtfs.zip,mdb-1029,,active
NZ,Auckland,Mahu City Express,https://addtransit.com/gtfsfile/97011/MahuCityExpress.zip,mdb-3425,,active
NZ,Dunedin City,Otago Regional Council (ORC),https://www.orc.govt.nz/transit/google_transit.zip,mdb-983,https://creativecommons.org/licenses/by/4.0/,active
NZ,Hamilton City,Waikato Regional Council,https://wrcscheduledata.blob.core.windows.net/wrcgtfs/busit-nz-public.zip,tld-6738,,active
NZ,Nelson,eBus,https://data.trilliumtransit.com/gtfs/nsn-nz/nsn-nz.zip,mdb-2329,,active
NZ,New Plymouth District,"Weir Bros, Pickering Motors, Tranzit",https://data.trilliumtransit.com/gtfs/trc-nz/trc-nz.zip,tld-7899,,active
NZ,Palmerston North City,"Connect - Horizons Regional Transport, Connect - Horizons Regional Transport",https://www.horizons.govt.nz/HRC/media/Data/files/tranzit/HRC_GTFS_Production.zip,tld-7912,,active
NZ,Tauranga City,BayBus,http://gtfs.dynamis.live/boprc/prod/boprc-nz.zip,mdb-1071,,active
NZ,Waimakariri District,Metro Christchurch,https://apis.metroinfo.co.nz/rti/gtfs/v1/gtfs.zip,mdb-1313,https://www.metroinfo.co.nz/about/developer-resources#terms,active
NZ,Wellington City,Metlink,https://static.opendata.metlink.org.nz/v1/gtfs/full.zip,mdb-1132,http://www.metlink.org.nz/customer-services/general-transit-feed-specification/,active
PE,Chilca,Aeroexpreso,https://aeroexpreso.com.pe/gtfs,mdb-1985,,active
PE,La Esperanza,TMT Trujillo - Gerencia de Transporte,https://raw.githubusercontent.com/trufi-association/Trujillo-OMUS/refs/heads/main/GTFS-Peru-Trujillo/out/gtfs.zip,mdb-2200,https://github.com/trufi-association/Trujillo-OMUS/blob/main/LICENSE,active
PH,Manila,"Manila Light Rail Transit Authority, LTFRB, Manila Metro Rail Transit Corporation, MARINA, Philippine National Railways, The Fort Bus",https://github.com/sakayph/gtfs/archive/master.zip#gtfs-master,mdb-1106,,active
PH,national,"HM Transport Inc. and Robinsons Malls, Froehlich Tours,RRCG Transport, Lingkod Pinoy Bus Liner, Inc., MetroExpress, Tas Trans",https://github.com/sakayph/p2p-gtfs/archive/master.zip#p2p-gtfs-master,mdb-1105,https://github.com/sakayph/p2p-gtfs/blob/master/README.md,active
PL,Białystok County,Białostocka Komunikacja Miejska,https://komunikacja.bialystok.pl/cms/File/download/gtfs/google_transit.zip,mdb-1907,,active
PL,Bydgoszcz,ZDMiKP w Bydgoszczy,https://mkuran.pl/gtfs/bydgoszcz.zip,mdb-1009,https://mkuran.pl/gtfs/,active
PL,Elbląg County,Zarząd Komunikacji Miejskiej w Elblągu (ZKM Elbląg),https://mkuran.pl/gtfs/elblag.zip,mdb-2597,http://creativecommons.org/publicdomain/zero/1.0/,active
PL,Ełk County,Miejski Zakład Komunikacji w Ełku (MZK Ełk),https://mkuran.pl/gtfs/elk.zip,mdb-2086,http://creativecommons.org/publicdomain/zero/1.0/,active
PL,Gdańsk,Zarząd Transportu Miejskiego Gdańsk (ZTM Gdańsk),https://ckan.multimediagdansk.pl/dataset/c24aa637-3619-4dc2-a171-a23eec8f2172/resource/30e783e4-2bec-4a7d-bb22-ee3e3b26ca96/download/gtfsgoogle.zip,mdb-2093,http://creativecommons.org/publicdomain/zero/1.0/,active
PL,Gdynia,Zarząd Dróg i Zieleni Gdynia (ZKM Gdynia),http://api.zdiz.gdynia.pl/pt/gtfs.zip,mdb-2094,http://www.opendefinition.org/licenses/cc-by,active
PL,Giżycko County,Gmina Zaklad Komunalny (GZK Bystry),https://mkuran.pl/gtfs/gizycko.zip,mdb-1010,,active
PL,Jarosław County,Komunikacja miejska w Jarosławiu,https://github.com/rozkladnik/gtfs-pwik-jaroslaw/releases/latest/download/gtfs.zip,mdb-3189,,active
PL,Kielce,Zarząd Transportu Miejskiego w Kielcach,https://mkuran.pl/gtfs/kielce.zip,tld-6064,,active
PL,Krakow,Koleje Małopolskie,http://kolejemalopolskie.com.pl/rozklady_jazdy/kml-ska-gtfs.zip,mdb-1908,,active
PL,Krakow,Zarząd Transportu Publicznego w Krakowie,https://gtfs.ztp.krakow.pl/TripUpdates_T.pb,tld-4287-tu,,active
PL,Krakow,Zarząd Transportu Publicznego w Krakowie,https://gtfs.ztp.krakow.pl/VehiclePositions_T.pb,tld-4287-vp,,active
PL,Krakow,Zarząd Transportu Publicznego w Krakowie (ZTP Kraków),https://gtfs.ztp.krakow.pl/GTFS_KRK_M.zip,mdb-2598,https://ztp.krakow.pl/,active
PL,Krakow,Zarząd Transportu Publicznego w Krakowie (ZTP Kraków),https://gtfs.ztp.krakow.pl/GTFS_KRK_T.zip,mdb-1270,https://ztp.krakow.pl,active
PL,Kutno County,MZK Kutno,https://api.zbiorkom.live/api6-open/kutno/gtfs/default,mdb-3125,,active
PL,Limanowa County,Koleje Małopolskie,https://kolejemalopolskie.com.pl/rozklady_jazdy/ald-gtfs.zip,tld-6055,,active
PL,Lębork County,PKP Szybka Kolej Miejska (SKM),https://www.skm.pkp.pl/gtfs-mi-kpd.zip,mdb-1290,https://bip.skm.pkp.pl/c60/rozklad-jazdy,active
PL,Nowy Dwór Mazowiecki County,Koleje Mazowieckie (KM),https://mkuran.pl/gtfs/kolejemazowieckie.zip,mdb-1011,https://bip.mazowieckie.com.pl/pl/ponowne-wykorzystywanie-informacji-sektora-publicznego,active
PL,Oświęcim County,ZTM Katowice,https://github.com/gtfs-proxies/24-ZTM-Katowice/releases/latest/download/24-ZTM-Katowice.zip,mdb-2399,,active
PL,Oświęcim County,Zarząd Transportu Metropolitalnego (ZTM Transport GZM),https://github.com/TransportGZM-GTFS-mirror/TransportGZM-GTFS-extended-ver/releases/latest/download/TransportGZM-GTFS.zip,tld-7878,,active
PL,Poznań County,Zarząd Transportu Miejskiego Poznań (ZTM Poznań),https://www.ztm.poznan.pl/pl/dla-deweloperow/getGTFSFile,mdb-982,https://www.ztm.poznan.pl/pl/dla-deweloperow/index,active
PL,Pruszków County,Warszawska Kolej Dojazdowa (WKD),https://mkuran.pl/gtfs/wkd.zip,mdb-2091,http://creativecommons.org/publicdomain/zero/1.0/,active
PL,Radom,MZDiK Radom,https://mkuran.pl/gtfs/radom.zip,mdb-2090,http://creativecommons.org/publicdomain/zero/1.0/,active
PL,Ropczyce-Sędziszów County,PKS w Rzeszowie S.A.,https://www.mpkrzeszow.pl/gtfs-pks/latest.zip,mdb-3180,,active
PL,Rzeszów,Rzeszowski Transport Miejski,https://www.mpkrzeszow.pl/gtfs/latest.zip,mdb-3156,,active
PL,Rzeszów County,Zarząd Transportu Miejskiego Rzeszów (ZTM Rzeszów),https://mkuran.pl/gtfs/rzeszow.zip,mdb-2387,,active
PL,Szczecin,Zarząd Dróg i Transportu Miejskiego (ZDiTM),https://www.zditm.szczecin.pl/storage/gtfs/gtfs.zip,mdb-981,https://creativecommons.org/publicdomain/zero/1.0/,active
PL,Toruń,Urząd Miasta Torunia (MZK Toruń),https://mkuran.pl/gtfs/torun.zip,mdb-2089,http://creativecommons.org/publicdomain/zero/1.0/,active
PL,Tychy,Koleje Śląskie,https://github.com/gtfs-proxies/24-Koleje-Slaskie/releases/latest/download/24-Koleje-Slaskie.zip,mdb-3122,,active
PL,Wadowice County,Zarząd Transportu Publicznego w Krakowie (ZTP Kraków),https://gtfs.ztp.krakow.pl/GTFS_KRK_A.zip,mdb-1326,https://ztp.krakow.pl,active
PL,Warsaw,Warszawski Transport Publiczny (ZTM Warszawa),https://mkuran.pl/gtfs/warsaw.zip,mdb-2092,http://creativecommons.org/publicdomain/zero/1.0/,active
PL,Wejherowo County,Miejski Zakład Komunikacji w Wejherowie (MZK Wejherowo),https://mkuran.pl/gtfs/wejherowo.zip,mdb-2084,http://creativecommons.org/publicdomain/zero/1.0/,active
PL,Wielkopolskie,Koleje Wielkopolskie,https://przyjazdy.pl/latest/kw.zip,mdb-1001,,active
PL,Wolsztyn County,Polregio,https://mkuran.pl/gtfs/polregio.zip,mdb-2087,http://creativecommons.org/publicdomain/zero/1.0/,active
PL,Łomża,Miejskie Przedsiębiorstwo Komunikacyjne w Lomzy (MPK ZB w Łomży),https://mkuran.pl/gtfs/lomza.zip,mdb-1012,,active
PL,Łódź,Lodz Suburban & Regional Bus,https://raw.githubusercontent.com/qbx-tt/gtfs-lodz-suburban/main/gtfs-lodz-suburban.zip,mdb-3477,,active
PL,Świdnik County,Zarząd Transportu Miejskiego Lublin (ZTM Lublin),https://mkuran.pl/gtfs/lublin.zip,mdb-1013,,active
PL,Świnoujście,Komunikacja Autobusowa Świnoujście (KA Świnoujście),https://mkuran.pl/gtfs/swinoujscie.zip,mdb-2085,http://creativecommons.org/publicdomain/zero/1.0/,active
PT,Albufeira e Olhos de Água,GIRO - Transportes Urbanos,https://drive.google.com/uc?export=download&id=1tkKV40lQlFcLiJhq8SwZQdxNVjFclRCA,tld-4320,,active
PT,Alcabideche,"Cascais Próxima, E.M., S.A.",https://drive.google.com/uc?export=download&id=13ucYiAJRtu-gXsLa02qKJrGOgDjbnUWX,mdb-1272,https://dadosabertos.cascais.pt/dataset/gtfs-mobicascais,active
PT,Alcochete,Carris Metropolitana,https://api.carrismetropolitana.pt/gtfs,mdb-2027,https://github.com/carrismetropolitana/gtfs,active
PT,Alcântara,Carris,https://gateway.carris.pt/gateway/gtfs/api/v2.11/GTFS,mdb-2929,,active
PT,"Almada, Cova da Piedade, Pragal e Cacilhas","Metro Transportes do Sul, Metro Sul do Tejo",https://mts.pt/imt/MTS-20240129.zip,mdb-2408,https://nap-portugal.imt-ip.pt/nap/multimodalsupplydetail/200,active
PT,"Alto do Seixalinho, Santo André e Verderena",Transtejo,http://www.transporlis.pt/Portals/0/OpenData/gtfs/zip/4/gtfs_4.zip,mdb-1038,,active
PT,Areeiro,Fertagus,https://www.fertagus.pt/GTFSTMLzip/Fertagus_GTFS.zip,tld-715,,active
PT,Areeiro,Metro de Lisboa (Metro),https://www.metrolisboa.pt/google_transit/googleTransit.zip,tld-716,,active
PT,Baixa da Banheira e Vale da Amoreira,Transportes Coletivos do Barreiro,https://www.tcbarreiro.pt/front/files/sample_gtfs/GTFS-TCB_24.zip,tld-5536,,active
PT,Barcouço,SMTUC,https://dados.gov.pt/pt/datasets/r/bdae1dd0-74e5-4c52-8234-b7cb1cf5bee2,mdb-2992,https://dados.gov.pt/pt/datasets/gtfs-estaticos-servicos-municipalizados-de-transportes-urbanos-de-coimbra/,active
PT,Barreiro e Lavradio,Transportes Colectivos do Barreiro,https://backend.tcbarreiro.pt/download-gtfs,mdb-3186,https://dados.gov.pt/pt/datasets/gtfs-carris-metropolitana/,active
PT,Belém,Transtejo Soflusa (TTSL),https://api.transtejo.pt/files/GTFS.zip,mdb-2921,https://docs.carrismetropolitana.pt/covered-area,active
PT,Bemposta,RMTEJO II - Transportes Rodoviários de Passageiros,https://drive.google.com/uc?export=download&id=1v9eGjezOzbaBQi-Aa5c15tZXcSiiDwqA,tld-7825,,active
PT,Estômbar e Parchal,Vamus Transportes do Algarve,https://drive.google.com/uc?export=download&id=1CM8O4ndsfSJhka42SxFUZ9eB-wE10NqX,tld-4315,,active
PT,Faro,Próximo - Transportes Urbanos de Faro,https://drive.google.com/uc?export=download&id=1xNHjM7yl-SS1jCkGrvIBBlOhUkFfNBjY,tld-4321,,active
PT,Graça,RDL RODOVIÁRIA DO LIS II,https://drive.google.com/uc?export=download&id=192Qat2jJKyv5hhO8T3eVT70M5NB0dtXC,tld-7876,,active
PT,Luz,A Onda - Mobilidade Urbana,https://drive.google.com/uc?export=download&id=1aPfsxHqopxxcjV8HlRzImzxh_a6zRxGp,tld-4316,,active
PT,Montijo e Afonsoeiro,Transportes Metropolitanos de Lisboa (TML),https://go.tmlmobilidade.pt/hub/api/v1/plans/gtfs,mdb-3412,https://github.com/tmlmobilidade/go?tab=AGPL-3.0-1-ov-file,active
PT,Nogueiró e Tenões,Transportes Urbanos de Braga (TUB),https://www.tub.pt/developer/gtfs/feed/tub.zip,mdb-1927,,active
PT,Parceiros e Azoia,RDL RODOVIÁRIA DO LIS,https://drive.google.com/uc?export=download&id=1NqcOk8IrlV73TBonJAxpzIUTjaAjF27M,tld-7877,,active
PT,Portimão,Vai e Vem - Circuito Urbano,https://drive.google.com/uc?export=download&id=1Ii02y25MCOilAaQixsZNs1rcgdvNoYCs,tld-4317,,active
PT,Quarteira,Apanha-me! - Transportes Urbanos,https://drive.google.com/uc?export=download&id=1w92h129CWNSoImBRZQOWT6KRPzSFwJ42,tld-4318,,active
PT,Quelfes,Circuito Olhão,https://drive.google.com/uc?export=download&id=1X5uXAYJ5ItxMhrnDZSz3v9-U3kgL6QbJ,tld-4319,,active
PT,São Roque do Faial,"Horários do Funchal - Transportes Públicos, S.A",https://www.horariosdofunchal.pt/googletransit.zip,mdb-3104,http://www.horariosdofunchal.pt/index.php?option=com_content&task=view&id=2022,active
PT,Tavira,Sobe e Desce - Transportes Urbanos de Tavira,https://drive.google.com/uc?export=download&id=1C2KBOVsbm__ymWDgU1bXGbP0Gv3D2yo5,tld-4322,,active
PT,Tornada e Salir do Porto,CP - Comboios de Portugal,https://publico.cp.pt/gtfs/gtfs.zip,mdb-2057,,active
PT,"Valença, Cristelo Covo e Arão",AUTNA SL,https://drive.google.com/uc?export=download&id=1gah1x10RyFu7gJPweBcCXPd9vcFJFQ7c,tld-4257,,active
RO,Brașov,Regia Autonomă De Transport Brașov,https://github.com/szjozsef/osm2gtfs/raw/refs/heads/master/output/gtfs/ro-ratbv.zip,mdb-2143,,active
RO,Buzău,Consiliul Județean Buzău - Transport județean,https://github.com/Andrei7506238/Buzau-Transit-Open-GTFS/releases/download/gtfs-latest/buzau-gtfs.zip,mdb-3179,,active
RO,Buzău,Transbus Buzău,https://gtfs.opendev.ro/GTFS-301.zip,mdb-2106,,active
RO,Constanța,CT BUS Constanța,https://external.gtfs.ro/constanta/CONSTANTA.zip,mdb-2100,,active
RO,Dolj,RAT Craiova,https://external.gtfs.ro/craiova/CRAIOVA.zip,mdb-2115,,active
RO,Dâmbovița,Servicii Publice Municipale Târgoviște,https://gtfs.opendev.ro/GTFS-306.zip,mdb-2107,,active
RO,Iași,Compania de Transport Public Iași,https://external.gtfs.ro/iasi/IASI.zip,mdb-2116,,active
RO,Ilfov,Asociația de Dezvoltare Intercomunitară pentru Transport Public București – Ilfov (TPBI),https://gtfs.tpbi.ro/regional/BUCHAREST-REGION.zip,mdb-2098,,active
RO,Mehedinți,Romanian Railway Operators,https://jbb.ghsq.de/gtfs/ro-railway.gtfs.zip,mdb-3236,https://data.gov.ro/base/images/logoinst/OGL-ROU-1.0.pdf,active
RO,Oradea Metropolitan Area,Oradea Transport Local,https://external.gtfs.ro/oradea/ORADEA.zip,mdb-2101,,active
RO,Prahova,Transport Călători Express Ploiești,https://gtfs.opendev.ro/GTFS-305.zip,mdb-2108,,active
RO,Prahova,Transport Urban Sinaia,https://external.gtfs.ro/sinaia/SINAIA.zip,mdb-2114,,active
RO,Sibiu,Tursib Sibiu,https://tursib.ro/trasee/gtfs,mdb-2099,,active
RO,Sălaj,Transurbis Zalău,https://external.gtfs.ro/zalau/ZALAU.zip,mdb-2102,,active
RO,Timiș,Societatea Metropolitană de Transport Timișoara,https://smtt.ro/transit/gtfs/maps/smtt-timisoara-ro.zip,mdb-2868,,active
RO,Vrancea,Consiliul Judetean Vrancea,https://cjvrancea.ro/gtfs.zip,mdb-1984,,active
RO,national,"CFR Călători, Astra Trans Carpatic, Calea Ferată din Moldova, Interregional Calatori, Regio Călători, Softrans, Transferoviar Calatori",https://github.com/vasile/data.gov.ro-gtfs-exporter/archive/master.zip#data.gov.ro-gtfs-exporter-master/gtfs-out,mdb-1104,,active
RS,Kosjeric Municipality,Srbijavoz,https://gitlab.com/api/v4/projects/vekejsn%2Fgtfs-generators/packages/generic/srbijavoz-merged-gtfs/latest/srbijavoz_merged.zip,mdb-2927,,active
RS,New Belgrade Urban Municipality,Beograd Prigrad,https://data.gov.rs/sr/datasets/r/60f82229-16c7-4939-961b-2c24873d3e06,mdb-2925,https://data.gov.rs/sr/datasets/prigradski-javni-prevoz-u-u-beogradu-gtfs/,active
RS,Stari Grad Urban Municipality,Republic of Serbia,https://data.gov.rs/sr/datasets/r/729be9a1-7ed9-453d-9a3d-68fa30f07529,mdb-1027,https://data.gov.rs/sr/terms/,active
RS,Градска општина Медијана,"Niš-ekspres, Lasta a.d. Beograd, Strela-Obrenovac",https://data.gov.rs/en/datasets/r/b8fdbafe-10af-4b1a-a647-5f50e1dd33fb,mdb-1120,,active
RS,Градска општина Палилула,Direkcija za javni prevoz Niš,https://gitlab.com/api/v4/projects/vekejsn%2Fgtfs-generators/packages/generic/nis-gtfs/latest/nis_gtfs.zip,mdb-2928,,active
SA,Tabuk,İzdeniz,https://www.izdeniz.com.tr/gtfs/ship-izdeniz-gtfs.zip,tld-4310,,active
SE,Blekinge County,Blekingetrafiken,https://opendata.samtrafiken.se/gtfs/blekinge/blekinge.zip,mdb-3245,https://www.trafiklab.se/api/gtfs-datasets/gtfs-regional/#licence,active
SE,Blekinge County,Kronoberg,https://opendata.samtrafiken.se/gtfs/krono/krono.zip,mdb-3242,https://www.trafiklab.se/api/gtfs-datasets/gtfs-regional/#licence,active
SE,Dalecarlia,Dalatrafik,https://opendata.samtrafiken.se/gtfs/dt/dt.zip,mdb-3252,https://www.trafiklab.se/api/gtfs-datasets/gtfs-regional/#licence,active
SE,Dalecarlia,Masexpressen,https://opendata.samtrafiken.se/gtfs/masen/masen.zip,mdb-3267,https://www.trafiklab.se/api/gtfs-datasets/gtfs-regional/#licence,active
SE,Dalecarlia,TiB ersättningstrafik (VR Sverige),https://opendata.samtrafiken.se/gtfs/tib-vr-sverige/tib-vr-sverige.zip,mdb-3280,https://www.trafiklab.se/api/gtfs-datasets/gtfs-regional/#licence,active
SE,Gotland County,Gotland,https://opendata.samtrafiken.se/gtfs/gotland/gotland.zip,mdb-3244,https://www.trafiklab.se/api/gtfs-datasets/gtfs-regional/#licence,active
SE,Gävleborg County,X-trafik,https://opendata.samtrafiken.se/gtfs/xt/xt.zip,mdb-3253,https://www.trafiklab.se/api/gtfs-datasets/gtfs-regional/#licence,active
SE,Halland County,Skånetrafiken,https://opendata.samtrafiken.se/gtfs/skane/skane.zip,mdb-3246,https://www.trafiklab.se/api/gtfs-datasets/gtfs-regional/#licence,active
SE,Jämtland County,Härjedalingen,https://opendata.samtrafiken.se/gtfs/harje/harje.zip,mdb-3262,https://www.trafiklab.se/api/gtfs-datasets/gtfs-regional/#licence,active
SE,Jämtland County,Jämtland,https://opendata.samtrafiken.se/gtfs/jamtland/jamtland.zip,mdb-3255,https://www.trafiklab.se/api/gtfs-datasets/gtfs-regional/#licence,active
SE,Jämtland County,SJ Norge,https://opendata.samtrafiken.se/gtfs/sjnorge/sjnorge.zip,mdb-3274,https://www.trafiklab.se/api/gtfs-datasets/gtfs-regional/#licence,active
SE,Jönköping County,BT buss,https://opendata.samtrafiken.se/gtfs/btbuss/btbuss.zip,mdb-3258,https://www.trafiklab.se/api/gtfs-datasets/gtfs-regional/#licence,active
SE,Kalmar County,Destination Gotland,https://opendata.samtrafiken.se/gtfs/dg/dg.zip,mdb-3259,https://www.trafiklab.se/api/gtfs-datasets/gtfs-regional/#licence,active
SE,Kalmar County,TJF Smalspåret,https://opendata.samtrafiken.se/gtfs/tjf/tjf.zip,mdb-3281,https://www.trafiklab.se/api/gtfs-datasets/gtfs-regional/#licence,active
SE,Kalmar County,Trafikverket RDB,https://opendata.samtrafiken.se/gtfs/trv-rdb/trv-rdb.zip,mdb-3282,https://www.trafiklab.se/api/gtfs-datasets/gtfs-regional/#licence,active
SE,Kalmar County,Västervik Express,https://opendata.samtrafiken.se/gtfs/vastexp/vastexp.zip,mdb-3292,https://www.trafiklab.se/api/gtfs-datasets/gtfs-regional/#licence,active
SE,Kiruna kommun,Kiruna Buss,https://opendata.samtrafiken.se/gtfs/kirunabuss/kirunabuss.zip,mdb-3263,https://www.trafiklab.se/api/gtfs-datasets/gtfs-regional/#licence,active
SE,Kronoberg County,Snälltåget,https://opendata.samtrafiken.se/gtfs/snalltaget/snalltaget.zip,mdb-3277,https://www.trafiklab.se/api/gtfs-datasets/gtfs-regional/#licence,active
SE,Norrbotten County,Falcks Omnibus AB,https://opendata.samtrafiken.se/gtfs/falcks/falcks.zip,mdb-3260,https://www.trafiklab.se/api/gtfs-datasets/gtfs-regional/#licence,active
SE,Norrbotten County,Luleå Lokaltrafik,https://opendata.samtrafiken.se/gtfs/lulea/lulea.zip,mdb-3266,https://www.trafiklab.se/api/gtfs-datasets/gtfs-regional/#licence,active
SE,Norrbotten County,Nikkaluoktaexpressen,https://opendata.samtrafiken.se/gtfs/nikka/nikka.zip,mdb-3269,https://www.trafiklab.se/api/gtfs-datasets/gtfs-regional/#licence,active
SE,Norrbotten County,Norrbotten,https://opendata.samtrafiken.se/gtfs/norrbotten/norrbotten.zip,mdb-3257,https://www.trafiklab.se/api/gtfs-datasets/gtfs-regional/#licence,active
SE,Norrtälje kommun,UL,https://opendata.samtrafiken.se/gtfs/ul/ul.zip,mdb-3238,https://www.trafiklab.se/api/gtfs-datasets/gtfs-regional/#licence,active
SE,Skåne County,Hallandstrafiken,https://opendata.samtrafiken.se/gtfs/halland/halland.zip,mdb-3247,https://www.trafiklab.se/api/gtfs-datasets/gtfs-regional/#licence,active
SE,Skåne County,Vy Bus4You,https://opendata.samtrafiken.se/gtfs/vy-bus4you/vy-bus4you.zip,mdb-3287,https://www.trafiklab.se/api/gtfs-datasets/gtfs-regional/#licence,active
SE,Stockholm County,Rejseplanen,https://www.rejseplanen.info/labs/GTFS.zip,mdb-1292,,active
SE,Stockholm County,Ressel Rederi,https://opendata.samtrafiken.se/gtfs/ressel/ressel.zip,mdb-3271,https://www.trafiklab.se/api/gtfs-datasets/gtfs-regional/#licence,active
SE,Stockholm County,SL,https://opendata.samtrafiken.se/gtfs/sl/sl.zip,mdb-3237,https://www.trafiklab.se/api/gtfs-datasets/gtfs-regional/#licence,active
SE,Stockholm County,Sjöstadstrafiken (Stockholm Stad),https://opendata.samtrafiken.se/gtfs/sjostadstrafiken/sjostadstrafiken.zip,mdb-3275,https://www.trafiklab.se/api/gtfs-datasets/gtfs-regional/#licence,active
SE,Stockholm County,Stavsnäs båttaxi,https://opendata.samtrafiken.se/gtfs/battaxi/battaxi.zip,mdb-3278,https://www.trafiklab.se/api/gtfs-datasets/gtfs-regional/#licence,active
SE,Stockholm County,Trosabussen,https://opendata.samtrafiken.se/gtfs/trosa/trosa.zip,mdb-3283,https://www.trafiklab.se/api/gtfs-datasets/gtfs-regional/#licence,active
SE,Stockholm County,VR,https://opendata.samtrafiken.se/gtfs/vr/vr.zip,mdb-3286,https://www.trafiklab.se/api/gtfs-datasets/gtfs-regional/#licence,active
SE,Södermanland County,Sörmlandstrafiken,https://opendata.samtrafiken.se/gtfs/sormland/sormland.zip,mdb-3239,https://www.trafiklab.se/api/gtfs-datasets/gtfs-regional/#licence,active
SE,Södermanland County,Vy Flygbussarna,https://opendata.samtrafiken.se/gtfs/flygbussarna/flygbussarna.zip,mdb-3288,https://www.trafiklab.se/api/gtfs-datasets/gtfs-regional/#licence,active
SE,Umeå kommun,Norrtåg ersättningsstrafik (VR Sverige),https://opendata.samtrafiken.se/gtfs/norrtag-vr-sverige/norrtag-vr-sverige.zip,mdb-3270,https://www.trafiklab.se/api/gtfs-datasets/gtfs-regional/#licence,active
SE,Uppsala County,Lennakatten,https://opendata.samtrafiken.se/gtfs/lenna/lenna.zip,mdb-3265,https://www.trafiklab.se/api/gtfs-datasets/gtfs-regional/#licence,active
SE,Västerbotten County,Skellefteåbuss,https://opendata.samtrafiken.se/gtfs/skelleftea/skelleftea.zip,mdb-3276,https://www.trafiklab.se/api/gtfs-datasets/gtfs-regional/#licence,active
SE,Västerbotten County,Y-Buss,https://opendata.samtrafiken.se/gtfs/ybuss/ybuss.zip,mdb-3293,https://www.trafiklab.se/api/gtfs-datasets/gtfs-regional/#licence,active
SE,Västernorrland County,Din Tur - Västernorrland,https://opendata.samtrafiken.se/gtfs/dintur/dintur.zip,mdb-3254,https://www.trafiklab.se/api/gtfs-datasets/gtfs-regional/#licence,active
SE,Västernorrland County,Västerbotten,https://opendata.samtrafiken.se/gtfs/vasterbotten/vasterbotten.zip,mdb-3256,https://www.trafiklab.se/api/gtfs-datasets/gtfs-regional/#licence,active
SE,Västmanland County,Strömma Turism & Sjöfart AB,https://opendata.samtrafiken.se/gtfs/stromma/stromma.zip,mdb-3279,https://www.trafiklab.se/api/gtfs-datasets/gtfs-regional/#licence,active
SE,Västmanland County,Tågab,https://opendata.samtrafiken.se/gtfs/tagab/tagab.zip,mdb-3284,https://www.trafiklab.se/api/gtfs-datasets/gtfs-regional/#licence,active
SE,Västmanland County,Västmanland,https://opendata.samtrafiken.se/gtfs/vastmanland/vastmanland.zip,mdb-3251,https://www.trafiklab.se/api/gtfs-datasets/gtfs-regional/#licence,active
SE,Västmanland County,Örebro,https://opendata.samtrafiken.se/gtfs/orebro/orebro.zip,mdb-3250,https://www.trafiklab.se/api/gtfs-datasets/gtfs-regional/#licence,active
SE,Västra Götaland County,Uddevalla Skärgårdsbåtar AB,https://opendata.samtrafiken.se/gtfs/uddevalla/uddevalla.zip,mdb-3285,https://www.trafiklab.se/api/gtfs-datasets/gtfs-regional/#licence,active
SE,Västra Götaland County,Värmlandstrafik,https://opendata.samtrafiken.se/gtfs/varm/varm.zip,mdb-3249,https://www.trafiklab.se/api/gtfs-datasets/gtfs-regional/#licence,active
SE,national,Trafiklab,https://opendata.samtrafiken.se/gtfs-sweden/sweden.zip,mdb-2939,https://www.trafiklab.se/api/gtfs-datasets/gtfs-sweden/#licence,active
SE,Örebro County,Mälartåg ersättningstrafik,https://opendata.samtrafiken.se/gtfs/malartag/malartag.zip,mdb-3268,https://www.trafiklab.se/api/gtfs-datasets/gtfs-regional/#licence,active
SE,Örebro County,Vy Tåg AB,https://opendata.samtrafiken.se/gtfs/vy-varmlandnorge/vy-varmlandnorge.zip,mdb-3290,https://www.trafiklab.se/api/gtfs-datasets/gtfs-regional/#licence,active
SE,Örebro County,Vy Värmlandstrafik,https://opendata.samtrafiken.se/gtfs/vy-varmlandstrafik/vy-varmlandstrafik.zip,mdb-3291,https://www.trafiklab.se/api/gtfs-datasets/gtfs-regional/#licence,active
SE,Östergötland County,JLT,https://opendata.samtrafiken.se/gtfs/jlt/jlt.zip,mdb-3241,https://www.trafiklab.se/api/gtfs-datasets/gtfs-regional/#licence,active
SE,Östergötland County,KLT,https://opendata.samtrafiken.se/gtfs/klt/klt.zip,mdb-3243,https://www.trafiklab.se/api/gtfs-datasets/gtfs-regional/#licence,active
SE,Östergötland County,Silverlinjen,https://opendata.samtrafiken.se/gtfs/silverlinjen/silverlinjen.zip,mdb-3272,https://www.trafiklab.se/api/gtfs-datasets/gtfs-regional/#licence,active
SE,Östergötland County,Östgötatrafiken,https://opendata.samtrafiken.se/gtfs/otraf/otraf.zip,mdb-3240,https://www.trafiklab.se/api/gtfs-datasets/gtfs-regional/#licence,active
SG,Central,Land Transport Authority (Singapore),https://github.com/thecrapone/singapore-gtfs-2026/raw/main/singapore-gtfs.zip,mdb-3051,https://data.gov.sg/open-data-licence,active
SG,Central,Mandai Wildlife Reserve,https://www.mandai.com/content/dam/mandai/misc/gtfs.zip,mdb-2938,,active
SG,Central,"SMRT, SBS Transit (SBST), Land Transport Authority (LTA), Go Ahead Singapore (GAS), Tower Transit (TTS)",https://cdn.rushowl.app/rushtrail-app/gtfs-feed/gtfs-feed-lta.zip,mdb-1076,,active
SG,Southeast,Singapore typical weekday,https://github.com/Vorld/singapore-gtfs/releases/download/v2026-07-12/singapore-gtfs.zip,mdb-3409,https://github.com/Vorld/singapore-gtfs#licence,active
SI,Brežice,"NOMAGO, storitve mobilnosti in potovanj, d.o.o.",https://b2b.nap.si/data/b2b.gtfs.brezice,mdb-2941,https://creativecommons.org/licenses/by-sa/4.0/deed.sl,active
SI,Jesenice,Ariva,https://b2b.nap.si/data/b2b.gtfs.jesenice,mdb-2942,https://creativecommons.org/licenses/by-sa/4.0/deed.sl,active
SI,Kamnik,"Družbe za upravljanje javnega potniškega prometa, d.o.o.",https://b2b.nap.si/data/b2b.gtfs,mdb-2940,https://creativecommons.org/licenses/by-sa/4.0/deed.sl,active
SI,Kranjska Gora,TURIZEM KRANJSKA GORA,https://b2b.nap.si/data/b2b.gtfs.kranjska-gora,mdb-2943,https://creativecommons.org/licenses/by-sa/4.0/deed.sl,active
SI,Ljubljana,Ljubljanski Potniški Promet,https://data.lpp.si/api/gtfs/feed.zip,mdb-1827,,active
SI,Šempeter-Vrtojba,"NOMAGO, storitve mobilnosti in potovanj, d.o.o.",https://b2b.nap.si/data/b2b.gtfs.nova-gorica,mdb-2944,https://creativecommons.org/licenses/by-sa/4.0/deed.sl,active
SK,Bratislava,IDS BK Regional Buses,https://transiq.xhyrom.dev/gtfs/sk/ids-bk_regional.zip,mdb-2919,,active
SK,District of Dunajská Streda,Kompa Vojka-Kyselica,https://github.gtfs.sk/kompa-vojka/gtfs.zip,mdb-3478,,active
SK,District of Senec,"Dopravný podnik Bratislava, a.s.",https://www.arcgis.com/sharing/rest/content/items/aba12fd2cbac4843bc7406151bc66106/data,tld-3363,,active
SK,District of Skalica,Integrated Transit System of the South Moravian Region (IDS JMK),https://www.arcgis.com/sharing/rest/content/items/379d2e9a7907460c8ca7fda1f3e84328/data,mdb-2155,https://data.brno.cz/datasets/379d2e9a7907460c8ca7fda1f3e84328/about,active
SK,Košice,DZK,https://www.detskazeleznica.sk/files/2026-04-07-112452-DZK_GTFS_2026_final.zip,mdb-3154,,active
TN,national,SRTMedenine,https://openmobilitydata-data.s3.us-west-1.amazonaws.com/public/feeds/srtmedenine/1204/20190801/gtfs.zip,mdb-1158,,active
TR,Burdur Merkez,KentKart Burdur - Third party generated from KentKart,https://github.com/Egezenn/kk-gtfs/raw/main/data/burdur.zip,mdb-3405,https://github.com/Egezenn/kk-gtfs/blob/main/DATA_LICENSE,active
TR,Gölcük,KentKart Kocaeli - Third party generated from KentKart,https://github.com/Egezenn/kk-gtfs/raw/main/data/kocaeli.zip,mdb-3398,https://github.com/Egezenn/kk-gtfs/blob/main/DATA_LICENSE,active
TR,Istanbul,Istanbul IETT GTFS Data,https://data.ibb.gov.tr/en/dataset/iett-gtfs-verisi,mdb-3128,,active
TR,Kabadüz,KentKart Ordu - Third party generated from KentKart,https://github.com/Egezenn/kk-gtfs/raw/main/data/ordu.zip,mdb-3395,https://github.com/Egezenn/kk-gtfs/blob/main/DATA_LICENSE,active
TR,Kastamonu Merkez,KentKart Kastamonu - Third party generated from KentKart,https://github.com/Egezenn/kk-gtfs/raw/main/data/kastamonu.zip,mdb-3400,https://github.com/Egezenn/kk-gtfs/blob/main/DATA_LICENSE,active
TR,Kaynaşlı,KentKart Duzce - Third party generated from KentKart,https://github.com/Egezenn/kk-gtfs/raw/main/data/duzce.zip,mdb-3403,https://github.com/Egezenn/kk-gtfs/blob/main/DATA_LICENSE,active
TR,Kocaeli,Kocaeli Toplu Taşıma,https://veri.kocaeli.bel.tr/dataset/toplu-ulasim-verisi,mdb-2710,https://opendefinition.org/licenses/cc-by/,active
TR,Konak,METRO İZMİR,https://www.izmirmetro.com.tr/gtfs/rail-metro-gtfs.zip,mdb-1824,https://acikveri.bizizmir.com/dataset/toplu-ulasim-gtfs-verileri/resource/c2995cbe-2e89-451b-86e7-2cc2a4f4a94a,active
TR,Konak,TRAM İZMİR,https://www.tramizmir.com/gtfs/rail-tramizmir-gtfs.zip,mdb-1829,https://acikveri.bizizmir.com/dataset/toplu-ulasim-gtfs-verileri/resource/87cf8842-8d4b-4b09-b34f-5c8a4c9478e1,active
TR,Konyaaltı,KentKart Antalya - Third party generated from KentKart,https://github.com/Egezenn/kk-gtfs/raw/main/data/antalya.zip,mdb-3406,https://github.com/Egezenn/kk-gtfs/blob/main/DATA_LICENSE,active
TR,Kırklareli Merkez,KentKart Kirklareli - Third party generated from KentKart,https://github.com/Egezenn/kk-gtfs/raw/main/data/kirklareli.zip,mdb-3399,https://github.com/Egezenn/kk-gtfs/blob/main/DATA_LICENSE,active
TR,Menteşe,KentKart Muğla - Third party generated from KentKart,https://github.com/Egezenn/kk-gtfs/raw/main/data/mugla.zip,mdb-3396,https://github.com/Egezenn/kk-gtfs/blob/main/DATA_LICENSE,active
TR,Nizip,KentKart Gaziantep - Third party generated from KentKart,https://github.com/Egezenn/kk-gtfs/raw/main/data/gaziantep.zip,mdb-3401,https://github.com/Egezenn/kk-gtfs/blob/main/DATA_LICENSE,active
TR,Osmaniye Merkez,KentKart Osmaniye - Third party generated from KentKart,https://github.com/Egezenn/kk-gtfs/raw/main/data/osmaniye.zip,mdb-3394,https://github.com/Egezenn/kk-gtfs/blob/main/DATA_LICENSE,active
TR,Safranbolu,KentKart Safranbolu - Third party generated from KentKart,https://github.com/Egezenn/kk-gtfs/raw/main/data/safranbolu.zip,mdb-3393,https://github.com/Egezenn/kk-gtfs/blob/main/DATA_LICENSE,active
TR,Savur,KentKart Mardin - Third party generated from KentKart,https://github.com/Egezenn/kk-gtfs/raw/main/data/mardin.zip,mdb-3397,https://github.com/Egezenn/kk-gtfs/blob/main/DATA_LICENSE,active
TR,Seyhan,KentKart Adana - Third party generated from KentKart,https://github.com/Egezenn/kk-gtfs/raw/main/data/adana.zip,mdb-3407,https://github.com/Egezenn/kk-gtfs/blob/main/DATA_LICENSE,active
TR,Yakutiye,KentKart Erzurum - Third party generated from KentKart,https://github.com/Egezenn/kk-gtfs/raw/main/data/erzurum.zip,mdb-3402,https://github.com/Egezenn/kk-gtfs/blob/main/DATA_LICENSE,active
TR,Çanakkale Merkez,KentKart Canakkale - Third party generated from KentKart,https://github.com/Egezenn/kk-gtfs/raw/main/data/canakkale.zip,mdb-3404,https://github.com/Egezenn/kk-gtfs/blob/main/DATA_LICENSE,active
TR,İznik,Flixbus Türkiye,http://gtfs.gis.flix.tech/gtfs_generic_turkey.zip,mdb-2922,,active
UA,Drohobych Raion,Стрийська міська рада,https://track.ua-gis.com/gtfs/stryi/static.zip,mdb-2932,,active
UA,Kyiv,Kyiv,http://193.23.225.211:8002/export-gtfs-static,mdb-3230,https://creativecommons.org/licenses/by/4.0/,active
UA,Lviv Raion,Lvivavtodor,https://track.ua-gis.com/gtfs/lviv/static.zip,mdb-2374,https://opendata.city-adm.lviv.ua/ne/dataset/lviv-public-transport-gtfs-real-time/resource/eb31a65b-a22b-44b1-83ce-41add24ae652?inner_span=True,active
UA,Mykolaiv Raion,VD-Express,https://vdexpress.net/api/gtfs/feed,mdb-3134,,active
UA,Uzhhorod Raion,Ужгородська міська рада,https://track.ua-gis.com/gtfs/uzhhorod/static.zip,mdb-2931,,active
UA,Бучанський район,КП Бучатранссервіс,https://gw.x24.digital/api/bu/gtfs/v1/download/static,mdb-2945,,active
UA,Одеський район,Odesa,https://gw.x24.digital/api/od-all/gtfs/v1/download/static,mdb-2946,https://omr.gov.ua/ua/city/departments/dtks/open-data/,active
US,Aberdeen,Pacific Transit,https://data.trilliumtransit.com/gtfs/pacifictransit-wa-us/pacifictransit-wa-us.zip,mdb-3112,,active
US,Accomack County,Pony Express,http://data.trilliumtransit.com/gtfs/ponyexpress-va-us/ponyexpress-va-us.zip,mdb-828,,active
US,Accomack County,STAR Transit,http://data.trilliumtransit.com/gtfs/startransit-va-us/startransit-va-us.zip,mdb-819,,active
US,Accomack County,STAR Transit,https://data.trilliumtransit.com/gtfs/startransit-va-us/startransit-va-us--flex-v2.zip,mdb-2444,,active
US,Acton,Yankee Line,http://data.trilliumtransit.com/gtfs/yankeeline-ma-us/yankeeline-ma-us.zip,mdb-443,,active
US,Ada County,Valley Regional Transit,https://www.valleyregionaltransit.org/GTFS/vrt_transit1.zip,mdb-142,https://www.valleyregionaltransit.org/about-us/resources/,active
US,Adams,Berkshire Regional Transit Authority (BRTA),http://data.trilliumtransit.com/gtfs/berkshire-ma-us/berkshire-ma-us.zip,mdb-537,,active
US,Adams Center,Jefferson County Public Transit (JCPT),https://feeds.gtfsfoundry.com/feeds/JCPT-NY-045/static.zip,mdb-3392,https://proxy.busone.app/cotral/readme,active
US,Adams County,Adams County,https://data.trilliumtransit.com/gtfs/adamscounty-co-us/adamscounty-co-us--flex-v2.zip,mdb-2156,,active
US,Adams County,Regional Transportation District,https://www.rtd-denver.com/files/gtfs/google_transit_flex.zip,mdb-2054,,active
US,Alamance County,Link Transit,https://mylinktransit.org/gtfs,mdb-1971,,active
US,Alameda County,Alameda-Contra Costa Transit District (AC Transit),https://api.actransit.org/transit/gtfs/download,mdb-2455,https://www.actransit.org/data-terms-and-conditions/,active
US,Alameda County,Bay Area Rapid Transit (BART),http://www.bart.gov/dev/schedules/google_transit.zip,mdb-53,http://www.bart.gov/schedules/developers/developer-license-agreement,active
US,Alameda County,Emery Go-Round,https://emerygoround.com/data/emerygoround-ca-us.zip,mdb-2224,,active
US,Alameda County,MOVE Stanislaus,https://data.trilliumtransit.com/gtfs/movestanislaus-ca-us/movestanislaus-ca-us--flex-v2.zip,mdb-2174,,active
US,Albany County,Capital District Transportation Authority (CDTA),http://www.cdta.org/schedules/google_transit.zip,mdb-538,https://www.cdta.org/developer-license-agreement/169,active
US,Albany County,Vermont Translines,http://data.trilliumtransit.com/gtfs/vttranslines-vt-us/vttranslines-vt-us.zip,mdb-450,,active
US,Alexander County,Shawnee Mass Transit District,https://rapid.nationalrtap.org/GTFSFileManagement/UserUploadFiles/11557/S1.zip,mdb-2332,,active
US,Alexandria,Alexandria DOT,https://data.trilliumtransit.com/gtfs/cityofalexandria-va-us/cityofalexandria-va-us--flex-v2.zip,mdb-2936,,active
US,Alexandria,Alexandria Transit Company (DASH),http://dashbus.com/google_transit.zip,mdb-482,,active
US,Allen County,Allen County Regional Transit Authority,https://data.trilliumtransit.com/gtfs/acrta-oh-us/acrta-oh-us.zip,mdb-210,,active
US,Allen County,Citilink,https://gtfs.remix.com/citilink_fortwayne_in_us.zip,mdb-2266,,active
US,Amador County,Amador Transit,http://data.trilliumtransit.com/gtfs/amador-ca-us/amador-ca-us.zip,mdb-92,,active
US,Amherst County,Greater Lynchburg Transit Co.,http://data.trilliumtransit.com/gtfs/gltc-lynchburg-va-us/gltc-lynchburg-va-us.zip,mdb-381,,active
US,Anaheim,Anaheim Regional Transportation,https://gtfs.calitp.org/test/TestFlex3.zip,mdb-1819,,active
US,Anchorage,Anchorage People Mover,http://gtfs.muni.org/People_Mover.gtfs.zip,mdb-225,,active
US,Anne Arundel County,Annapolis Transit,https://www.arcgis.com/sharing/rest/content/items/c307923d57ab4871aff79491b4a1bfd3/data,mdb-2285,,active
US,Anne Arundel County,Maryland Transit Administration,https://mdotmta-gtfs.s3.amazonaws.com/mdotmta_gtfs_lightrail.zip,mdb-469,,active
US,Apache County,Navajo Transit System,https://rapid.nationalrtap.org/GTFSFileManagement/UserUploadFiles/5372/Navajo_Transit_GTFS.zip,mdb-2346,,active
US,Arabi,St. Bernard Parish,https://rapid.nationalrtap.org/GTFSFileManagement/UserUploadFiles/11870/sbp_sburt_gtfs.zip,ntd-60058,,active
US,Arapahoe County,Omnibus,https://data.trilliumtransit.com/gtfs/omnibus-co-us/omnibus-co-us--flex-v2.zip,mdb-2175,,active
US,Arapahoe County,Regional Transportation District (RTD),https://www.rtd-denver.com/files/gtfs/google_transit.zip,mdb-178,https://www.rtd-denver.com/business-center/open-spatial-data/gtfs-license-agreement,active
US,Archuleta County,Mountain Express,https://data.trilliumtransit.com/gtfs/mountainexpress-co-us/mountainexpress-co-us--flex-v2.zip,mdb-2294,,active
US,Arlington,Lexpress,http://rtaalerts.com/gtfs/lexpress/google_transit.zip,tld-4728,,active
US,Arlington County,Arlington Transit,https://data.trilliumtransit.com/gtfs/arlington-va-us/arlington-va-us--flex-v2.zip,mdb-2434,,active
US,Astoria,Astoria Riverfront Trolley,https://oregon-gtfs.trilliumtransit.com/gtfs_data/astoria-or-us/astoria-or-us.zip,mdb-1254,,active
US,Athens-Clarke County Unified Government,University of Georgia,https://passio3.com/uga/passioTransit/gtfs/google_transit.zip,tld-2276,,active
US,Atlanta,Emory Hospital Midtown,https://passio3.com/emory/passioTransit/gtfs/google_transit.zip,tld-4458,,active
US,Baca County,Baca Area Transportation,https://data.trilliumtransit.com/gtfs/bacacounty-co-us/bacacounty-co-us--flex-v2.zip,mdb-1087,,active
US,Baker County,"Wallowa Community Connection (WCC), Northeast Oregon Public Transit",https://oregon-gtfs.trilliumtransit.com/gtfs_data/northeast-or-us/northeast-or-us.zip,mdb-289,,active
US,Baltimore,Harbor Connector,http://data.trilliumtransit.com/gtfs/harborconnector-md-us/harborconnector-md-us.zip,mdb-618,,active
US,Baltimore,Maryland Transit Administration,https://mdotmta-gtfs.s3.amazonaws.com/mdotmta_gtfs_commuterbus.zip,mdb-467,,active
US,Baltimore,Maryland Transit Administration,https://mdotmta-gtfs.s3.amazonaws.com/mdotmta_gtfs_localbus.zip,mdb-466,,active
US,Baltimore,Maryland Transit Administration Metro Subway,https://mdotmta-gtfs.s3.amazonaws.com/mdotmta_gtfs_metro.zip,mdb-470,,active
US,Baltimore County,Towson Loop,https://passio3.com/towson/passioTransit/gtfs/google_transit.zip,mdb-1784,,active
US,Banks Township,Hazleton Public Transit,https://realtimehpts.availtec.com/InfoPoint/gtfs-zip.ashx,tld-4665,,active
US,Bannock County,Pocatello Regional Transit,https://pocatellotransit.com/gtfs/pocatello-regional-transit-gtfs.zip?v=current,mdb-171,,active
US,Barnstable,Plymouth & Brockton Street Railway Co,http://data.trilliumtransit.com/gtfs/plymouthbrockton-ma-us/plymouthbrockton-ma-us.zip,mdb-556,,active
US,Barnstable County,Bay State Cruise Company,https://data.trilliumtransit.com/gtfs/baystatecruisecompany-ma-us/baystatecruisecompany-ma-us.zip,mdb-435,,active
US,Barren County,City of Glasgow,https://rapid.nationalrtap.org/GTFSFileManagement/UserUploadFiles/11923/glasgow_gtfs.zip,ntd-41083,,active
US,Bay County,Bay Metropolitan Transit Authority,https://rapid.nationalrtap.org/GTFSFileManagement/UserUploadFiles/11684/BMTA_GTFS.zip,ntd-50029,,active
US,Bayamón,Municipality of Bayamon,https://rapid.nationalrtap.org/GTFSFileManagement/UserUploadFiles/11391/MunBayamonGTFS.zip,ntd-40137,,active
US,Bedford,Manchester Transit Authority,https://rapid.nationalrtap.org/GTFSFileManagement/UserUploadFiles/7841/NHMTAGTFS.zip,mdb-3432,,active
US,Bedford,Middlesex 3 TMA,http://data.trilliumtransit.com/gtfs/middlesex-ma-us/middlesex-ma-us.zip,mdb-442,,active
US,Bellevue,Sound Transit,https://gtfs.sound.obaweb.org/prod/40_gtfs.zip,mdb-268,,active
US,Bellflower,Bellflower Bus,https://gtfs.remix.com/CalITP.zip,mdb-3095,,active
US,Benbrook,Trinity Metro,https://gtfsdata.ridetm.org/gtfs/fwtatransitdata.zip,mdb-2890,https://ridetrinitymetro.org/gtfs-data/,active
US,Benewah County,Citylink South (Kootenai County),https://passio3.com/citylinkrural/passioTransit/gtfs/google_transit.zip,tld-4792,,active
US,Bennington County,Marble Valley Regional Transit District (MVRTD),http://data.trilliumtransit.com/gtfs/thebus-vt-us/thebus-vt-us.zip,mdb-430,,active
US,Bennington County,Rockingham MOOver,https://data.trilliumtransit.com/gtfs/sevt-vt-us/sevt-vt-us.zip,mdb-2194,,active
US,Bent County,Bent County Transportation,https://data.trilliumtransit.com/gtfs/bentcounty-co-us/bentcounty-co-us--flex-v2.zip,mdb-2157,,active
US,Benton County,Ben Franklin Transit,https://myride.bft.org/Static/google_transit.zip,mdb-2122,,active
US,Benton County,Benton Area Transportation,https://oregon-gtfs.trilliumtransit.com/gtfs_data/benton-or-us/benton-or-us.zip,mdb-126,https://oregon-gtfs.trilliumtransit.com,active
US,Benton County,City of Corvallis,http://www.corvallistransit.com/rtt/public/resource/gtfs.zip,mdb-2283,,active
US,Benton County,Philomath Connection,http://www.corvallistransit.com/rtt/public/resource/gtfs_PC.zip,mdb-2205,,active
US,Berkeley,West Berkeley Shuttle,https://gtfs.calitp.org/production/WestBerkeleyShuttleGTFS.zip,mdb-2238,,active
US,Berkeley County,Eastern Panhandle Transit Authority,https://rapid.nationalrtap.org/GTFSFileManagement/UserUploadFiles/11735/EPTA_WV_GTFS.zip,tld-4459,,active
US,Berks County,Berks Area Regional Transportation Authority (BARTA),https://busfinder.bartabus.com/InfoPoint/gtfs-zip.ashx,mdb-2064,,active
US,Bernalillo County,ABQ RIDE,https://data.cabq.gov/transit/gtfs/google_transit.zip,mdb-166,http://www.cabq.gov/abq-data/abq-data-disclaimer-1,active
US,Bethesda,Bethesda Circulator,https://github.com/transitland/gtfs-archives-not-hosted-elsewhere/raw/master/bethesdacirculator-md-us.zip,mdb-231,,active
US,Bethlehem Township,Lehigh and Northampton Transportation Authority (LANTA),https://realtimelanta.availtec.com/InfoPoint/gtfs-zip.ashx,ntd-30010,,active
US,Beverly,Cape Ann Transportation Authority (CATA),http://data.trilliumtransit.com/gtfs/capeann-ma-us/capeann-ma-us.zip,mdb-447,,active
US,Beverly,Cross County Connection,https://www.njtransit.com/BurlingtonShuttles_bus_data.zip,ntd-20208,,active
US,Bexar County,VIA Metropolitan Transit,http://www.viainfo.net/BusService/google_transit.zip,tld-217,,active
US,Billings,Billings Metropolitan Transit,https://passio3.com/billings/passioTransit/gtfs/google_transit.zip,tld-5893,,active
US,Birmingham,Birmingham Jefferson County Transit Authority (MAX),https://maxtransit.org/GTFS/2026/google_transit_Working.zip,mdb-3434,,active
US,Blaine County,Mountain Rides Transportation Authority (MRTA),https://apps.itd.idaho.gov/apps/pt/mrtagtfs.zip,mdb-2282,,active
US,Boone County,"Central Indiana Regional Transportation Authority, Access Johnson County",https://rapid.nationalrtap.org/GTFSFileManagement/UserUploadFiles/11596/CIRTA_GTFS.zip,ntd-50209,,active
US,Boone County,Get Around Columbia (GoCOMO),https://www.gocomotransit.com/wp-content/uploads/2023/10/GTFS.zip,ntd-70016,,active
US,Boston,Boston Express,https://rapid.nationalrtap.org/GTFSFileManagement/UserUploadFiles/11782/GTFS.zip,mdb-3033,,active
US,Boston,Boston Harbor Island National Recreation Area,https://www.nps.gov/external-resources/gtfs/boha/cathleen-stone-island-ferry.zip,mdb-3416,,active
US,Boston,Boston Harbor Islands Ferry,https://www.nps.gov/external-resources/gtfs/boha/boston-harbor-islands-ferry.zip,mdb-2679,,active
US,Boston,Massport,https://data.trilliumtransit.com/gtfs/massport-ma-us/massport-ma-us.zip,mdb-441,http://www.massport.com/media/1651/massportdatalicenseagreement.pdf,active
US,Boulder County,University of Colorado Boulder,http://data.trilliumtransit.com/gtfs/universitycoloradoboulder-co-us/universitycoloradoboulder-co-us.zip,mdb-181,,active
US,Boulder County,Via Mobility,https://passio3.com/viaboulder/passioTransit/gtfs/google_transit.zip,mdb-2395,,active
US,Bowie County,Texarkana Urban Transit District (T-Line Bus),https://rapid.nationalrtap.org/GTFSFileManagement/UserUploadFiles/11728/texarkanaurbantransit-tx-us.zip,ntd-60093,,active
US,Brevard County,Sarasota County Area Transit (SCAT),http://data.trilliumtransit.com/gtfs/spacecoast-fl-us/spacecoast-fl-us.zip,mdb-348,,active
US,Brevard County,Space Coast Area Transit,https://321transit.com/wp-content/uploads/2024/04/gtfs_151.zip,ntd-40063,,active
US,Bridgeport,Greater Bridgeport Transit,http://data.trilliumtransit.com/gtfs/gbt-ct-us/gbt-ct-us.zip,mdb-530,,active
US,Bridgeport,Southeastern Pennsylvania Transportation Authority (SEPTA),https://www3.septa.org/developer/google_bus.zip,mdb-502,https://www3.septa.org/developer/,active
US,Bristol,Bristol Virginia Transit,http://data.trilliumtransit.com/gtfs/bristol-va-us/bristol-va-us.zip,mdb-238,,active
US,Bristol,City of Bristol Tennessee,https://www.bristoltn.org/DocumentCenter/View/10245/btt-bristol-tn-us,ntd-40055,,active
US,Brockton,Brockton Area Transit Authority (BAT),http://data.trilliumtransit.com/gtfs/brockton-ma-us/brockton-ma-us.zip,mdb-422,,active
US,Bronx County,MTA Metro-North Railroad,https://s3.amazonaws.com/datatools-511ny/public/Hudson_Rail_Link.zip,tld-5788,,active
US,Bronx County,Metropolitan Transit Authority (MTA),http://web.mta.info/developers/data/busco/google_transit.zip,mdb-510,http://web.mta.info/developers/developer-data-terms.html,active
US,Bronx County,Metropolitan Transit Authority (MTA),http://web.mta.info/developers/data/nyct/bus/google_transit_bronx.zip,mdb-528,http://web.mta.info/developers/developer-data-terms.html,active
US,Bronx County,Metropolitan Transit Authority (MTA),http://web.mta.info/developers/data/nyct/bus/google_transit_manhattan.zip,mdb-513,http://web.mta.info/developers/developer-data-terms.html,active
US,Bronx County,Metropolitan Transit Authority (MTA),http://web.mta.info/developers/data/nyct/bus/google_transit_queens.zip,mdb-520,http://web.mta.info/developers/developer-data-terms.html,active
US,Bronx County,Metropolitan Transit Authority (MTA),http://web.mta.info/developers/data/nyct/subway/google_transit.zip,mdb-516,,active
US,Bronx County,Metropolitan Transit Authority (MTA),http://web.mta.info/developers/files/google_transit_supplemented.zip,mdb-511,,active
US,Broome County,Broome County Transit (B.C. Transit),https://www.gobroomecounty.com/sites/default/files/dept/transit/BCT_GTFS.zip,mdb-2079,https://www.gobroomecounty.com/transit/gtfs,active
US,Broward County,Broward County Transit,https://www.broward.org/bct/documents/google_transit.zip,mdb-330,,active
US,Broward County,South Florida Regional Transportation Authority,https://gtfs.tri-rail.com/gtfs.zip,tld-492,,active
US,Broward County,South Florida Regional Transportation Authority (Tri-Rail),http://www.tri-rail.com/GTDF/Current/google_transit.zip,mdb-333,,active
US,Brownsville,Brownsville Metro,https://brownsvillemetro.ridesystems.net/Secure/Admin/Reports/GTFSDownload.aspx,tld-7927,,active
US,Buffalo,Adirondack Trailways NYP,https://s3.amazonaws.com/datatools-511ny/public/Trailways-NYP.zip,mdb-824,https://data.ny.gov/download/77gx-ii52/application/pdf,active
US,Buffalo,Fullington Trailways,https://s3.amazonaws.com/datatools-511ny/public/Adirondack_Trailways-FAB.zip,tld-5783,,active
US,Buffalo,Niagara Frontier Transportation Authority,https://metro.nfta.com/__googletransit/rail/google_transit.zip,tld-6748,,active
US,Bullhead City,Bullhead Area Transit System,http://data.trilliumtransit.com/gtfs/bullheadareatransit-az-us/bullheadareatransit-az-us.zip,mdb-109,,active
US,Buncombe County,Asheville Rides Transit,http://data.trilliumtransit.com/gtfs/asheville-nc-us/asheville-nc-us.zip,mdb-903,,active
US,Burbank,BurbankBus,https://rideburbankbus.com/gtfs,mdb-2149,,active
US,Burien,"Metro Transit, Intercity Transit, City of Seattle, Community Transit, Pierce Transit, Sound Transit, Washington State Ferries, SeattleCenterMonorail, Everett Transit, Seattle Children's Hospital",https://gtfs.sound.obaweb.org/prod/gtfs_puget_sound_consolidated.zip,mdb-1080,,active
US,Burleigh County,Bis-Man Transit,https://passio3.com/bisman/passioTransit/gtfs/google_transit.zip,tld-6095,,active
US,Butler Township,Butler Transit Authority,https://butlerivl.availtec.com/InfoPoint/gtfs-zip.ashx,tld-4659,,active
US,Butte County,Butte Regional Transit (B-Line),https://planmyride.blinetransit.com/gtfsrealtime/google_transit.zip,ntd-90208,,active
US,Cabarrus County,Concord Kannapolis Area Transit (Rider Transit),https://passio3.com/concordKat/passioTransit/gtfs/google_transit.zip,mdb-2244,,active
US,Cache County,Cache Valley Transit District,https://www.mycvtdbus.org/gtfs,ntd-80028,,active
US,Caddo Parish,Shreveport and Bossier City,http://sportranbus.com/gtfs,mdb-1060,,active
US,Calais,West's Bus Service,http://westbusservice.com/west_gtfs.zip,tld-7870,,active
US,Calaveras County,Calaveras Transit,http://data.trilliumtransit.com/gtfs/calaveras-ca-us/calaveras-ca-us.zip,mdb-93,,active
US,Calcasieu Parish,Lake Charles Transit,https://america.usetransit.com/api/1/public/gtfs/31/gtfs.zip?token=0bcf57ebd588bd7749168808071d365973b45d1d8,ntd-60023,,active
US,California,City of Tracy,https://data.trilliumtransit.com/gtfs/tracy-ca-us/tracy-ca-us--flex-v2.zip,mdb-2187,,active
US,California,Glendale Beeline,https://www.glendaleca.gov/home/showdocument?id=29549,tld-471,,active
US,California,Mid Mon Valley Transit Authority,https://mmvta.rideralerts.com/InfoPoint/gtfs-zip.ashx,tld-5503,,active
US,Camarillo,Camarillo Area Transit,https://gtfs.calitp.org/production/CamarilloGTFS.zip,mdb-2234,,active
US,Cambria Township,Cambria County Transit Authority,https://live.camtranbus.com/InfoPoint/gtfs-zip.ashx,tld-4671,,active
US,Carbondale,JAX Mass Transit District,https://passio3.com/JCMTD/passioTransit/gtfs/google_transit.zip,mdb-3408,https://proxy.busone.app/cotral/readme,active
US,Carson,Carson Transportation Services,https://rapid.nationalrtap.org/GTFSFileManagement/UserUploadFiles/11488/CTSGTSFFeedFiles(1.3.24).zip,ntd-90258,,active
US,Carson City,Jump Around Carson,https://www.carson.org/home/showpublisheddocument/88322/638424553550370000,tld-688,,active
US,Cattaraugus County,Access Allegany,https://s3.amazonaws.com/datatools-511ny/public/Access_Allegany.zip,mdb-531,https://data.ny.gov/download/77gx-ii52/application/pdf,active
US,Cattaraugus County,Olean Area Transit System,https://s3.amazonaws.com/datatools-511ny/public/Olean_Area_Transit_System.zip,mdb-586,,active
US,Cattaraugus County,Seneca Transit System,https://passio3.com/senecanation/passioTransit/gtfs/google_transit.zip,ntd-22929,,active
US,Cedar Falls,Metropolitan Transit Authority of Black Hawk County,https://data.trilliumtransit.com/gtfs/cedarfalls-ia-us/cedarfalls-ia-us.zip,mdb-2414,,active
US,Centre County,Centre Area Transportation Authority (CATABUS),https://catabus.com/wp-content/uploads/google_transit.zip,ntd-30054,,active
US,Champaign County,Champaign-Urbana Mass Transit District,https://developer.mtd.org/gtfs/google_transit.zip,ntd-50060,,active
US,Charleston County,Charleston Area Regional Transportation Authority (CARTA),http://data.trilliumtransit.com/gtfs/carta-sc-us/carta-sc-us.zip,mdb-352,,active
US,Charleston County,Fort Sumter and Fort Moultrie National Historical Park,https://www.nps.gov/external-resources/gtfs/fosu/fosu-ferry-service.zip,tld-6906,,active
US,Charleston County,TriCounty Link,http://data.trilliumtransit.com/gtfs/tricountylink-sc-us/tricountylink-sc-us.zip,ntd-40206,,active
US,Charlottesville,Charlottesville Area Transit (CAT),https://apps.charlottesville.gov/publicfiles/GTFS.zip,mdb-3493,,active
US,Charlottesville,Jaunt,https://gtfs.remix.com/jaunt_charlottesville_va_us.zip,mdb-3492,,active
US,Chattanooga,Chattanooga Area Regional Transportation Authority (CARTA),https://raw.githubusercontent.com/gocarta/gtfs/refs/heads/master/gtfs_current.zip,mdb-3474,,active
US,Chautauqua County,Chautauqua Area Regional Transit System (CARTS),https://s3.amazonaws.com/datatools-511ny/public/CARTS_Chautauqua_Area_Regional_Transit_System_-_City_Routes.zip,mdb-304,,active
US,Chaves County,Roswell Transit,https://www.roswell-nm.gov/DocumentCenter/View/24460/gtfs,ntd-60167,,active
US,Chelan County,Lady of the Lake,https://data.trilliumtransit.com/gtfs/lakechelan-wa-us/lakechelan-wa-us.zip,mdb-2318,,active
US,Chelan County,Link Transit,https://link.rideralerts.com/InfoPoint/gtfs-zip.ashx,mdb-275,,active
US,Chemung County,Chemung County (C-TRAN),https://s3.amazonaws.com/datatools-511ny/public/Chemung_C_TRAN.zip,ntd-20005,,active
US,Chenango County,Chenango First Transit,https://s3.amazonaws.com/datatools-511ny/public/Chenango_First_Transit.zip,mdb-536,https://data.ny.gov/download/77gx-ii52/application/pdf,active
US,Cheshire County,City Express,http://www.swrpc.org/wp-content/uploads/2024/03/HCS_GTFS.zip,ntd-10159,,active
US,Cheshire County,VTrans,https://data.trilliumtransit.com/gtfs/sevt-vt-us/sevt-vt-us--flex-v2.zip,mdb-2884,,active
US,Chicago,Metra,https://schedules.metrarail.com/gtfs/schedule.zip,mdb-2854,https://metra.com/gtfs-realtime-api-key-request-license-agreement,active
US,Chico,Glenn Transit Service,https://cdn.hibuwebsites.com/af26dd3d53e046cf8ce6ac6dc92e7b14/files/uploaded/glenn-county-transit-service-google-transit-2026-01.zip,mdb-3094,,active
US,City and County of Broomfield,Easy Ride Transportation,https://data.trilliumtransit.com/gtfs/broomfield-co-us/broomfield-co-us--flex-v2.zip,mdb-1195,,active
US,City of Oneonta,"Adirondack Trailways, New York Trailways, Pine Hill Trailways, Burlington Trailways",https://cmscdn.trailways.com/gtfs/trailways_gtfs.zip,ntd-20177,,active
US,City of Saint Louis,Metro St. Louis,https://files.looptrolley.com/google_transit.zip,mdb-2035,https://www.looptrolley.com/resources,active
US,Clackamas County,Canby Area Transit (CAT),https://oregon-gtfs.trilliumtransit.com/gtfs_data/canbytransit-or-us/canbytransit-or-us.zip,mdb-252,,active
US,Clackamas County,Canby Ferry,https://oregon-gtfs.trilliumtransit.com/gtfs_data/canbyferry-or-us/canbyferry-or-us.zip,mdb-605,,active
US,Clackamas County,ClackCo Connects (Clackamas County),http://oregon-gtfs.trilliumtransit.com/gtfs_data/clackamascounty-or-us/clackamascounty-or-us.zip,mdb-312,,active
US,Clackamas County,ClackCo Connects (Clackamas County),https://oregon-gtfs.trilliumtransit.com/gtfs_data/clackamascounty-or-us/clackamascounty-or-us--flex-v2.zip,mdb-2741,,active
US,Clackamas County,ClackCo Connects (Clackamas County),https://passio3.com/clackamas/passioTransit/gtfs/google_transit.zip,mdb-2740,,active
US,Clackamas County,Sandy Area Metro (SAM),https://oregon-gtfs.trilliumtransit.com/gtfs_data/sandy-or-us/sandy-or-us.zip,mdb-261,,active
US,Clackamas County,South Clackamas Transportation District,https://oregon-gtfs.trilliumtransit.com/gtfs_data/sctd-or-us/sctd-or-us.zip,mdb-883,,active
US,Clackamas County,"TriMet, Portland Streetcar",http://developer.trimet.org/schedule/gtfs.zip,mdb-247,,active
US,Clallam County,Elwha Transit,https://data.trilliumtransit.com/gtfs/elwhatransit-wa-us/elwhatransit-wa-us.zip,mdb-2307,,active
US,Clallam County,Makah Public Transit,https://data.trilliumtransit.com/gtfs/makah-wa-us/makah-wa-us.zip,mdb-2196,,active
US,Clark County,C-TRAN,https://www.c-tran.com/images/Google/GoogleTransitUpload.zip,mdb-258,https://c-tran.com/about-c-tran/business/c-tran-gtfs-data,active
US,Clark County,Regional Transportation Commission of Southern Nevada (RTC),https://developer.rtcsnv.com/transitData/google_transit.zip,mdb-2351,,active
US,Clatsop County,Oregon Department of Transportation,http://oregon-gtfs.trilliumtransit.com/gtfs_data/point-or-us/point-or-us.zip,mdb-800,https://oregon-gtfs.trilliumtransit.com,active
US,Clatsop County,Sunset Empire Transportation District,https://oregon-gtfs.trilliumtransit.com/gtfs_data/clatsopcounty-or-us/clatsopcounty-or-us.zip,tld-4211,,active
US,Clay County,Jacksonville Transportation Authority,https://ride.jtafla.com/gtfs-archive/gtfs.zip,tld-764,,active
US,Clear Creek County,Bustang Outrider,https://data.trilliumtransit.com/gtfs/outrider-co-us/outrider-co-us.zip,mdb-2330,,active
US,Clear Creek County,Clear Creek County Transit,http://data.trilliumtransit.com/gtfs/clearcreek-co-us/clearcreek-co-us.zip,mdb-313,,active
US,Clinton,Clinton Municipal Transit Administration (Clinton MTA),http://data.trilliumtransit.com/gtfs/clintonmta-ia-us/clintonmta-ia-us.zip,mdb-202,,active
US,Clinton County,Clinton County Public Transit (CCPT),https://s3.amazonaws.com/datatools-511ny/public/Clinton_County_Public_Transit.zip,mdb-544,https://data.ny.gov/download/77gx-ii52/application/pdf,active
US,Clinton County,Lake Champlain Ferries,http://data.trilliumtransit.com/gtfs/lctferries-vt-us/lctferries-vt-us.zip,mdb-547,,active
US,Clovis,Clovis Transit,https://passio3.com/clovis/passioTransit/gtfs/google_transit.zip,mdb-2894,,active
US,Cochise County,Bisbee Bus,https://rapid.nationalrtap.org/GTFSFileManagement/UserUploadFiles/11816/Bisbee_AZ_GTFS.zip,mdb-2857,,active
US,Coconino County,Grand Canyon National Park,https://www.nps.gov/external-resources/gtfs/grca/south-rim-shuttle-service.zip,mdb-1905,,active
US,Coconino County,Mountain Line Transit,http://mountainline.syncromatics.com/gtfs,mdb-1979,,active
US,Cole County,City of Jefferson,https://jctgtfsdownload.itcurves.us/DownloadGtfs,ntd-70043,,active
US,Collier County,Collier Area Transit (CAT),https://cat.cadavl.com:4431/CAT/GTFS/GTFS_CAT.zip,mdb-2259,,active
US,Colorado Springs,Mountain Metro Transit,https://data.trilliumtransit.com/gtfs/coloradosprings-co-us/coloradosprings-co-us--flex-v2.zip,mdb-2292,,active
US,Colorado Springs,Silver Key Senior Services,https://data.trilliumtransit.com/gtfs/silverkey-co-us/silverkey-co-us--flex-v2.zip,mdb-2182,,active
US,Columbia County,"Propark Mobility, Columbia County Public Transportation",https://s3.amazonaws.com/datatools-511ny/public/Columbia_County_Public_Transit.zip,tld-6745,,active
US,Concord,SolTrans,https://soltrans.connexionz.net/rtt/public/resource/gtfs.zip,mdb-80,,active
US,Contra Costa County,County Connection (CCCTA),https://countyconnection.com/GTFS/google_transit.zip,mdb-2421,,active
US,Contra Costa County,Tri Delta Transit,http://api.511.org/transit/datafeeds?operator_id=3D,mdb-1974,https://511.org/sites/default/files/pdfs/511_Data_Agreement_Final.pdf,active
US,Contra Costa County,Tri Delta Transit,http://rta.trideltatransit.com/rtt/public/resource/gtfs.zip,ntd-90162,,active
US,Contra Costa County,WestCAT,http://data.trilliumtransit.com/gtfs/westcat-ca-us/westcat-ca-us.zip,mdb-78,,active
US,Cook County,Chicago Transit Authority (CTA),https://www.transitchicago.com/downloads/sch_data/google_transit.zip,mdb-389,,active
US,Cook County,Chicago Water Taxi,https://data.trilliumtransit.com/gtfs/chicagowatertaxi-il-us/chicagowatertaxi-il-us.zip,mdb-306,,active
US,Cook County,Pace Bus,https://www.pacebus.com/gtfsdownload,mdb-2347,,active
US,Cook County,South Shore Line,http://www.mysouthshoreline.com/google/google_transit.zip,mdb-585,,active
US,Cook County,University of Chicago,https://passio3.com/chicago/passioTransit/gtfs/google_transit.zip,tld-4472,,active
US,Coos County,Coos County Area Transit (CCAT),https://oregon-gtfs.trilliumtransit.com/gtfs_data/cooscounty-or-us/cooscounty-or-us.zip,mdb-21,,active
US,Coralville,CorridorRides,http://data.trilliumtransit.com/gtfs/corridorrides-ia-us/corridorrides-ia-us.zip,mdb-316,,active
US,Corvallis,Benton Area Transportation,https://oregon-gtfs.trilliumtransit.com/gtfs_data/benton-or-us/benton-or-us--flex-v2.zip,mdb-3109,https://oregon-gtfs.trilliumtransit.com,active
US,Covington,Transit Authority of Northern Kentucky (TANK),https://tank.rideralerts.com/InfoPoint/GTFS-Zip.ashx,mdb-2068,,active
US,Cowlitz County,Lower Columbia CAP (Community Action Program),http://data.trilliumtransit.com/gtfs/lowercolumbiacap-wa-us/lowercolumbiacap-wa-us.zip,mdb-568,,active
US,Cowlitz County,RiverCities Transit (RCT),http://data.trilliumtransit.com/gtfs/rivercitiestransit-wa-us/rivercitiestransit-wa-us.zip,mdb-259,,active
US,Crested Butte,Mountain Express (MtnExp),http://mjcaction.com/MJC_GTFS_Public/cb_mtnexpress_google_transit.zip,mdb-581,,active
US,Cripple Creek,Cripple Creek Transportation,https://data.trilliumtransit.com/gtfs/cripplecreek-co-us/cripplecreek-co-us--flex-v2.zip,mdb-2042,,active
US,Cumberland County,Biddeford Saco Old Orchard Beach Transit,https://gtfs.remix.com/bsoob_transit_biddeford_me_us.zip,tld-4756,,active
US,Cumberland County,Lakes Region Explorer,http://trilliumtransit.com/transit_feeds/rtp-me-us/rtp-me-us.zip,mdb-452,,active
US,Curry County,Curry Public Transit,https://oregon-gtfs.trilliumtransit.com/gtfs_data/currypublictransit-or-us/currypublictransit-brookings-or-us.zip,mdb-22,,active
US,Dakota County,Sioux City Transit System,http://data.trilliumtransit.com/gtfs/siouxcity-ia-us/siouxcity-ia-us.zip,mdb-191,,active
US,Dallas,McKinney Avenue Transit Authority,https://mata.tripshot.com/v1/gtfs/feed/public,ntd-60133,,active
US,Dallas County,STAR Transit,http://data.trilliumtransit.com/gtfs/startransit-tx-us/startransit-tx-us.zip,mdb-153,,active
US,Daly City,San Francisco Municipal Transportation Agency (SFMTA - Muni),https://muni-gtfs.apps.sfmta.com/data/muni_gtfs-current.zip,mdb-2886,https://www.sfmta.com/reports/gtfs-transit-data,active
US,Dane County,Megabus,https://data.trilliumtransit.com/gtfs/megabus-us/megabus-us.zip,mdb-2321,,active
US,Dane County,Metro Transit - City of Madison,http://transitdata.cityofmadison.com/GTFS/mmt_gtfs.zip,mdb-394,,active
US,Danville,Danville Mass Transit,https://www.ridedmt.org/home/showpublisheddocument/1979/638106764822070000,mdb-2363,https://www.ridedmt.org/schedules-fares/gtfs-feed,active
US,Danville,Danville Transit,https://data.trilliumtransit.com/gtfs/danville-va-us/danville-va-us--flex-v2.zip,mdb-2440,,active
US,Danville,Danville Transit,https://data.trilliumtransit.com/gtfs/danville-va-us/danville-va-us.zip,tld-4145,,active
US,Dauphin County,Capital Area Transit,https://cat.rideralerts.com/InfoPoint/gtfs-zip.ashx,tld-4298,,active
US,Dauphin County,Lebanon Transit,https://realtime.lebanontransit.org/InfoPoint/gtfs-zip.ashx,tld-5531,,active
US,Dauphin County,rabbittransit,https://realtime.rabbittransit.org/InfoPoint/GTFS-Zip.ashx,tld-223,,active
US,Davidson County,Davidson County Transportation Services,https://www.dcridestracker.com/gtfs,ntd-40131,,active
US,Dawes County,Open Plains Transit,https://irp.cdn-website.com/442ea718/files/uploaded/opt_gtfs.zip,tld-6708,,active
US,DeKalb County,DeKalb Public Transit,http://data.trilliumtransit.com/gtfs/cityofdekalb-il-us/cityofdekalb-il-us.zip,mdb-308,,active
US,DeKalb County,Georgia Tech Stinger Bus,https://bus.gatech.edu/Secure/Admin/Reports/GTFSDownload.aspx,tld-478_1,,active
US,Denali,National Park Service,https://www.nps.gov/external-resources/gtfs/dena/dena-shuttle.zip,tld-6904,,active
US,Derby,Rural Community Transportation (RCT),http://data.trilliumtransit.com/gtfs/ruralcommunity-vt-us/ruralcommunity-vt-us.zip,mdb-448,,active
US,Des Moines County,Burlington Urban Service,http://data.trilliumtransit.com/gtfs/burlington-ia-us/burlington-ia-us.zip,mdb-199,,active
US,Deschutes County,Harney County,https://oregon-gtfs.trilliumtransit.com/gtfs_data/harneycounty-or-us/harneycounty-or-us.zip,mdb-931,,active
US,Detroit,Detroit People Mover,https://hosted-gtfs-feeds.s3.amazonaws.com/DPM/gtfs.zip,mdb-2281,,active
US,Dilworth,City of Fargo,https://ridematbus.com/gtfs,ntd-80003,,active
US,Dixon,City of Dixon,https://gtfs.calitp.org/test/TestFlex2.zip,mdb-1818,,active
US,Dolores County,Dolores County,https://data.trilliumtransit.com/gtfs/dolorescounty-co-us/dolorescounty-co-us--flex-v2.zip,mdb-1141,,active
US,Douglas County,Connect Douglas,https://passio3.com/douglas/passioTransit/gtfs/google_transit.zip,tld-5551,,active
US,Douglas County,KU on Wheels & Lawrence Transit System,https://assets.lawrenceks.org/transit/KU-LTS_GTFS.zip,tld-1039,,active
US,Douglas County,KU on Wheels & Lawrence Transit System,https://passio3.com/lawrencetransit/passioTransit/gtfs/google_transit.zip,mdb-2063,,active
US,Douglas County,Omaha Metro,https://www.ometro.com/wp-content/uploads/GTFSRT/google_transit.zip,mdb-2261,,active
US,Douglas County,Tahoe Transportation District,http://data.trilliumtransit.com/gtfs/tahoe-ca-us/tahoe-ca-us.zip,mdb-897,,active
US,Doña Ana County,NMDOT Park and Ride,https://api.realfile.rtsclients.com/PublicFiles/f260a66b364d453e91ff9b3fedd494dc/0058c359-58f0-438f-9e65-c47fc855d4cf/NMDOT%20Park%20and%20Ride%20GTFS%20Data%20updated%20April%201%202024.zip,tld-5537,,active
US,Doña Ana County,RoadRUNNER Transit,https://passio3.com/roadrunner/passioTransit/gtfs/google_transit.zip,mdb-2075,,active
US,Dubuque County,The Jule,https://myride.cityofdubuque.org/gtfs/google_transit.zip,mdb-2083,,active
US,Dukes County,Hy-Line Cruises,http://data.trilliumtransit.com/gtfs/hylinecruises-ma-us/hylinecruises-ma-us.zip,mdb-427,,active
US,Dukes County,Patriots Party Boats,http://data.trilliumtransit.com/gtfs/patriotpartyboats-ma-us/patriotpartyboats-ma-us.zip,mdb-424,,active
US,Durham County,GoDurham,https://godurham.rideralerts.com/InfoPoint/GTFS-Zip.ashx,tld-98,,active
US,Durham County,Research Triangle Regional Public Transportation Authority,http://gotriangle.org/gtfs,tld-202,,active
US,Dutchess County,Dutchess County,https://s3.amazonaws.com/datatools-511ny/public/Dutchess_County_Transit.zip,mdb-457,,active
US,Eagle County,Avon Transit,https://www.avon.org/DocumentCenter/View/25051/TownOfAvon_gtfs,mdb-2433,https://creativecommons.org/licenses/by/4.0/,active
US,Eagle County,Colorado Mountain Express,http://data.trilliumtransit.com/gtfs/cme-co-us/cme-co-us.zip,mdb-172,,active
US,Eagle County,ECO Transit,https://data.trilliumtransit.com/gtfs/ecotransit-co-us/ecotransit-co-us--flex-v2.zip,mdb-2045,,active
US,Eagle County,Vail Transit,http://data.trilliumtransit.com/gtfs/vailtransit-co-us/vailtransit-co-us.zip,mdb-174,,active
US,East Baton Rouge Parish,Capital Area Transit System (CATS),https://cats.rideralerts.com/InfoPoint/gtfs-zip.ashx,mdb-2065,,active
US,Eastpointe,Detroit Department of Transportation (DDOT),https://www.detroitmi.gov/Portals/0/docs/deptoftransportation/pdfs/ddot_gtfs.zip,mdb-464,,active
US,Ector County,Midland-Odessa Urban Transit District,http://nebula.wsimg.com/d1765d43782cc9d2d026c4925e8a189b?AccessKeyId=9E919CD400BCF69A0E80&disposition=0&alloworigin=1,ntd-60097,,active
US,Edmond,Citylink Edmond,https://passio3.com/edmond/passioTransit/gtfs/google_transit.zip,tld-7841,,active
US,El Dorado County,El Dorado Transit,http://data.trilliumtransit.com/gtfs/eldoradotransit-ca-us/eldoradotransit-ca-us.zip,mdb-75,,active
US,El Paso,El Paso Transportation Authority,https://rapid.nationalrtap.org/GTFSFileManagement/UserUploadFiles/11511/GTFS_EPCT.zip,mdb-3419,https://etaelpaso.gov/privacy-policy/,active
US,El Paso County,City of Fountain Transit,http://data.trilliumtransit.com/gtfs/cityoffountaintransit-co-us/cityoffountaintransit-co-us.zip,mdb-309,,active
US,El Paso County,Discover Goodwill,https://data.trilliumtransit.com/gtfs/discovergoodwill-co-us/discovergoodwill-co-us--flex-v2.zip,mdb-2043,,active
US,El Paso County,El Paso Fountain Valley Senior Citizens Program Inc,https://data.trilliumtransit.com/gtfs/elpaso-co-us/elpaso-co-us--flex-v2.zip,mdb-2046,,active
US,El Paso County,Envida,http://data.trilliumtransit.com/gtfs/dsi-co-us/dsi-co-us.zip,mdb-455,,active
US,El Paso County,Envida,https://data.trilliumtransit.com/gtfs/dsi-co-us/dsi-co-us--flex-v2.zip,mdb-2044,,active
US,Elkhart County,Interurban Trolley,http://macog.com/google/google_transit.zip,mdb-571,,active
US,Emporia,Greensville Emporia Transit,http://data.trilliumtransit.com/gtfs/get-va-us/get-va-us.zip,mdb-463,,active
US,Erie County,Sandusky Transit System,https://mjcaction.com/MJC_GTFS_Public/sandusky_google_transit.zip,tld-1213_1,,active
US,Escambia County,National Park Service,https://www.nps.gov/external-resources/gtfs/guis/guis-ferry-service-fl.zip,tld-6676,,active
US,Estes Park,Rocky Mountain National Park,https://www.nps.gov/external-resources/gtfs/romo/rocky-mountain-national-park-shuttle.zip,mdb-3211,,active
US,Eureka,"Eureka Transit Service, Blue Lake Rancheria Transit System, Samoa Transit System, Redwood Transit System, Arcata & Mad River Transit System",https://gtfs.calitp.org/production/HumboldtTransitAuthorityDialARideFlex.zip,tld-4798,,active
US,Eureka Springs,Eureka Springs Transit,https://rapid.nationalrtap.org/GTFSFileManagement/UserUploadFiles/11548/Transit_feed.zip,ntd-60161,,active
US,Everett,Everett Transit,https://everett.prod.mapstrat.com/current/google_transit.zip,mdb-3038,,active
US,Fairfax,Fairfax CUE Bus (CUE),https://www.fairfaxva.gov/files/assets/city/v/2/public-works/documents/schedules-and-maps/cue-gtfs.zip,mdb-2885,https://www.fairfaxva.gov/government/public-works/cue-bus-map-schedule#GTFS%20Schedule%20Data%20anchor,active
US,Fairfax County,Arlington Transit,https://www.arlingtontransit.com/shared/content/gtfs/art/google_transit.zip,mdb-485,,active
US,Fairfax County,Fairfax Connector,https://www.fairfaxcounty.gov/connector/sites/connector/files/Assets/connector_gtfs.zip,mdb-483,https://www.fairfaxcounty.gov/connector/bustracker/data,active
US,Fairfax County,Washington Metropolitan Area Transit Authority (WMATA),https://api.wmata.com/gtfs/rail-gtfs-static.zip,mdb-1847,https://developer.wmata.com/license,active
US,Fairfield County,Norwalk Transit System (NTS),https://mystop.norwalktransit.com/InfoPoint/gtfs-zip.ashx,mdb-2242,,active
US,Fall River,Southeastern Regional Transit Authority (SRTA),http://data.trilliumtransit.com/gtfs/srta-ma-us/srta-ma-us.zip,mdb-421,,active
US,Fayette County,Blue Grass Community Action Partnership,http://data.trilliumtransit.com/gtfs/bgcap-ky-us/bgcap-ky-us.zip,mdb-362,,active
US,Fayston,Tri-Valley Transit,http://data.trilliumtransit.com/gtfs/trivalleytransit-vt-us/trivalleytransit-vt-us.zip,mdb-852,,active
US,Fergus Falls,The Otter Express,https://data.trilliumtransit.com/gtfs/otterexpress-mn-us/otterexpress-mn-us--flex-v2.zip,mdb-2038,,active
US,Ferry County,Colville Confederated Tribes Transit,https://data.trilliumtransit.com/gtfs/ccttransit-wa-us/ccttransit-wa-us.zip,mdb-2302,,active
US,Flathead County,Glacier National Park,https://www.nps.gov/external-resources/gtfs/glac/going-to-the-sun-road-shuttle.zip,tld-6908,,active
US,Florence County,Pee Dee Regional Transportation Authority,https://res2.yourwebsite.life/res/605995d1530fd500214c97ba/65d93f37ca8ed2000ecad7f6,ntd-40056,,active
US,Fond du Lac,Fond du Lac Area Transit,http://www.fonddulac.ridesystems.net/Secure/Admin/Reports/GTFSDownload.aspx,tld-7929,,active
US,Forsyth County,Winston Salem Transit Authority (WSTA),https://ridewsta.com/gtfs,mdb-3479,,active
US,Fort Collins,City of Loveland Transit (COLT),https://www.lovgov.org/home/showpublisheddocument/60816/638518185148200000,tld-6772,,active
US,Fort Collins,Transfort,https://data.trilliumtransit.com/gtfs/transfort-co-us/transfort-co-us--flex-v2.zip,mdb-2293,,active
US,Fort Lauderdale,Brightline Trains LLC,http://feed.gobrightline.com/bl_gtfs.zip,mdb-1126,,active
US,Fort Lauderdale,LauderGO! Water Trolley,https://rapid.nationalrtap.org/GTFSFileManagement/UserUploadFiles/11865/watertrolley_ftl_gtfs.zip,ntd-44929,,active
US,Fort Worth,Fort Worth Transit Authority,http://sched.ridetm.org/gtfs/fwtatransitdata.zip,mdb-885,https://ridetrinitymetro.org/gtfs-data/,active
US,Framingham,MetroWest Regional Transit Authority (MWRTA),http://vc.mwrta.com/gtfs/google_transit.zip,mdb-439,,active
US,Franklin,Franklin Transit Authority,http://data.trilliumtransit.com/gtfs/tma-tn-us/tma-tn-us.zip,mdb-361,,active
US,Franklin County,Franklin County Public Transportation,https://s3.amazonaws.com/datatools-511ny/public/Franklin_County_Public_Transportation.zip,mdb-545,,active
US,Frederick County,Frederick County TransIT,https://passio3.com/frederick/passioTransit/gtfs/google_transit.zip,mdb-2432,,active
US,Fredericksburg,Fredericksburg Regional Transit,https://www.fredericksburgva.gov/DocumentCenter/View/31122/FXBGO-GTFS---CY2026,mdb-3433,https://www.fredericksburgva.gov/1937/Developer-Resources,active
US,Fremont County,Upper Arkansas Area Council of Governments,https://data.trilliumtransit.com/gtfs/uaacog-co-us/uaacog-co-us--flex-v2.zip,mdb-2188,,active
US,Fremont County,Wind River Transportation Authority,https://rapid.nationalrtap.org/GTFSFileManagement/UserUploadFiles/6174/wrta_wy_gtfs.zip,ntd-80121,,active
US,Fresno,Fresno State University,https://passio3.com/fresno/passioTransit/gtfs/google_transit.zip,tld-4461,,active
US,Fresno County,Fresno Area Express (FAX),https://gis4u.fresno.gov/downloads/fax_gtfs.zip,mdb-90,,active
US,Fresno County,Fresno County Rural Transit Agency (FCRTA),https://rapid.nationalrtap.org/GTFSFileManagement/UserUploadFiles/7869/google_transit.zip,mdb-85,,active
US,Fulton County,Concho Valley Transit District,https://passio3.com/conchovt/passioTransit/gtfs/google_transit.zip,tld-5864,,active
US,Fulton County,Gloversville Transit System,https://s3.amazonaws.com/datatools-511ny/public/Gloversville_Transit_System.zip,mdb-2650,https://www.ride-gts.com/,active
US,Fulton County,Metropolitan Atlanta Rapid Transit Authority (MARTA),https://www.itsmarta.com/google_transit_feed/google_transit.zip,mdb-368,,active
US,Gadsden,City of Gadsen,https://coggis.cityofgadsden.com/Public/Transportion/COG_trips.zip,mdb-2419,,active
US,Gallatin County,Streamline,http://data.trilliumtransit.com/gtfs/streamlinetransit-mt-us/streamlinetransit-mt-us.zip,mdb-295,,active
US,Gallatin County,Sunny Valley Transit (Demo),https://feeds.gtfsx.com/svt-demo/gtfs.zip,mdb-3473,,active
US,Galveston,Galveston Island Transit,https://gtfs.remix.com/island_transit_us.zip,mdb-2861,,active
US,Garfield County,Bryce Canyon National Park Shuttle,https://www.nps.gov/external-resources/gtfs/brca/bryce-canyon-shuttle.zip,tld-6675,,active
US,Garfield County,Parachute Area Transit System,https://data.trilliumtransit.com/gtfs/pats-co-us/pats-co-us.zip,tld-5746,,active
US,Genesee County,Mass Transportation Authority Flint,https://rapid.nationalrtap.org/GTFSFileManagement/UserUploadFiles/5191/google_transit.zip,mdb-2287,,active
US,Genesee County,Rochester-Genesee Regional Transportation Authority,https://scheduledata.rgrta.com/Regionals/Genesee.zip,tld-7040,,active
US,Genesee County,Rochester-Genesee Regional Transportation Authority,https://scheduledata.rgrta.com/Regionals/Orleans.zip,tld-7042,,active
US,Gilpin County,Blackhawk and Central City Tramway,http://data.trilliumtransit.com/gtfs/blackhawktramway-co-us/blackhawktramway-co-us.zip,mdb-234,,active
US,Gilpin County,Blackhawk and Central City Tramway,https://data.trilliumtransit.com/gtfs/blackhawktramway-co-us/blackhawktramway-co-us--flex-v2.zip,mdb-2041,,active
US,Glasgow,Cecil Transit,https://www.cecilcountymd.gov/DocumentCenter/View/5246/Cecil-County-MD---GTFS,mdb-3178,,active
US,Glen Cove,City Of Glen Cove,https://s3.amazonaws.com/datatools-511ny/public/City_Of_Glen_Cove.zip,tld-5787,,active
US,Glendale,Glendale Beeline,https://www.glendaleca.gov/home/showdocument?id=29549,mdb-3177,,active
US,Golden,Colorado School Of Mines,https://data.trilliumtransit.com/gtfs/cityofgolden-co-us/cityofgolden-co-us.zip,mdb-2413,,active
US,Grafton County,Dartmouth College,https://data.trilliumtransit.com/gtfs/dartmouth-vt-us/dartmouth-vt-us.zip,mdb-1958,,active
US,Grand County,Home James,http://data.trilliumtransit.com/gtfs/homejames-co-us/homejames-co-us.zip,mdb-607,,active
US,Grand County,Mountain Family Center,https://data.trilliumtransit.com/gtfs/mountainfamilycenter-co-us/mountainfamilycenter-co-us--flex-v2.zip,mdb-2173,,active
US,Grand County,Winter Park Transit,http://data.trilliumtransit.com/gtfs/winterpark-co-us/winterpark-co-us.zip,mdb-175,,active
US,Grand Forks,Cities Area Transit,https://data.trilliumtransit.com/gtfs/cityofgrandforks-nd-us/cityofgrandforks-nd-us.zip,mdb-2199,,active
US,Grant County,Grant Transit Authority,https://data.trilliumtransit.com/gtfs/granttransit-wa-us/granttransit-wa-us.zip,mdb-2309,,active
US,Grays Harbor County,Grays Harbor Transit,http://mjcaction.com/MJC_GTFS_Public/graysharbor_google_transit.zip,mdb-263,,active
US,Greenacres,Palm Tran,http://www.palmtran.org/feed/google_transit.zip,mdb-332,,active
US,Greene County,Greene County Transit,https://s3.amazonaws.com/datatools-511ny/public/Greene_County_Transit.zip,mdb-613,https://data.ny.gov/download/77gx-ii52/application/pdf,active
US,Greenville County,Greenlink,https://gtfs.greenlink.cadavl.com/GTA/GTFS/GTFS_GTA.zip,tld-490,,active
US,Groton,Southeast Area Transit District,https://gtfs.remix.com/seat_preston_ct_us.zip,mdb-2240,,active
US,Guilford County,Piedmont Authority for Regional Transportation (PART),http://rapid.nationalrtap.org/GTFSFileManagement/UserUploadFiles/5137/gtfs.zip,mdb-373,https://creativecommons.org/licenses/by/4.0/,active
US,Gulfport,Gulf Islands National Seashore,https://www.nps.gov/external-resources/gtfs/guis/guis-ferry-service-ms.zip,mdb-3210,,active
US,Gunnison,Gunnison Valley RTA,https://data.trilliumtransit.com/gtfs/gunnisonvalleyrta-co-us/gunnisonvalleyrta-co-us--flex-v2.zip,mdb-2048,,active
US,Gunnison County,Gunnison Valley Transportation Authority (RTA),http://mjcaction.com/MJC_GTFS_Public/gunnisonrta_google_transit.zip,mdb-163,,active
US,Gwinnett County,Gwinnett County Transit,https://realtimegwinnett.availtec.com/InfoPoint/gtfs-zip.ashx,mdb-2241,,active
US,Hamilton County,Cincinnati Metro,http://www.go-metro.com/uploads/GTFS/google_transit_info.zip,mdb-307,,active
US,Hancock County,Acadia National Park,https://www.nps.gov/external-resources/gtfs/acad/island-explorer.zip,tld-6900,,active
US,Harford County,Amtrak,https://content.amtrak.com/content/gtfs/GTFS.zip,mdb-11,,active
US,Harkers Island,Cape Lookout National Seashore,https://www.nps.gov/external-resources/gtfs/calo/calo-ferry-service.zip,mdb-3205,,active
US,Harney County,Burns Paiute Tribal Transit,https://oregon-gtfs.trilliumtransit.com/gtfs_data/burnspaiute-or-us/burnspaiute-or-us.zip,mdb-2621,,active
US,Harris County,METRO Houston,https://metro.resourcespace.com/pages/download.php?ref=4835&ext=zip,mdb-2060,https://www.ridemetro.org/about/news-media/digital-assets,active
US,Harrison County,National Park Service,https://www.nps.gov/external-resources/gtfs/guis/guis-ferry-service-ms.zip,tld-6677,,active
US,Hattiesburg,City of Hattiesburg,https://api.transloc.com/gtfs/hct.zip,ntd-40060,,active
US,Hawai'i Island,Hawai'i Mass Transit Agency (Hele-On Bus),https://www.heleonbus.hawaiicounty.gov/home/showpublisheddocument/307470/638458319827900000,mdb-2608,,active
US,Hawthorne,Lawndale Beat,http://data.trilliumtransit.com/gtfs/cityoflawndale-ca-us/cityoflawndale-ca-us.zip,mdb-36,,active
US,Hendry County,Hendry County Transit System,https://passio3.com/hendrycounty/passioTransit/gtfs/google_transit.zip,tld-7914,,active
US,Hennepin County,Metro Transit,https://svc.metrotransit.org/mtgtfs/gtfs.zip,mdb-205,,active
US,Hennepin County,Minnesota Valley Transit Authority (MVTA),http://srv.mvta.com/InfoPoint/GTFS-Zip.ashx,mdb-206,,active
US,Hidalgo County,Metro McAllen,https://mcallen.net/metro/assets/resources/GTFS%20-%20TransLoc.zip,ntd-60099,,active
US,Hillsborough County,Hillsborough Area Regional Transit (HART),http://www.gohart.org/google/google_transit.zip,mdb-325,,active
US,Hillsborough County,USF Bull Runner,https://github.com/CUTR-at-USF/bullrunner-gtfs-realtime-generator/raw/master/bullrunner-gtfs.zip,mdb-329,,active
US,Hillsborough Township,Somerset County,https://www.njtransit.com/SomersetCounty_bus_data.zip,ntd-20209,,active
US,Hinds County,City of Jackson (JTRAN),https://passio3.com/jtran/passioTransit/gtfs/google_transit.zip,mdb-2652,,active
US,Holland,Hope College Evening Shuttle,https://hope-college-cit.github.io/shuttle/hope-shuttle-gtfs.zip,mdb-3039,,active
US,Homer City,Indiana County Transit Authority,https://indigobus.availtec.com/InfoPoint/gtfs-zip.ashx,tld-4661,,active
US,Honolulu County,TheBus,https://www.thebus.org/transitdata/production/google_transit.zip,mdb-2350,,active
US,Hood River County,Columbia Area Transit (CAT),https://oregon-gtfs.trilliumtransit.com/gtfs_data/hoodriver-or-us/hoodriver-or-us.zip,mdb-260,,active
US,Hopewell Township,Beaver County Transit Authority,https://bcta.rideralerts.com/InfoPoint/gtfs-zip.ashx,mdb-2262,,active
US,Houghton,City of Houghton,https://rapid.nationalrtap.org/GTFSFileManagement/UserUploadFiles/11734/gtfstransit.zip,ntd-50386,,active
US,Houston,"Fort Bend County, Texas",https://www.fortbendcountytx.gov/sites/default/files/document-central/document-central/public-transportation-documents/FortBendGTFS.Zip,ntd-60103,,active
US,Howard County,City of Kokomo,https://rapid.nationalrtap.org/GTFSFileManagement/UserUploadFiles/11767/CityofKokomo_Transit.zip,ntd-50145,,active
US,Howard County,Regional Transportation Agency of Central Maryland (RTA),http://data.trilliumtransit.com/gtfs/centralmarylandrta-md-us/centralmarylandrta-md-us.zip,mdb-489,,active
US,Hudson,Columbia County Public Transportation,https://github.com/columbia-county-ny-transit/gtfs-generator/raw/refs/heads/main/columbia_county_gtfs.zip,mdb-3116,,active
US,Hudson County,Academy Lines,https://www.njtransit.com/Academy_bus_data.zip,ntd-20122,,active
US,Hull,Massachusetts Bay Transportation Authority (MBTA),https://cdn.mbta.com/MBTA_GTFS.zip,mdb-437,https://www.mass.gov/files/documents/2017/10/27/develop_license_agree_0.pdf,active
US,Huntsville,Huntsville Shuttle,https://maps.huntsvilleal.gov/googletransit/google_transit.zip,mdb-2081,,active
US,Indian River County,Indian River Transit,https://ftis.org/ftde/40104-IndianRiverTransit/gtfs.zip,ntd-40104,,active
US,Ingham County,Capital Area Transportation Authority (CATA),http://developers.cata.org/gtfsdownload.ashx?key=5b4690ed-0a69-4320-897b-7d92def4b96f&data=base,mdb-402,https://www.cata.org/Portals/0/CATAGTFSLicenseAgreement20150323.pdf,active
US,Iowa City,Iowa City Transit System,http://data.trilliumtransit.com/gtfs/iowacitytransit-ia-us/iowacitytransit-ia-us.zip,mdb-559,,active
US,Island County,Island Transit,https://data.trilliumtransit.com/gtfs/islandtransit-wa-us/islandtransit-wa-us.zip,mdb-280,,active
US,Jackson Township,New Castle Area Transit Authority,https://ncata.rideralerts.com/InfoPoint/gtfs-zip.ashx,tld-7030,,active
US,James City County,Williamsburg Area Transit Authority,https://gtfs.wata.cadavl.com/WATA/GTFS/GTFS_WATA.zip,mdb-2649,,active
US,Jefferson County,Cascades East Transit,https://passio3.com/cet/passioTransit/gtfs/google_transit.zip,tld-170,,active
US,Jefferson County,Central Oregon Breeze,https://oregon-gtfs.trilliumtransit.com/gtfs_data/cobreeze-or-us/cobreeze-or-us.zip,mdb-139,,active
US,Jefferson County,Harpers Ferry National Historical Park,https://www.nps.gov/external-resources/gtfs/hafe/hafe-shuttle-transport.zip,tld-6678,,active
US,Jefferson County,Jefferson Transit Authority,http://mjcaction.com/MJC_GTFS_Public/jefferson_google_transit.zip,mdb-838,,active
US,Jefferson County,Lakewood Rides,https://data.trilliumtransit.com/gtfs/lakewoodrides-co-us/lakewoodrides-co-us--flex-v2.zip,mdb-2171,,active
US,Jefferson County,Maryland Transit Administration,https://mdotmta-gtfs.s3.amazonaws.com/mdotmta_gtfs_marc.zip,mdb-468,,active
US,Jefferson County,Regional Transportation District (RTD),https://www.rtd-denver.com/files/gtfs/bustang-co-us.zip,mdb-2280,,active
US,Jefferson County,Transit Authority of River City (TARC),https://tarc.rideralerts.com/InfoPoint/gtfs-zip.ashx,mdb-2662,,active
US,Jefferson County,Watertown Citibus,https://s3.amazonaws.com/datatools-511ny/public/Watertown_Citibus.zip,mdb-871,,active
US,Jefferson Parish,New Orleans Regional Transit Authority (NORTA),https://www.norta.com/RTA/media/GTFS/GTFS.zip,ntd-60032,,active
US,Johnson County,Coralville Transit,http://data.trilliumtransit.com/gtfs/coralvilletransitsystem-ia-us/coralvilletransitsystem-ia-us.zip,mdb-196,,active
US,Johnson County,University of Iowa - CAMBUS (CAMBUS),http://data.trilliumtransit.com/gtfs/cambus-ia-us/cambus-ia-us.zip,mdb-197,,active
US,Josephine County,Josephine County Transit (JCT),https://oregon-gtfs.trilliumtransit.com/gtfs_data/josephinecounty-or-us/josephinecounty-or-us.zip,mdb-121,,active
US,Juneau,Capital Transit,http://data.trilliumtransit.com/gtfs/cityandboroughofjuneau-ak-us/cityandboroughofjuneau-ak-us.zip,mdb-294,,active
US,Kalamazoo County,Kalamazoo Metro Transit,https://trackmybus.kmetro.org/InfoPoint/GTFS-Zip.ashx,tld-674,,active
US,Kalkaska County,Kalkaska Public Transit Authority,https://img1.wsimg.com/blobby/go/c8af6a6d-67d8-4429-b7ec-3fefc453da10/downloads/KPTA_GTFS.zip?ver=1715188985751,ntd-50282,,active
US,Kansas City,Johnson County Transit,https://data.trilliumtransit.com/gtfs/johnsoncounty-ks-us/johnsoncounty-ks-us.zip,mdb-2303,,active
US,Kauaʻi County,The Kauai Bus,https://thekauaibus.com/gtfs,ntd-90237,,active
US,Kent County,The Rapid,http://connect.ridetherapid.org/InfoPoint/gtfs-zip.ashx,mdb-400,,active
US,Kern County,Eastern Sierra Transit,http://data.trilliumtransit.com/gtfs/easternsierra-ca-us/easternsierra-ca-us.zip,mdb-25,,active
US,Kern County,Golden Empire Transit District (GET),http://eta.getbus.org/rtt/public/utility/gtfs.aspx,mdb-46,,active
US,Kern County,Kern Transit,http://data.trilliumtransit.com/gtfs/kerncounty-ca-us/kerncounty-ca-us.zip,mdb-47,,active
US,Ketchikan Gateway,Ketchikan Gateway Borough,http://data.trilliumtransit.com/gtfs/kgb-ak-us/kgb-ak-us.zip,mdb-244,,active
US,Key West,Dry Tortugas National Park,https://www.nps.gov/external-resources/gtfs/drto/drto-ferry-service.zip,mdb-3207,,active
US,King County,King County Metro,https://gtfs.sound.obaweb.org/prod/1_gtfs.zip,mdb-1330,,active
US,King County,Muckleshoot Tribal Transit,https://data.trilliumtransit.com/gtfs/muckleshoot-wa-us/muckleshoot-wa-us.zip,mdb-2326,,active
US,King County,Seattle Center Monorail,https://github.com/Seattle-Monorail-Services/gtfs/raw/refs/heads/main/96_gtfs.zip,tld-2290,,active
US,King County,"Sound Transit, Metro Transit, City of Seattle - King County Metro",http://metro.kingcounty.gov/GTFS/google_transit.zip,mdb-267,,active
US,Kings County,Kings Area Rural Transit,http://kart.connexionz.net/rtt/public/utility/gtfs.aspx,mdb-2204,,active
US,Kings County,Metropolitan Transit Authority (MTA),http://web.mta.info/developers/data/nyct/bus/google_transit_brooklyn.zip,mdb-512,http://web.mta.info/developers/developer-data-terms.html,active
US,Kings County,Monsey Trails,https://s3.amazonaws.com/datatools-511ny/public/Monsey_Trails.zip,tld-4380,,active
US,Kingsport,City of Kingsport,https://api.transloc.com/gtfs/kats.zip,ntd-40080,,active
US,Kiowa County,Kiowa County Transit,https://data.trilliumtransit.com/gtfs/kiowacounty-co-us/kiowacounty-co-us--flex-v2.zip,mdb-2169,,active
US,Kit Carson County,Outback Express,https://data.trilliumtransit.com/gtfs/eccog-co-us/eccog-co-us--flex-v2.zip,mdb-2306,,active
US,Kitsap County,Kitsap Transit,http://pride.kitsaptransit.com/gtfs/google_transit.zip,mdb-1304,http://www.kitsaptransit.com/privacy-policy#developer,active
US,Kitsap County,Washington State Ferries,https://business.wsdot.wa.gov/Transit/csv_files/wsf/google_transit.zip,mdb-283,,active
US,Kittitas County,City of Ellensburg Public Transit (Central Transit),https://data.trilliumtransit.com/gtfs/ellensburg-wa-us/ellensburg-wa-us.zip,mdb-2456,,active
US,Klamath County,Basin Transit Service (BTS),https://oregon-gtfs.trilliumtransit.com/gtfs_data/basin-or-us/basin-or-us.zip,mdb-125,,active
US,Klamath County,Quail Trail Public Transit,https://oregon-gtfs.trilliumtransit.com/gtfs_data/quailtrail-or-us/quailtrail-or-us.zip,mdb-1327,,active
US,Klickitat County,Mount Adams Transportation Service,http://data.trilliumtransit.com/gtfs/mountadams-wa-us/mountadams-wa-us.zip,mdb-580,,active
US,Knox County,City of Galesburg,https://gis.ci.galesburg.il.us/cityofgalesburg-il-us.zip,ntd-50502,,active
US,Knox County,Knoxville Area Transit (KAT),http://www.knoxvilletn.gov/UserFiles/Servers/Server_109478/File/KAT/gtfs-kat.zip,mdb-1121,http://www.knoxvilletn.gov/government/opendata/knoxville_area_transit_kat_gtfs_feed,active
US,Kootenai County,Citylink North (Kootenai County),https://passio3.com/kootenai/passioTransit/gtfs/google_transit.zip,tld-4791,,active
US,La Junta,La Junta Transit,https://data.trilliumtransit.com/gtfs/lajunta-co-us/lajunta-co-us--flex-v2.zip,mdb-2170,,active
US,La Plata County,Durango Transit,https://data.trilliumtransit.com/gtfs/durangotransit-co-us/durangotransit-co-us--flex-v2.zip,mdb-2290,,active
US,La Plata County,Durango Transit,https://durangogov.org/DocumentCenter/View/17688/Durango-Transit-GTFS-Data,mdb-456,,active
US,La Plata County,RoadrunnerTransit,https://data.trilliumtransit.com/gtfs/roadrunnertransit-co-us/roadrunnertransit-co-us.zip,mdb-805,,active
US,La Plata County,Southwest Rides,https://data.trilliumtransit.com/gtfs/southwestrides-co-us/southwestrides-co-us--flex-v2.zip,mdb-2184,,active
US,Lackawanna County,County of Lackawanna Transit System,https://coltsivl.availtec.com/InfoPoint/gtfs-zip.ashx,tld-4553,,active
US,Laguna Niguel,Mission Viejo,https://mvshuttle.ridesystems.net/Secure/Admin/Reports/GTFSDownload.aspx,tld-7930,,active
US,Lake County,Gary Public Transportation Corporation,https://gptc-gtfs.s3.us-east-2.amazonaws.com/gptc_gtfs.zip,tld-4129,,active
US,Lake County,Lake County Connection,https://www.ridelakexpress.com/gtfs/gtfs.zip,mdb-2255,,active
US,Lake County,Lake County Senior Center Transportation Program,https://data.trilliumtransit.com/gtfs/lakecounty-co-us/lakecounty-co-us--flex-v2.zip,mdb-2291,,active
US,Lake County,Lake Transit Authority (LTA),http://data.trilliumtransit.com/gtfs/laketransit-ca-us/laketransit-ca-us.zip,mdb-68,,active
US,Lake County,Laketran,http://data.trilliumtransit.com/gtfs/lakecounty-oh-us/lakecounty-oh-us.zip,mdb-410,,active
US,Lake Tahoe,Keep Tahoe Blue,https://keeptahoeblue.sharepoint.com/sites/LeaguetoSaveLakeTahoe-CommunityEngagement/_layouts/15/guestaccess.aspx?share=EdcHnLwMfdJLscvyGDDa8FwB_bLXkpj9XIuG5GFiKdlKJw&e=1yNB6c&download=1,mdb-2876,https://keeptahoeblue.sharepoint.com/sites/LeaguetoSaveLakeTahoe-CommunityEngagement/_layouts/15/guestaccess.aspx?share=EdcHnLwMfdJLscvyGDDa8FwB_bLXkpj9XIuG5GFiKdlKJw&e=1yNB6c&download=1,active
US,Lancaster,Devils Postpile National Monument,https://www.nps.gov/external-resources/gtfs/depo/reds-meadow-shuttle.zip,mdb-3206,,active
US,Lancaster County,Bay Transit,http://data.trilliumtransit.com/gtfs/baytransit-va-us/baytransit-va-us.zip,mdb-224,,active
US,Lancaster County,Bay Transit,https://data.trilliumtransit.com/gtfs/baytransit-va-us/baytransit-va-us--flex-v2.zip,mdb-2439,,active
US,Lancaster County,Red Rose Transit Authority (RRTA),https://busfinder.redrosetransit.com/Infopoint/gtfs-zip.ashx,mdb-2000,,active
US,Lancaster County,StarTran,https://startran.connexionz.net/rtt/public/resource/gtfs.zip,mdb-2269,,active
US,Lane County,Diamond Express,https://oregon-gtfs.trilliumtransit.com/gtfs_data/diamondexpress-or-us/diamondexpress-or-us.zip,mdb-130,,active
US,Lane County,Link Lane,https://oregon-gtfs.trilliumtransit.com/gtfs_data/lcog-or-us/lcog-or-us.zip,mdb-932,,active
US,Lane County,Rhody Express,https://oregon-gtfs.trilliumtransit.com/gtfs_data/rhodyexpress-or-us/rhodyexpress-or-us.zip,mdb-24,,active
US,Larimer County,City of Loveland,https://data.trilliumtransit.com/gtfs/cityofloveland-co-us/cityofloveland-co-us--flex-v2.zip,mdb-2161,,active
US,Larimer County,Estes Transit,http://data.trilliumtransit.com/gtfs/estestransit-co-us/estestransit-co-us.zip,mdb-459,,active
US,Larimer County,Estes Transit,https://data.trilliumtransit.com/gtfs/estestransit-co-us/estestransit-co-us--flex-v2.zip,mdb-2047,,active
US,Larimer County,Rocky Mountain National Park Shuttles,http://data.trilliumtransit.com/gtfs/rockymountainnationalpark-co-us/rockymountainnationalpark-co-us.zip,mdb-176,,active
US,Larimer County,Town of Estes Park,https://data.trilliumtransit.com/gtfs/estestransit-co-us/estestransit-co-us.zip,mdb-177,,active
US,Lassen County,Lassen Rural Bus (LRB),http://data.trilliumtransit.com/gtfs/lassen-ca-us/lassen-ca-us.zip,mdb-118,,active
US,Lea County,City of Hobbs,https://rapid.nationalrtap.org/GTFSFileManagement/UserUploadFiles/11543/hobbs_gtfs.zip,ntd-60190,,active
US,Lebanon,Advance Transit,http://data.trilliumtransit.com/gtfs/advancetransit-vt-us/advancetransit-vt-us.zip,mdb-631,,active
US,Ledyard,Mashantucket Pequot Tribal Nation,https://rapid.nationalrtap.org/GTFSFileManagement/UserUploadFiles/11763/mptn_gtfs.zip,ntd-11152,,active
US,Lee County,LeeTran,https://www.leegov.com/leetran/Documents/GTFS.zip,mdb-324,,active
US,Leominster,Montachusett Regional Transit Authority (MART),http://data.trilliumtransit.com/gtfs/montachusett-ma-us/montachusett-ma-us.zip,mdb-433,,active
US,Lewis County,Birnie Bus,https://s3.amazonaws.com/datatools-511ny/public/Birnie_Bus.zip,mdb-233,,active
US,Lewis County,Lewis County Public Transportation,https://s3.amazonaws.com/datatools-511ny/public/Lewis_County.zip,mdb-566,https://data.ny.gov/download/77gx-ii52/application/pdf,active
US,Lewis County,Twin Transit,https://data.trilliumtransit.com/gtfs/twintransit-wa-us/twintransit-wa-us.zip,tld-5579,,active
US,Lexington,Lextran,https://mystop.lextran.com/InfoPoint/gtfs-zip.ashx,mdb-2067,,active
US,Lexington,RADAR,http://data.trilliumtransit.com/gtfs/radar-va-us/radar-va-us.zip,mdb-832,,active
US,Lexington,RADAR,https://data.trilliumtransit.com/gtfs/radar-va-us/radar-va-us--flex-v2.zip,mdb-2443,,active
US,Liberty County,"City of Hinesville, Georgia",https://api.transloc.com/gtfs/liberty.zip,ntd-40193,,active
US,Licking County,Central Ohio Transit Authority (COTA),http://www.cota.com/data/cota.gtfs.zip,mdb-404,http://www.cota.com/data,active
US,Licking County,Licking County Transit,https://transit.lickingcounty.gov/api/exports/gtfs,ntd-50163,,active
US,Limerick Township,Pottstown Area Rapid Transit,https://part.rideralerts.com/InfoPoint/gtfs-zip.ashx,tld-7025,,active
US,Lincoln County,Caravan Airport Transportation,https://oregon-gtfs.trilliumtransit.com/gtfs_data/caravan-or-us/caravan-or-us.zip,mdb-127,,active
US,Lincoln County,People for People (Community Connector),https://data.trilliumtransit.com/gtfs/pfp-wa-us/pfp-wa-us.zip,mdb-271,,active
US,Lindenwold,PATCO Speedline,https://rapid.nationalrtap.org/GTFSFileManagement/UserUploadFiles/13562/PATCO_GTFS.zip,mdb-3035,,active
US,Linn County,Cedar Rapids Transit,http://data.trilliumtransit.com/gtfs/cedarrapids-ia-us/cedarrapids-ia-us.zip,mdb-198,,active
US,Linn County,"LINX Transit, Linn-Benton Loop, Albany Transit System",https://oregon-gtfs.trilliumtransit.com/gtfs_data/albanytransit-or-us/albanytransit-or-us.zip,mdb-135,,active
US,Linn County,Lincoln County Transit (LCT),https://oregon-gtfs.trilliumtransit.com/gtfs_data/lincolncounty-or-us/lincolncounty-or-us.zip,mdb-23,,active
US,Linn County,Linn Shuttle,https://oregon-gtfs.trilliumtransit.com/gtfs_data/linnshuttle-or-us/linnshuttle-or-us.zip,mdb-137,https://oregon-gtfs.trilliumtransit.com,active
US,Linn County,Oregon Express Shuttle,https://oregon-gtfs.trilliumtransit.com/gtfs_data/oregonexpressshuttle-or-us/oregonexpressshuttle-or-us.zip,mdb-132,,active
US,Lodi,GrapeLine,https://www.lodi.gov/DocumentCenter/View/2453/lodi_gtfs-ZIP,mdb-83,,active
US,Logan County,Prairie Express Transit,http://data.trilliumtransit.com/gtfs/prairieexpress-co-us/prairieexpress-co-us.zip,mdb-801,,active
US,Logan Township,Altoona Metro Transit,https://amtran.rideralerts.com/InfoPoint/gtfs-zip.ashx,tld-4669,,active
US,Long Beach,Catalina Express,https://gitlab.com/LACMTA/gtfs_lax/-/archive/master/gtfs_lax-master.zip?path=catalina_express,mdb-299,,active
US,Longview,City of Longview,https://cloud.longviewtexas.gov/maps/LongviewTransitGTFS/LongviewTransitGTFS.zip,ntd-60081,,active
US,Lorain County,Lorain County Transit,https://gtfs.remix.com/Lorain_County_Transit_US.zip,tld-7039,,active
US,Los Alamos,North Central Regional Transit District,https://bluebustracker.availtec.com/InfoPoint/GTFS-Zip.ashx,tld-1319,,active
US,Los Alamos County,Atomic City Transit,https://gtfs.remix.com/act_los_alamos_nm_us.zip,mdb-1240,,active
US,Los Alamos County,Bandalier National Monument,https://www.nps.gov/external-resources/gtfs/band/bandalier-national-monument.zip,tld-6902,,active
US,Los Altos,Mountain View Transportation Management Association (MVgo),https://gtfs.mvgo.org/gtfs.zip,mdb-2880,https://mvgo.org/developers/,active
US,Los Angeles,City of West Hollywood,https://www.weho.org/home/showdocument?id=53383&t=637901042129473913,tld-4386,,active
US,Los Angeles,I-Line Shuttle,https://www.cityofinglewood.org/gtfs,tld-4781,,active
US,Los Angeles,Los Angeles County Shuttles,https://gitlab.com/LACMTA/gtfs_lax/-/archive/master/gtfs_lax-master.zip?path=la_county,tld-1253,,active
US,Los Angeles,Simi Valley Transit,http://data.trilliumtransit.com/gtfs/simivalley-ca-us/simivalley-ca-us.zip,mdb-40,,active
US,Los Angeles County,Arcadia Transit,https://passio3.com/ArcadiaCity/passioTransit/gtfs/google_transit.zip,mdb-2243,,active
US,Los Angeles County,Baldwin Park Transit,https://baldwinpark.tectransit.com/api/public/fixedRoute/gtfs,mdb-2247,,active
US,Los Angeles County,Beach Cities Transit,https://redondobeachbct.com/gtfs,mdb-1999,,active
US,Los Angeles County,Big Blue Bus,http://gtfs.bigbluebus.com/current.zip,mdb-37,,active
US,Los Angeles County,City of Santa Clarita Transit,http://apps.santaclaritatransit.com/rtt/public/utility/gtfs.aspx,tld-1256,,active
US,Los Angeles County,Commerce Municipal Bus Lines,https://citycommbus.com/gtfs,mdb-994,,active
US,Los Angeles County,Foothill Transit,https://foothilltransit.rideralerts.com/myStop/GTFS-Zip.ashx,mdb-101,,active
US,Los Angeles County,GTrans,https://ridegtrans.com/gtfs.zip,mdb-2270,,active
US,Los Angeles County,Long Beach Transit (LBT),https://drive.google.com/uc?export=download&id=1869EVa1z6m_iD6QmvRXyTHtYiaSUBROl,mdb-1198,,active
US,Los Angeles County,Los Angeles County Department of Public Works (the LINK and shuttles),http://data.trilliumtransit.com/gtfs/dpwlacounty-ca-us/dpwlacounty-ca-us.zip,mdb-28,,active
US,Los Angeles County,Los Angeles County Metropolitan Transportation Authority (LA Metro),https://gitlab.com/LACMTA/gtfs_bus/raw/master/gtfs_bus.zip,mdb-29,http://developer.metro.net/the-basics/policies/terms-and-conditions/,active
US,Los Angeles County,Los Angeles County Metropolitan Transportation Authority (LA Metro),https://gitlab.com/LACMTA/gtfs_rail/raw/master/gtfs_rail.zip,mdb-30,https://developer.metro.net/terms-conditions/,active
US,Los Angeles County,"Los Angeles Department of Transportation (LADOT, DASH, Commuter Express)",https://ladotbus.com/gtfs,mdb-1210,https://www.ladottransit.com/dla.html,active
US,Los Angeles County,Metrolink,https://metrolinktrains.com/globalassets/about/gtfs/gtfs.zip,mdb-96,,active
US,Los Angeles County,Montebello Bus Lines,https://mbl.rideralerts.com/infopoint/gtfs-zip.ashx,mdb-2201,,active
US,Los Angeles County,Norwalk Transit System,https://nts.rideralerts.com/InfoPoint/gtfs-zip.ashx,tld-881,,active
US,Los Angeles County,Palos Verdes Peninsula Transit Authority (PVPTA),http://data.trilliumtransit.com/gtfs/pvpta-ca-us/pvpta-ca-us.zip,mdb-35,,active
US,Los Angeles County,Pasadena Transit,http://rt.pasadenatransit.net/rtt/public/utility/gtfs.aspx,mdb-41,https://www.cityofpasadena.net/pasadena-transit/real-time-applications/,active
US,Los Angeles County,Rosemead Explorer,https://passio3.com/rosemead/passioTransit/gtfs/google_transit.zip,mdb-3098,,active
US,Los Angeles County,Spirit Bus,https://passio3.com/montereyp/passioTransit/gtfs/google_transit.zip,mdb-2202,,active
US,Loudoun County,Loudoun County Transit,https://data.trilliumtransit.com/gtfs/loudouncounty-va-us/loudouncounty-va-us--flex-v2.zip,mdb-2411,http://virginia-gtfs.com/,active
US,Loudoun County,Loudoun County Transit,https://www.loudoun.gov/loudountransitgtfs,mdb-1053,http://virginia-gtfs.com/,active
US,Lowell,Lowell Regional Transit Authority (LRTA),http://data.trilliumtransit.com/gtfs/lowell-ma-us/lowell-ma-us.zip,mdb-444,,active
US,Lubbock,Citibus,http://data.trilliumtransit.com/gtfs/lubbock-tx-us/lubbock-tx-us.zip,mdb-569,,active
US,Lucas County,Toledo Area Regional Transit Authority,https://s3.amazonaws.com/etatransit.gtfs/tarta.etaspot.net/gtfs.zip,tld-1716_1,,active
US,Luzerne County,Fullington Trailways,https://s3.amazonaws.com/datatools-511ny/public/Fullington_Trailways.zip,tld-4379,,active
US,Luzerne County,Luzerne County Transportation Authority,https://realtimelctabus.availtec.com/InfoPoint/gtfs-zip.ashx,tld-4555,,active
US,Lyon County,Community Transit,https://data.trilliumtransit.com/gtfs/unitedcap-mn-us/unitedcap-mn-us.zip,tld-5761,,active
US,Macon County,Decatur Public Transit System,https://gtfs.remix.com/dpts_decatur_il_us.zip,tld-7036,,active
US,Madera County,Madera County Transit,http://data.trilliumtransit.com/gtfs/maderactc-ca-us/maderactc-ca-us.zip,mdb-572,,active
US,Madison County,Athens Clarke County Transit,https://bustracker.accgov.com/InfoPoint/GTFS-Zip.ashx,tld-4777,,active
US,Madison County,Jackson Transit Authority,https://data.trilliumtransit.com/gtfs/jackson-tn-us/jackson-tn-us.zip,mdb-2313,,active
US,Madison County,Madison County Transit,https://s3.amazonaws.com/datatools-511ny/public/Madison_Transit_Services.zip,mdb-573,https://data.ny.gov/download/77gx-ii52/application/pdf,active
US,Madison County,North Fork Area Transit,https://passio3.com/northfork/passioTransit/gtfs/google_transit.zip,tld-4469,,active
US,Mahoning County,Western Reserve Transit Authority,https://myvalleystops.wrtaonline.com/InfoPoint/gtfs-zip.ashx,tld-1717,,active
US,Malheur County,Malheur Council on Aging & Community Services,https://oregon-gtfs.trilliumtransit.com/gtfs_data/mcacs-or-us/mcacs-or-us.zip,mdb-141,,active
US,Manatee County,Manatee County Area Transit,https://realtimemcat.availtec.com/InfoPoint/GTFS-Zip.ashx,mdb-2258,,active
US,Mankato,Mankato Transit System,https://content.mankatomn.gov/transit/google_transit.zip,ntd-50205,,active
US,Mansfield,University of Connecticut (UCONN / WRTD),https://passio3.com/uconn/passioTransit/gtfs/google_transit.zip,tld-4473,,active
US,Manteca,City of Manteca,https://data.trilliumtransit.com/gtfs/manteca-ca-us/manteca-ca-us.zip,ntd-90217,,active
US,Marathon County,Metro Ride,http://data.trilliumtransit.com/gtfs/wausau-wi-us/wausau-wi-us.zip,mdb-830,,active
US,Maricopa,Maricopa Express Transit,https://rapid.nationalrtap.org/GTFSFileManagement/UserUploadFiles/11713/met_gtfs.zip,tld-6743,,active
US,Maricopa County,Valley Metro (VM),https://phoenixopendata.com/dataset/3eae9a4a-98b9-40c8-8df7-8c00c1756235/resource/28ccc0a5-49c8-495c-b91f-193de5ce2cb7/download/googletransit.zip,mdb-147,http://www.opendefinition.org/licenses/odc-by,active
US,Marietta,CobbLinc,https://cobb.rideralerts.com/InfoPoint/GTFS-Zip.ashx,mdb-3193,,active
US,Marin County,Marin Transit,https://marintransit.gov/data/google_transit.zip,mdb-2937,,active
US,Marion County,Pacific Crest Bus Lines,https://oregon-gtfs.trilliumtransit.com/gtfs_data/pacificcrest-or-us/pacificcrest-or-us.zip,mdb-133,,active
US,Marion County,Wheatland Ferry,https://oregon-gtfs.trilliumtransit.com/gtfs_data/wheatlandferry-or-us/wheatlandferry-or-us.zip,mdb-833,,active
US,Mariposa County,Yosemite Area Regional Transportation System (YARTS),https://www.planeteria.com/gtfs/yosemite-ca-us/yosemite-ca-us-gtfs.zip,mdb-2394,,active
US,Mariposa County,Yosemite National Park,https://www.nps.gov/external-resources/gtfs/yose/mariposa-grove-shuttle-service.zip,tld-6679,,active
US,Mariposa County,Yosemite National Park,https://www.nps.gov/external-resources/gtfs/yose/yosemite-valley-shuttle.zip,tld-6681,,active
US,Marshall County,Marshalltown Municipal Transit,http://data.trilliumtransit.com/gtfs/marshalltownmunicipaltransit-ia-us/marshalltownmunicipaltransit-ia-us.zip,mdb-194,,active
US,Martin County,Martin County Public Transit,https://myride.martin.fl.us/GTFS/google_transit.zip,tld-4506,,active
US,Mason City,Mason City Public Transit,http://data.trilliumtransit.com/gtfs/masoncity-ia-us/masoncity-ia-us.zip,mdb-204,,active
US,Mason County,Mason Transit Authority,https://data.trilliumtransit.com/gtfs/mason-wa-us/mason-wa-us.zip,mdb-264,,active
US,Mason County,Squaxin Island Transit,https://data.trilliumtransit.com/gtfs/squaxinisland-wa-us/squaxinisland-wa-us.zip,mdb-2197,,active
US,Massena,St Lawrence County Public Transit,https://passio3.com/stlawrence/passioTransit/gtfs/google_transit.zip,mdb-2611,https://data.ny.gov/download/77gx-ii52/application/pdf,active
US,Maui County,Maui County Transit,https://mauibus.org/gtfs,ntd-90241,,active
US,Maysville,City of Maysville,https://rapid.nationalrtap.org/GTFSFileManagement/UserUploadFiles/11892/maysville_ky_gtfs.zip,ntd-41032,,active
US,McDonough County,Go West Transit,https://api.transloc.com/gtfs/wiu.zip,ntd-50232,,active
US,McKinley County,A:Shiwi Transit,https://rapid.nationalrtap.org/GTFSFileManagement/UserUploadFiles/7763/AshiwiGTFS.zip,ntd-66242,,active
US,McLean County,Connect Transit,https://rideconnecttransit.com/gtfs,mdb-2267,,active
US,Mecklenburg County,Charlotte Area Transit System (CATS),https://gtfsrealtime.ridetransit.org/GTFSStatic/GTFS.zip,mdb-2265,,active
US,Medford,Rogue Valley Transportation District (RVTD),https://gtfs.rvtd.cadavl.com/RVTD/GTFS/GTFS_RVTD.zip,mdb-3219,,active
US,Mendocino County,Mendocino Transit Authority,http://data.trilliumtransit.com/gtfs/mendocino-ca-us/mendocino-ca-us.zip,mdb-69,,active
US,Merced,Merced County Transit (The Bus),https://thebuslive.com/gtfs,mdb-3117,,active
US,Mercer County,Shenango Valley Shuttle Service,https://svss.availtec.com/InfoPoint/gtfs-zip.ashx,tld-4663,,active
US,Merrimac,Merrimack Valley Regional Transit Authority (MVRTA),http://data.trilliumtransit.com/gtfs/merrimackvalley-ma-us/merrimackvalley-ma-us.zip,mdb-445,,active
US,Mesa County,Grand Valley Transit,https://data.trilliumtransit.com/gtfs/grandvalleytransit-co-us/grandvalleytransit-co-us--flex-v2.zip,mdb-2288,,active
US,Miami Beach,City of Miami Beach,https://data.trilliumtransit.com/gtfs/miamibeach-fl-us/miamibeach-fl-us.zip,mdb-2322,,active
US,Miami Gardens,City of Miami Gardens,https://data.trilliumtransit.com/gtfs/miamigardens-fl-us/miamigardens-fl-us.zip,mdb-2323,,active
US,Miami-Dade County,Miami-Dade Transit,http://www.miamidade.gov/transit/googletransit/current/google_transit.zip,mdb-331,,active
US,Middlesex County,Harvard University,https://passio3.com/harvard/passioTransit/gtfs/google_transit.zip,tld-4462,,active
US,Middletown,Middletown Area Transit (MAT),http://data.trilliumtransit.com/gtfs/ninetown-connecticut-us/ninetown-connecticut-us.zip,mdb-551,,active
US,Middletown,River Valley Transit,https://data.trilliumtransit.com/gtfs/rivervalley-ct-us/rivervalley-ct-us.zip,tld-5750,,active
US,Missoula County,Mountain Line,http://www.mountainline.com/files/MUTD_GTFS.zip,mdb-292,,active
US,Mobile County,City of Mobile,https://realtimemobile.availtec.com/infopoint/gtfs-zip.ashx,tld-6773,,active
US,Modoc County,Sage Stage,http://data.trilliumtransit.com/gtfs/sagestage-ca-us/sagestage-ca-us.zip,mdb-113,http://sagestage.com/gtfs-data/,active
US,Moline,Bettendorf Transit,https://data.trilliumtransit.com/gtfs/bettendorf-ia-us/bettendorf-ia-us.zip,mdb-1826,,active
US,Monongalia County,Mountain Line Transit Authority,http://site.busride.org/google/google_transit.zip,mdb-407,,active
US,Monongalia County,West Virginia University Morgantown Personal Rapid Transit,https://prt.wvu.edu/files/d/fcc4abeb-9e23-477b-b648-30623cb8ad80/gtfs-3.zip,tld-7068_1,,active
US,Monroe County,Bloomington Transit,https://s3.amazonaws.com/etatransit.gtfs/bloomingtontransit.etaspot.net/gtfs.zip,mdb-2066,,active
US,Monroe County,Lake Erie Transit,https://www.lakeerietransit.com/gtfs/lake-erie-transit-gtfs.zip,tld-6883,,active
US,Monroe County,Rochester Institute of Technology,https://passio3.com/ritech/passioTransit/gtfs/google_transit.zip,tld-5863,,active
US,Monroe County,Rochester-Genesee Regional Transportation Authority (RGRTA),http://scheduledata.rgrta.com/google_transit.zip,mdb-533,,active
US,Monrovia,GoMonrovia,https://gtfs.calitp.org/test/TestFlex1.zip,mdb-1817,,active
US,Monterey County,Monterey-Salinas Transit (MST),https://www.mst.org/google/google_transit.zip,mdb-56,https://mst.org/about-mst/developer-resources/,active
US,Montgomery County,Adirondack Trailways ADP,https://s3.amazonaws.com/datatools-511ny/public/Trailways-ADP.zip,mdb-823,https://data.ny.gov/download/77gx-ii52/application/pdf,active
US,Montgomery County,Greater Dayton Regional Transit Authority (Greater Dayton RTA),http://proc.greaterdaytonrta.org/gtfs/google_transit.zip,mdb-403,,active
US,Montgomery County,Montgomery County Department of Transportation (Ride On),https://www.montgomerycountymd.gov/DOT-Transit/Resources/Files/GTFS/RideOnGTFS.zip,mdb-488,,active
US,Montgomery County,Montgomery Transit,http://data.trilliumtransit.com/gtfs/montgomerytransit-al-us/montgomerytransit-al-us.zip,mdb-338,,active
US,Montrose County,All Points Transit,http://data.trilliumtransit.com/gtfs/allpointstransit-co-us/allpointstransit-co-us.zip,mdb-212,,active
US,Montrose County,All Points Transit,https://data.trilliumtransit.com/gtfs/allpointstransit-co-us/allpointstransit-co-us--flex-v2.zip,mdb-2039,,active
US,Morrow County,Morrow County Public Transit,https://oregon-gtfs.trilliumtransit.com/gtfs_data/morrowcounty-or-us/morrowcounty-or-us.zip,mdb-2418,,active
US,Mount Desert,Town of Cranberry Isles Commuter Ferry,https://rapid.nationalrtap.org/GTFSFileManagement/UserUploadFiles/13051/CranberryIslesGTFS.zip,tld-7866,,active
US,Mount Morris,Rochester Transit Service,https://scheduledata.rgrta.com/Regionals/Livingston.zip,mdb-3114,,active
US,Multnomah County,Swan Island Evening Shuttle,https://oregon-gtfs.trilliumtransit.com/gtfs_data/swanisland-or-us/swanisland-or-us.zip,mdb-255,,active
US,Multnomah County,Washington Park Shuttle,https://oregon-gtfs.trilliumtransit.com/gtfs_data/washingtonparkshuttle-or-us/washingtonparkshuttle-or-us.zip,mdb-254,,active
US,Muscatine County,MuscaBus,http://data.trilliumtransit.com/gtfs/muscabus-ia-us/muscabus-ia-us.zip,mdb-200,,active
US,Muscogee County,METRA,https://metracolumbus.com/gtfs,ntd-40024,,active
US,Muskegon County,Muskegon Area Transit System,https://muskegon.connexionz.net/rtt/public/utility/gtfs.aspx,tld-4831,,active
US,Nantucket County,Nantucket Regional Transit Authority (WAVE),http://data.trilliumtransit.com/gtfs/nantucket-ma-us/nantucket-ma-us.zip,mdb-426,,active
US,Napa County,VINE Transit,https://data.trilliumtransit.com/gtfs/vinetransit-ca-us/vinetransit-ca-us.zip,mdb-1288,https://vinetransit.com/open-data-portal/,active
US,Narragansett,Rhode Island Public Transit Authority,https://ripta.com/RIPTA-GTFS.zip,mdb-624,,active
US,Nash County,Tar River Transit,http://data.trilliumtransit.com/gtfs/tarriver-nc-us/tarriver-nc-us.zip,mdb-472,,active
US,Nassau County,City of Long Beach Transportation,https://s3.amazonaws.com/datatools-511ny/public/City_of_Long_Beach.zip,mdb-916,,active
US,Nassau County,Metropolitan Transit Authority (MTA),http://web.mta.info/developers/data/lirr/google_transit.zip,mdb-507,http://web.mta.info/developers/developer-data-terms.html,active
US,Nassau County,Nassau Inter-County Express (NICE Bus),https://www.nicebus.com/NICE/media/nicebus-gtfs/NICE_GTFS.zip,mdb-521,http://www.nicebus.com/NiceBus/media/NiceBus-Images/131030_Legal-Agreements.pdf,active
US,Needles,Needles Area Transit,http://data.trilliumtransit.com/gtfs/needles-ca-us/needles-ca-us.zip,mdb-583,,active
US,New Bedford,Cuttyhunk Ferry Company,http://data.trilliumtransit.com/gtfs/cuttyhunkferryco-ma-us/cuttyhunkferryco-ma-us.zip,mdb-423,,active
US,New Castle County,Southeastern Pennsylvania Transportation Authority (SEPTA),https://www3.septa.org/developer/google_rail.zip,mdb-503,https://www3.septa.org/developer/,active
US,New Hanover County,Wave Transit,https://www.wavetransit.com/gtransit/google_transit.zip,mdb-1110,,active
US,New Ulm,Brown County Heartland Express,https://data.trilliumtransit.com/gtfs/browncounty-mn-us/browncounty-mn-us--flex-v2.zip,mdb-2037,,active
US,New Ulm,Brown County Heartland Express,https://data.trilliumtransit.com/gtfs/browncounty-mn-us/browncounty-mn-us.zip,mdb-2296,,active
US,New York County,Amtrak Vermonter,https://data.trilliumtransit.com/gtfs/amtrakvermonter-vt-us/amtrakvermonter-vt-us.zip,mdb-2297,,active
US,New York County,Columbia University,https://passio3.com/columbia/passioTransit/gtfs/google_transit.zip,tld-4456,,active
US,New York County,Downtown Alliance,http://mjcaction.com/MJC_GTFS_Public/downtown_nyc_google_transit.zip,mdb-519,,active
US,New York County,Metro-North Railroad,http://web.mta.info/developers/data/mnr/google_transit.zip,mdb-524,http://web.mta.info/developers/developer-data-terms.html,active
US,New York County,NY Waterway,https://nywaterway.connexionz.net/rtt/public/resource/gtfs.zip,mdb-3192,,active
US,New York County,NYC Ferry,http://nycferry.connexionz.net/rtt/public/utility/gtfs.aspx,mdb-515,https://www.ferry.nyc/developer-tools/,active
US,New York County,New Jersey Transit (NJ Transit),https://www.njtransit.com/bus_data.zip,mdb-508,https://www.njtransit.com/developer-tools,active
US,New York County,SeaStreak Ferries,https://seastreak.com/api/transit/google_transit.zip,ntd-20226,,active
US,New York County,Statue of Liberty National Monument,https://www.nps.gov/external-resources/gtfs/stli/statue-of-liberty-ferries.zip,tld-6909,,active
US,New York County,Trans-Bridge Lines,https://www.njtransit.com/Trans-Bridge_bus_data.zip,ntd-20169,,active
US,Newton,Blue Apple Bus Company,https://data.trilliumtransit.com/gtfs/blueapplebus-ma-us/blueapplebus-ma-us.zip,mdb-2299,,active
US,Niagara County,Connect Niagara,https://s3.amazonaws.com/datatools-511ny/public/Niagara_County.zip,tld-5791,,active
US,Niagara Falls,Niagara Frontier Transportation Authority,https://metro.nfta.com/__googletransit/google_transit.zip,tld-401,,active
US,Norfolk,Hampton Roads Transit (HRT),https://gtfs.gohrt.com/gtfs/google_transit.zip,mdb-473,,active
US,Norman,Campus Area Rapid Transit (CART),http://www.cartgps.com/gtfs,mdb-182,,active
US,North Kansas City,Kansas City Area Transportation Authority (KCATA),http://www.kc-metro.com/gtf/google_transit.zip,mdb-187,,active
US,North Union Township,Fayette Area Coordinated Transportation,https://fact.rideralerts.com/InfoPoint/gtfs-zip.ashx,tld-7027,,active
US,Northfield,Akron Metro Regional Transit Authority (METRO),https://www.yourmetrobus.org/Data/Sites/2/gtfs-data/metro_rta_gtfs.zip,mdb-2071,,active
US,Northumberland County,Borough of Mt. Carmel,https://lats.rideralerts.com/infopoint/gtfs-zip.ashx,ntd-30116,,active
US,Northumberland County,Lower Anthracite Transit System,https://lats.rideralerts.com/InfoPoint/gtfs-zip.ashx,tld-7023,,active
US,Nottoway County,Blackstone Area Bus Service,http://data.trilliumtransit.com/gtfs/blackstone-va-us/blackstone-va-us.zip,mdb-235,,active
US,Nyack,Clarkstown MiniTrans,https://s3.amazonaws.com/datatools-511ny/public/Clarkstown_Mini_Trans.zip,mdb-911,https://data.ny.gov/download/77gx-ii52/application/pdf,active
US,Oakland,San Francisco Bay Area Water Emergency Transportation Authority (WETA),https://gtfs.sanfranciscobayferry.com/gtfs.zip,mdb-3143,https://opendatacommons.org/licenses/by/summary/,active
US,Oakland County,Suburban Mobility Authority for Regional Transit (SMART),https://apps1.smartbus.org/gtfs/smart_gtfs.zip,mdb-414,,active
US,Odessa,EZ Rider,https://nebula.wsimg.com/40f314b8788fcc32949e0fe528a3c625?AccessKeyId=9E919CD400BCF69A0E80,mdb-2634,,active
US,Okanogan County,Washington State Department of Transportation (WSDOT Apple Line),https://business.wsdot.wa.gov/Transit/csv_files/InterCityBus/WSDOT_GTFS_Intercity.zip,mdb-245,,active
US,Oklahoma County,Embark,https://mna.mecatran.com/utw/ws/gtfsfeed/static/okc?apiKey=6a3b186a334d1e3e064f42782f6002520e60394c,mdb-2062,,active
US,Old Town,Bangor Community Connector,https://passio3.com/bangor/passioTransit/gtfs/google_transit.zip,tld-7824,,active
US,Olympia,Intercity Transit,https://its.rideralerts.com/InfoPoint/gtfs-zip.ashx,mdb-266,,active
US,Onslow County,City of Jacksonville,https://passio3.com/jacksonville/passioTransit/gtfs/google_transit.zip,tld-6735,,active
US,Ontario County,Rochester-Genesee Regional Transportation Authority,https://scheduledata.rgrta.com/Regionals/Ontario.zip,tld-7041,,active
US,Orange,Franklin Regional Transit Authority (FRTA),https://data.trilliumtransit.com/gtfs/frta-ma-us/frta-ma-us.zip,mdb-429,,active
US,Orange County,Adirondack Trailways,https://maps.tds.ai/storage/gtfs-feeds/ADT/fb551f94ffd56bb15e28e862f/gtfs.zip,tld-5781,,active
US,Orange County,Anaheim Resort Transportation (ART),https://art.tripshot.com/v1/gtfs.zip?regionId=CA558DDC-D7F2-4B48-9CAC-DEEA1134F820,mdb-100,,active
US,Orange County,Central Florida Regional Transit Authority (LYNX),http://gtfsrt.golynx.com/gtfsrt/google_transit.zip,mdb-347,,active
US,Orange County,Cerritos On Wheels,https://passio3.com/cerritos/passioTransit/gtfs/google_transit.zip,tld-4667,,active
US,Orange County,Chapel Hill Transit,http://mychtransit.org/gtfs,tld-89,,active
US,Orange County,Chapman University,https://passio3.com/chapman/passioTransit/gtfs/google_transit.zip,tld-4454,,active
US,Orange County,City of Irvine,https://passio3.com/irvine/passioTransit/gtfs/google_transit.zip,tld-6724,,active
US,Orange County,I-RIDE Trolley (I-RIDE),https://buswhere.com/iridetrolley/gtfs/schedule,mdb-1143,,active
US,Orange County,Laguna Beach Transit (LBT),http://data.trilliumtransit.com/gtfs/lagunabeach-ca-us/lagunabeach-ca-us.zip,mdb-16,,active
US,Orange County,Monroe Bus Lines,https://s3.amazonaws.com/datatools-511ny/public/Monroe_Bus_Lines_-_Kiryas_Yoel.zip,tld-5790,,active
US,Orange County,New Jersey Transit (NJ Transit),https://www.njtransit.com/rail_data.zip,mdb-509,https://www.njtransit.com/developer-tools,active
US,Orange County,Orange County Public Transportation,https://data.trilliumtransit.com/gtfs/ocpt-nc-us/ocpt-nc-us.zip,tld-7885,,active
US,Orange County,Orange County Transportation Authority (OCTA),https://www.octa.net/current/google_transit.zip,mdb-15,http://www.octa.net/News-and-Resources/Open-Data/Overview/,active
US,Orange County,Virginia Regional Transit,http://data.trilliumtransit.com/gtfs/vatransit-va-us/vatransit-va-us.zip,mdb-621,,active
US,Orange County,Virginia Regional Transit,https://data.trilliumtransit.com/gtfs/vatransit-va-us/vatransit-va-us--flex-v2.zip,mdb-2445,,active
US,Otsego County,Oneonta Public Transit,https://s3.amazonaws.com/datatools-511ny/public/Oneonta_Public_Transportation.zip,tld-6777,,active
US,Otsego County,Otsego Express Public Transportation,https://s3.amazonaws.com/datatools-511ny/public/Otsego_Express_Public_Transit.zip,mdb-589,,active
US,Ottawa County,Macatawa Area Express,https://catchamax.org/wp-content/maxgtfs/MAXGTFS.zip,tld-5873,,active
US,Outagamie County,Valley Transit (WI),https://ridemyvalleytransit.com/gtfs,mdb-2069,,active
US,Owatonna,SMART,https://data.trilliumtransit.com/gtfs/smart-mn-us/smart-mn-us.zip,tld-5753,,active
US,Oxnard,Ventura County Transportation Commission,https://www.goventura.org/wp-content/uploads/2026/02/20260213-GMV_Schedule.zip,mdb-3096,,active
US,Park County,Park County Transit,https://rapid.nationalrtap.org/GTFSFileManagement/UserUploadFiles/11888/ParkCountyGTFS.zip,ntd-88293,,active
US,Park County,Summit Stage,http://data.trilliumtransit.com/gtfs/summitstage-co-us/summitstage-co-us.zip,mdb-820,,active
US,Parma Heights,Greater Cleveland Regional Transit Authority,https://www.riderta.com/sites/default/files/gtfs/latest/google_transit.zip,mdb-406,http://www.riderta.com/developers,active
US,Pasco County,Pasco County Public Transportation,http://data.trilliumtransit.com/gtfs/pascocountypublictransit-fl-us/pascocountypublictransit-fl-us.zip,mdb-340,,active
US,Penn Township,Westmoreland County Transit Authority,https://wcta.rideralerts.com/InfoPoint/gtfs-zip.ashx,tld-6785,,active
US,Pensacola,Gulf Islands National Seashore,https://www.nps.gov/external-resources/gtfs/guis/guis-ferry-service-fl.zip,mdb-3209,,active
US,Peoria County,Greater Peoria Mass Transit (CityLink),https://clk.rideralerts.com/InfoPoint/gtfs-zip.ashx,mdb-2208,,active
US,Petaluma,Petaluma Transit,http://api.511.org/transit/datafeeds?operator_id=PE,mdb-2947,https://511.org/sites/default/files/pdfs/511_Data_Agreement_Final.pdf,active
US,Petersburg,Petersburg Area Transit,http://data.trilliumtransit.com/gtfs/petersburg-va-us/petersburg-va-us.zip,mdb-591,,active
US,Petersburg,Petersburg Area Transit,https://data.trilliumtransit.com/gtfs/petersburg-va-us/petersburg-va-us--flex-v2.zip,mdb-2441,,active
US,Philadelphia,PHLASH,https://github.com/PhlashGTFS/GTFS/releases/latest/download/PHLASH_GTFS.zip,mdb-2877,,active
US,Pierce County,Pierce County Ferries,https://data.trilliumtransit.com/gtfs/piercecountyferries-wa-us/piercecountyferries-wa-us.zip,tld-2289,,active
US,Pima County,Regional Transportation Authority of Pima County,https://sunshuttle.tripshot.com/v1/gtfs.zip?regionId=CA558DDC-D7F2-4B48-9CAC-DEEA1134F820,ntd-91122,,active
US,Pitkin County,Roaring Fork Transportation Authority,https://www.rfta.com/RFTAGTFSExport.zip,mdb-2278,,active
US,Pitkin County,Roaring Fork Transportation Authority (RFTA),https://data.trilliumtransit.com/gtfs/rfta-co-us/rfta-co-us--flex-v2.zip,mdb-2179,,active
US,Pitkin County,Snowmass Village Transportation,http://data.trilliumtransit.com/gtfs/snowmassvillagetransportation-co-us/snowmassvillagetransportation-co-us.zip,mdb-164,,active
US,Pittsburgh,Port Authority of Allegheny County,https://www.portauthority.org/developerresources/GTFS.zip,mdb-409,https://www.portauthority.org/business-center/developer-resources/developer-license-agreement/,active
US,Placer County,Auburn Transit,https://www.auburn.ca.gov/DocumentCenter/View/3431,mdb-2275,,active
US,Placer County,North Lake Tahoe Express,https://data.trilliumtransit.com/gtfs/nlte-nv-us/nlte-nv-us.zip,mdb-2328,,active
US,Placer County,Placer County Transit,http://data.trilliumtransit.com/gtfs/placercounty-ca-us/placercounty-ca-us.zip,mdb-77,,active
US,Placer County,"Tahoe Area Regional Transit (TART), North Lake Tahoe Express",http://data.trilliumtransit.com/gtfs/laketahoe-ca-us/laketahoe-ca-us.zip,mdb-94,,active
US,Plano,Dallas Area Rapid Transit (DART),http://www.dart.org/transitdata/latest/google_transit.zip,mdb-152,https://www.dart.org/transitdata/legalnotices.asp,active
US,Plumas County,Plumas Transit,http://data.trilliumtransit.com/gtfs/plumas-ca-us/plumas-ca-us.zip,mdb-119,,active
US,Pocono Township,Monroe County Transportation Authority (MCTA),https://ponytracker.availtec.com/InfoPoint/gtfs-zip.ashx,mdb-3460,,active
US,Polk County,Buena Vista Ferry,https://oregon-gtfs.trilliumtransit.com/gtfs_data/buenavistaferry-or-us/buenavistaferry-or-us.zip,mdb-834,,active
US,Polk County,Des Moines Area Regional Transit Authority (DART),https://www.ridedart.com/gtfs/data/gtfsdata,mdb-193,,active
US,Polk County,Lakeland Area Mass Transit District,https://passio3.com/citrusconn/passioTransit/gtfs/google_transit.zip,tld-5899,,active
US,Port Angeles,Black Ball Ferry Line,http://mjcaction.com/MJC_GTFS_Public/blackball_google_transit.zip,mdb-286,,active
US,Port Angeles,Clallam Transit System,http://mjcaction.com/MJC_GTFS_Public/clallam_google_transit.zip,mdb-279,,active
US,Port Huron,Blue Water Area Transit,https://gtfs.remix.com/bwat_porthuron_mi_us.zip,tld-7035,,active
US,Portage County,Central Transportation,https://passio3.com/centraltrans/passioTransit/gtfs/google_transit.zip,tld-4757,,active
US,Portage County,Portage Area Regional Transportation Authority (PARTA),https://passio3.com/parta/passioTransit/gtfs/google_transit.zip,mdb-2256,,active
US,Porter County,Valparaiso Transit,http://data.trilliumtransit.com/gtfs/valpotransit-chi-us/valpotransit-chi-us.zip,mdb-620,,active
US,Portland,Columbia County Rider,https://oregon-gtfs.trilliumtransit.com/gtfs_data/columbiacounty-or-us/columbiacounty-or-us--flex-v2.zip,mdb-3037,,active
US,Portland,Greater Portland Metro Bus,https://gtfs.gptd.cadavl.com/GPTD/GTFS/GTFS_GPTD.zip,mdb-2642,https://www.gpmetro.org/about-us/projects-initiatives/developers/,active
US,Portola Valley,SamTrans,http://api.511.org/transit/datafeeds?operator_id=SM,mdb-2708,https://511.org/about/terms,active
US,Portsmouth,Cooperative Alliance For Seacoast Transportation,https://passio3.com/COAST/passioTransit/gtfs/google_transit.zip,tld-4668,,active
US,Prince Edward County,Farmville Area Bus,http://data.trilliumtransit.com/gtfs/farmville-va-us/farmville-va-us.zip,mdb-461,,active
US,Prince George's County,Prince George's County (The Bus),https://data.trilliumtransit.com/gtfs/princegeorgescounty-md-us/princegeorgescounty-md-us.zip,mdb-477,,active
US,Prince George's County,Washington Metropolitan Area Transit Authority (WMATA),https://api.wmata.com/gtfs/bus-gtfs-static.zip,mdb-1846,https://developer.wmata.com/license,active
US,Prince William County,Potomac and Rappahannock Transportation Commission (PRTC) Omniride,http://omniride.com/omniride/assets/File/google_transit.zip,mdb-1156,http://virginia-gtfs.com/,active
US,Prince William County,Virginia Railway Express,https://gtfs.vre.org/containercdngtfsupload/google_transit.zip,tld-61,,active
US,Prowers County,Prowers Area Transit,https://data.trilliumtransit.com/gtfs/prowerscounty-co-us/prowerscounty-co-us--flex-v2.zip,mdb-2049,,active
US,Pueblo,Pueblo Transit,https://data.trilliumtransit.com/gtfs/pueblo-co-us/pueblo-co-us.zip,mdb-2232,,active
US,Pueblo County,Pueblo Transit,https://data.trilliumtransit.com/gtfs/pueblo-co-us/pueblo-co-us--flex-v2.zip,mdb-1232,,active
US,Pueblo County,Senior Resource Development Agency,https://data.trilliumtransit.com/gtfs/srda-co-us/srda-co-us--flex-v2.zip,mdb-2185,,active
US,Pulaski County,Pulaski Area Transit (PAT),https://data.trilliumtransit.com/gtfs/pulaski-va-us/pulaski-va-us--flex-v2.zip,mdb-2442,,active
US,Pulaski County,Pulaski Area Transit (PAT),https://data.trilliumtransit.com/gtfs/pulaski-va-us/pulaski-va-us.zip,mdb-2198,,active
US,Pullman,City of Pullman,https://pullmanbusbeacon.com/gtfs,ntd-294,,active
US,Putnam County,Housatonic Area Regional Transit,https://passio3.com/hart/passioTransit/gtfs/google_transit.zip,tld-4385,,active
US,Putnam County,PART Putnam Area Rapid Transit,https://s3.amazonaws.com/datatools-511ny/public/PART_Putnam_Area_Rapid_Transit.zip,mdb-928,,active
US,Queens County,Roosevelt Island Operating Corporation Tramway,https://data.trilliumtransit.com/gtfs/rooseveltisland-ny-us/rooseveltisland-ny-us.zip,tld-3364,,active
US,Racine County,Ryde Racine,https://racine.connexionz.net/rtt/public/utility/gtfs.aspx,mdb-2246,,active
US,Radford City,Radford Transit,https://data.trilliumtransit.com/gtfs/radford-va-us/radford-va-us.zip,mdb-2415,,active
US,Raleigh County,New River Transit Authority,https://passio3.com/beckley/passioTransit/gtfs/google_transit.zip,tld-6713,,active
US,Randolph,Brockton Area Transit Authority,https://passio3.com/brockton/passioTransit/gtfs/google_transit.zip,ntd-10004,,active
US,Redding,Redding Area Bus Authority,https://gtfs.remix.com/redding_area_bus_authority.zip,mdb-3031,https://rabaride.com/resources/about_raba/index.php#collapselinks-18-50b1,active
US,Rensselaer County,Rensselaer County (Yankee Trails),https://s3.amazonaws.com/datatools-511ny/public/Rensselaer_County_Yankee_Trails.zip,mdb-804,,active
US,Richland County,The Comet,https://comet.mapstrat.com/current/google_transit.zip,mdb-2209,,active
US,Richmond County,Metropolitan Transit Authority (MTA),http://web.mta.info/developers/data/nyct/bus/google_transit_staten_island.zip,mdb-514,http://web.mta.info/developers/developer-data-terms.html,active
US,Richmond County,Staten Island Ferry,http://www.nyc.gov/html/dot/downloads/misc/siferry-gtfs.zip,mdb-518,,active
US,Riley County,Flint Hills Area Transportation Agency,http://rapid.nationalrtap.org/GTFSFileManagement/UserUploadFiles/5197/FH_ATA_GTFS.zip,tld-4273,,active
US,Riverside County,Beaumont Transit,http://data.trilliumtransit.com/gtfs/beaumont-ca-us/beaumont-ca-us.zip,mdb-106,,active
US,Riverside County,City of Banning Transit,http://data.trilliumtransit.com/gtfs/banning-ca-us/banning-ca-us.zip,mdb-220,,active
US,Riverside County,Corona Cruiser,http://data.trilliumtransit.com/gtfs/corona-ca-us/corona-ca-us.zip,mdb-104,,active
US,Riverside County,Palo Verde Valley Transit Agency,https://data.trilliumtransit.com/gtfs/paloverde-valley-ca-us/paloverde-valley-ca-us.zip,mdb-2190,,active
US,Riverside County,Riverside Transit Agency,http://www.riversidetransit.com/google_transit.zip,mdb-98,,active
US,Riverside County,SunLine Transit Agency,http://infopoint.sunline.org/InfoPoint/gtfs-zip.ashx,tld-461,,active
US,Roanoke,CORTRAN,https://data.trilliumtransit.com/gtfs/cortran-va-us/cortran-va-us--flex-v2.zip,mdb-2435,,active
US,Rock County,Beloit Transit System,https://passio3.com/beloit/passioTransit/gtfs/google_transit.zip,tld-77,,active
US,Rock County,Janesville Transit System,http://data.trilliumtransit.com/gtfs/jts-wi-us/jts-wi-us.zip,mdb-393,,active
US,Rockland County,Transport of Rockland,https://s3.amazonaws.com/datatools-511ny/public/TOR_Transport_of_Rockland.zip,tld-3368,,active
US,Rohnert Park,Sonoma Marin Area Rail Transit (SMART),http://api.511.org/transit/datafeeds?operator_id=SA,mdb-3222,https://511.org/sites/default/files/pdfs/511_Data_Agreement_Final.pdf,active
US,Routt County,Routt County Council on Aging (RCCOCA) Transportation,https://data.trilliumtransit.com/gtfs/rccoa-co-us/rccoa-co-us--flex-v2.zip,mdb-2178,,active
US,Routt County,Steamboat Springs Transit,https://data.trilliumtransit.com/gtfs/steamboatsprings-co-us/steamboatsprings-co-us--flex-v2.zip,mdb-2051,,active
US,Routt County,"Steamboat Springs Transit, Yellow Zone",https://data.trilliumtransit.com/gtfs/steamboatsprings-co-us/steamboatsprings-co-us.zip,tld-5757,,active
US,Sacramento,Roseville Transit,https://iportal.sacrt.com/gtfs/Roseville/google_transit.zip,mdb-1067,http://www.sacrt.com/gtfs.stm,active
US,Saint Helens,Columbia County Rider,https://oregon-gtfs.trilliumtransit.com/gtfs_data/columbiacounty-or-us/columbiacounty-or-us.zip,tld-4210,,active
US,Saint Joseph County,South Bend Public Transportation Corporation,https://passio3.com/transpo/passioTransit/gtfs/google_transit.zip,tld-7019,,active
US,Saint Lawrence County,North Country Express Transit,https://s3.amazonaws.com/datatools-511ny/public/North_Country_Express.zip,mdb-546,,active
US,Saint Louis County,Duluth Transit,https://duluthtransit.com/gtf/google_transit.zip,mdb-301,,active
US,Saint Mary's County,Saint Maryʼs Transit System,https://stmgis.stmarysmd.com/Downloads/GTFS/StMarys_GTFS_5_31_22.zip,mdb-2268,,active
US,Saint Marys,Area Transit Authority,https://rideata.rideralerts.com/InfoPoint/gtfs-zip.ashx,tld-4551,,active
US,Salem,Valley Metro,https://vmgoapp.com/gtfs,mdb-2274,,active
US,Salt Lake County,Utah Transit Authority (UTA),https://gtfsfeed.rideuta.com/GTFS.zip,mdb-170,http://developer.rideuta.com/TermsOfUse.aspx,active
US,San Benito County,San Benito County Express (SBCE),http://data.trilliumtransit.com/gtfs/sanbenitocounty-ca-us/sanbenitocounty-ca-us.zip,mdb-58,,active
US,San Bernardino County,Morongo Basin Transit Authority,http://data.trilliumtransit.com/gtfs/morongobasin-ca-us/morongobasin-ca-us.zip,mdb-579,,active
US,San Bernardino County,Mountain Transit,http://data.trilliumtransit.com/gtfs/bigbear-ca-us/bigbear-ca-us.zip,mdb-107,,active
US,San Clemente,Dana Point Trolley,https://dptrolley.com/Secure/Admin/Reports/GTFSDownload.aspx,mdb-2361,,active
US,San Clemente,San Clemente Trolley,https://sctrolley.com/Secure/Admin/Reports/GTFSDownload.aspx,mdb-2362,,active
US,San Diego,North County Transit District (NCTD),https://lfportal.nctd.org/staticGTFS/google_transit.zip,mdb-3093,,active
US,San Diego County,"San Diego International Airport, Metropolitan Transit System (MTS)",https://www.sdmts.com/google_transit_files/google_transit.zip,mdb-13,https://www.sdmts.com/business-center-developers/terms-and-conditions,active
US,San Francisco,Caltrain,http://data.trilliumtransit.com/gtfs/caltrain-ca-us/caltrain-ca-us.zip,mdb-54,,active
US,San Francisco,Golden Gate National Recreation Area (Alcatraz Island),https://www.nps.gov/external-resources/gtfs/alca/alcatraz-cruises-ferry.zip,mdb-3208,,active
US,San Francisco,Golden Gate Transit,https://realtime.goldengate.org/gtfsstatic/GTFSTransitData.zip,mdb-67,,active
US,San Francisco,Mission Bay Transportation Management Association (TMA),http://data.trilliumtransit.com/gtfs/missionbaytma-ca-us/missionbaytma-ca-us.zip,mdb-51,,active
US,San Joaquin County,Blossom Express,http://data.trilliumtransit.com/gtfs/blossomexpress-ca-us/blossomexpress-ca-us.zip,mdb-236,,active
US,San Joaquin County,Manteca Transit,https://data.trilliumtransit.com/gtfs/manteca-ca-us/manteca-ca-us--flex-v2.zip,mdb-2172,,active
US,San Joaquin County,San Joaquin Regional Transit District,https://data.trilliumtransit.com/gtfs/sanjoaquin-ca-us/sanjoaquin-ca-us--flex-v2.zip,mdb-2180,,active
US,San Joaquin County,San Joaquin Regional Transit District (RTD),http://sjrtd.com/RTD-GTFS/RTD-GTFS.zip,mdb-886,http://sanjoaquinrtd.com/preview/terms-of-use/,active
US,San Juan Capistrano,San Juan Capistrano Free Weekend Trolley,https://gtfs.calitp.org/production/SanJuanCapistranoGTFS.zip,mdb-2235,,active
US,San Juan County,Red Apple Transit,http://data.trilliumtransit.com/gtfs/redappletransit-nm-us/redappletransit-nm-us.zip,mdb-160,,active
US,San Juan County,Washington State Ferries,https://gtfs.sound.obaweb.org/prod/95_gtfs.zip,mdb-1331,,active
US,San Luis Obispo County,City of San Luis Obispo Transit,https://app.mecatran.com/urb/ws/feed/c2l0ZT1zbG90cmFuc2l0O2NsaWVudD1zZWxmO2V4cGlyZT07dHlwZT1ndGZzO2tleT0zZTMwMzM1OTRiMTE2NzA0N2IxNjQwNjA0ZjQwMGMzMzdiM2E1MTQ0,mdb-44,,active
US,San Luis Obispo County,San Luis Obispo Regional Transit Authority (SLORTA),http://slo.connexionz.net/rtt/public/resource/gtfs.zip,mdb-43,,active
US,San Mateo County,Commute.org San Mateo County Shuttles,http://data.trilliumtransit.com/gtfs/commute-ca-us/commute-ca-us.zip,mdb-61,,active
US,San Miguel County,San Miguel County,https://data.trilliumtransit.com/gtfs/sanmiguelcounty-co-us/sanmiguelcounty-co-us.zip,mdb-2195,,active
US,San Miguel County,Town of Telluride,https://data.trilliumtransit.com/gtfs/sanmiguelcounty-co-us/sanmiguelcounty-co-us--flex-v2.zip,mdb-2050,,active
US,Sandy,Sandy Area Metro (SAM),https://passio3.com/sandyor/passioTransit/gtfs/google_transit.zip,mdb-2739,,active
US,Santa Barbara County,Clean Air Express,https://gtfs.calitp.org/production/CleanAirExpressFaresv2.zip,mdb-1872,,active
US,Santa Barbara County,Santa Barbara Metropolitan Transit District (MTD),http://sbmtd.gov/google_transit/feed.zip,mdb-1246,,active
US,Santa Barbara County,Santa Maria Area Transit,https://smrt.tripshot.com/v1/gtfs.zip?regionId=CA558DDC-D7F2-4B48-9CAC-DEEA1134F820,mdb-2272,,active
US,Santa Barbara County,Santa Ynez Valley Transit,http://mjcaction.com/MJC_GTFS_Public/syvt_google_transit.zip,mdb-813,,active
US,Santa Barbara County,Santa Ynez Valley Transit,https://app.mecatran.com/urb/ws/feed/c2l0ZT1zeXZ0O2NsaWVudD1zZWxmO2V4cGlyZT07dHlwZT1ndGZzO2tleT00MjcwNzQ0ZTY4NTAzOTMyMDIxMDdjNzI0MDRkMzYyNTM4MzI0YzI0,tld-1301,,active
US,Santa Clara County,Altamont Corridor Express,http://api.511.org/transit/datafeeds?operator_id=CE,mdb-2684,https://511.org/sites/default/files/pdfs/511_Data_Agreement_Final.pdf,active
US,Santa Clara County,Amtrak San Joaquins,https://data.trilliumtransit.com/gtfs/sanjoaquins-ca-us/sanjoaquins-ca-us.zip,mdb-2295,,active
US,Santa Clara County,Mountain View Community Shuttle,https://gtfs.mvcommunityshuttle.com/gtfs.zip,mdb-2883,https://opendatacommons.org/licenses/by/summary/,active
US,Santa Clara County,Santa Clara Valley Transportation Authority (VTA),https://gtfs.vta.org/gtfs_vta.zip,mdb-57,,active
US,Santa Clara County,Santa Cruz Metro (SCMTD),https://developer.scmetro.org/gtfs.zip,mdb-2425,https://developer.scmetro.org/,active
US,Santa Clara County,Stanford Marguerite Shuttle (SMS),https://transportation-forms.stanford.edu/google/google_transit.zip,mdb-59,,active
US,Santa Clarita,Santa Clarita Transit,https://gitlab.com/LACMTA/gtfs_lax/-/archive/master/gtfs_lax-master.zip?path=santa_clarita,mdb-812,,active
US,Santa Cruz,The Santa Cruzer,https://www.pinpointavl.com/santacruzer.zip,mdb-2667,https://www.pinpointavl.com/gtfs,active
US,Santa Maria,Guadalupe Flyer,http://data.trilliumtransit.com/gtfs/guadalupeflyer-ca-us/guadalupeflyer-ca-us.zip,mdb-617,,active
US,Saratoga County,City of Mechanicville Public Transit,https://s3.amazonaws.com/datatools-511ny/public/City_of_Mechanicville_Public_Transit.zip,mdb-541,,active
US,Schoharie County,Schoharie County Transit,https://s3.amazonaws.com/datatools-511ny/public/Schoharie_County_Public_Transit.zip,tld-5877,,active
US,Schuylkill County,Schuylkill Transportation System,https://sts.rideralerts.com/InfoPoint/gtfs-zip.ashx,tld-4688,,active
US,Seattle,Pierce Transit,https://gtfs.sound.obaweb.org/prod/3_gtfs.zip,mdb-265,,active
US,Seattle,Solid Ground,https://data.trilliumtransit.com/gtfs/solidground-wa-us/solidground-wa-us.zip,tld-5755,,active
US,Sebastian County,City of Fort Smith,https://rapid.nationalrtap.org/GTFSFileManagement/UserUploadFiles/11783/FST_GTFS.zip,ntd-60086,,active
US,Sedona,Sedona Shuttle,https://sedonashuttle.com/gtfs/Sedona_Shuttle_Transit_Feed.zip,mdb-2858,,active
US,Seminole County,Florida Department of Transportation (SunRail),https://corporate.sunrail.com/gtfs/google_transit.zip,mdb-626,https://corporate.sunrail.com/about-sunrail/gtfs-data-download/,active
US,Seneca County,Rochester-Genesee Regional Transportation Authority,https://scheduledata.rgrta.com/Regionals/Seneca.zip,tld-1200,,active
US,Sevier County,City of Gatlinburg Trolley,http://gatlinburg.connexionz.net/rtt/public/utility/gtfs.aspx,tld-6775,,active
US,Sevier County,City of Pigeon Forge,https://pigeonforge.connexionz.net/rtt/public/resource/gtfs.zip,ntd-41136,,active
US,Shawnee County,Topeka Metro,https://gtfs.remix.com/topeka_metro_ks_us.zip,tld-1660_1,,active
US,Sheboygan County,Shoreline Metro,http://data.trilliumtransit.com/gtfs/sheboygan-wi-us/sheboygan-wi-us.zip,mdb-399,,active
US,Sherwood,Yamhill County Transit Area,http://ycta.connexionz.net/rtt/public/resource/gtfs.zip,mdb-250,,active
US,Shoshone County,Silver Express Shuttle,https://rapid.nationalrtap.org/GTFSFileManagement/UserUploadFiles/11688/shoshone-idaho-id-us.zip,ntd-404,,active
US,Sierra Vista,City of Sierra Vista,https://rapid.nationalrtap.org/GTFSFileManagement/UserUploadFiles/12009/VistaTransit_AZ_GTFS.zip,tld-679,,active
US,Siskiyou County,Siskiyou County,http://data.trilliumtransit.com/gtfs/siskiyou-ca-us/siskiyou-ca-us.zip,mdb-117,,active
US,Skagit County,Guemes Island Ferry,https://data.trilliumtransit.com/gtfs/guemesislandferry-wa-us/guemesislandferry-wa-us.zip,mdb-2310,,active
US,Skagit County,Skagit Transit,https://strweb.skagittransit.org/GTFS/google_transit.zip,tld-5895,,active
US,Skamania County,Skamania County Transit,https://data.trilliumtransit.com/gtfs/skamaniacounty-wa-us/skamaniacounty-wa-us.zip,mdb-262,,active
US,Snohomish County,Community Transit (CT),https://www.communitytransit.org/docs/default-source/open-data/gtfs/current.zip,mdb-287,,active
US,Snohomish County,Snoqualmie Valley Transportation,https://data.trilliumtransit.com/gtfs/snoqualmie-wa-us/snoqualmie-wa-us.zip,mdb-816,,active
US,Snohomish County,Snow Goose Transit,https://data.trilliumtransit.com/gtfs/snowgoosetransit-wa-us/snowgoosetransit-wa-us.zip,tld-5754,,active
US,Solano County,Capitol Corridor Joint Powers Authority (Capitol Corridor),https://www.capitolcorridor.org/googletransit/GTFS.zip,mdb-74,https://www.capitolcorridor.org/developer_resources/#terms,active
US,Sonoma County,Santa Rosa CityBus,http://api.511.org/transit/datafeeds?operator_id=SR,mdb-2948,https://511.org/sites/default/files/pdfs/511_Data_Agreement_Final.pdf,active
US,Sonoma County,Sonoma County Transit (SCT),http://data.trilliumtransit.com/gtfs/sonomacounty-ca-us/sonomacounty-ca-us.zip,mdb-70,,active
US,South County,Block Island Ferry,http://data.trilliumtransit.com/gtfs/blockislandferry-ri-us/blockislandferry-ri-us.zip,mdb-554,,active
US,South County,Vineyard Fast Ferry,http://data.trilliumtransit.com/gtfs/vineyardfastferry-ri-us/vineyardfastferry-ri-us.zip,mdb-419,,active
US,South Hutchinson,Reno County Area Transit,https://rapid.nationalrtap.org/GTFSFileManagement/UserUploadFiles/7706/rcatgtfsfeed.zip,tld-6670,,active
US,Spokane County,Special Mobility Services,https://data.trilliumtransit.com/gtfs/specialmobilityservices-wa-us/specialmobilityservices-wa-us.zip,tld-5756,,active
US,Spokane County,Spokane Transit Authority (STA),https://www.spokanetransit.com/gtfs,mdb-290,,active
US,Springdale,Ozark Regional Transit,https://passio3.com/ozark/passioTransit/gtfs/google_transit.zip,tld-4470,,active
US,Springfield,Springfield Mass Transit District (SMTD),https://ride.smtd.org/gtfs/smtd_gtfs_feed.zip,mdb-3187,,active
US,St. George,SunTran Utah,http://www.fivecounty.utah.gov/transit/google_transit.zip,mdb-111,,active
US,St. Johns County,Fort Matanzas National Monument,https://www.nps.gov/external-resources/gtfs/foma/foma-ferry-service.zip,tld-6905,,active
US,Stanislaus County,Stanislaus Regional Transit (StaRT),https://stanrta.rideralerts.com/InfoPoint/gtfs-zip.ashx,mdb-2273,,active
US,Stanislaus County,Turlock Transit,http://data.trilliumtransit.com/gtfs/turlock-ca-us/turlock-ca-us.zip,mdb-619,,active
US,Stanislaus County,eTrans,http://data.trilliumtransit.com/gtfs/escalon-ca-us/escalon-ca-us.zip,mdb-65,,active
US,Stark County,Stark Area Regional Transit Authority (SARTA),https://rapid.nationalrtap.org/GTFSFileManagement/UserUploadFiles/11346/gtfs.zip,mdb-2001,,active
US,State College,Centre County Transit Authority,https://data.trilliumtransit.com/gtfs/cata-pa-us/cata-pa-us.zip,tld-4771,,active
US,Stearns County,St. Cloud Metropolitan Transit Commission,https://ridemetrobus.com/transit/google_transit.zip,ntd-50028,,active
US,Steuben County,Corning Erwin Area Transit System (CEATS),https://s3.amazonaws.com/datatools-511ny/public/Corning_Erwin_Area_Transit_System_CEATS.zip,mdb-302,,active
US,Steuben County,Steuben County Transit,https://s3.amazonaws.com/datatools-511ny/public/Steuben_County_Transit.zip,mdb-851,,active
US,Stevens County,Rural Resources Community Action,https://data.trilliumtransit.com/gtfs/ruralresources-wa-us/ruralresources-wa-us.zip,tld-5751,,active
US,Stevens County,The Moccasin Express,https://data.trilliumtransit.com/gtfs/moccasinexpress-wa-us/moccasinexpress-wa-us.zip,mdb-2325,,active
US,Stillwater,OSU-Stillwater Community Transit,https://okstate.ridesystems.net/Secure/Admin/Reports/GTFSDownload.aspx,tld-7941,,active
US,Stillwater,Oklahoma State University -Stillwater Community Transit,https://shuttle.okstate.edu/gtfs_google/gtfs.zip,ntd-60160,,active
US,Story County,CyRide,https://www.cyride.net/gtf/gtfs.zip,mdb-923,,active
US,Stratford,Milford Transit District,https://hosted-gtfs-feeds.s3.amazonaws.com/Milford/gtfs.zip,ntd-10107,,active
US,Suffolk County,Huntington Area Rapid Transit (HART),https://s3.amazonaws.com/datatools-511ny/public/HART_Huntington_Area_Rapid_Transit.zip,mdb-905,,active
US,Sullivan County,Sullivan County Transit,https://s3.amazonaws.com/datatools-511ny/public/Sullivan_County.zip,mdb-927,,active
US,Summit County,Miller Transportation,https://passio3.com/miller/passioTransit/gtfs/google_transit.zip,tld-4466,,active
US,Sumpter,People Mover,https://oregon-gtfs.trilliumtransit.com/gtfs_data/peoplemover-or-us/peoplemover-or-us.zip,mdb-112,,active
US,Sutter County,Yuba-Sutter Transit,http://data.trilliumtransit.com/gtfs/yubasutter-ca-us/yubasutter-ca-us.zip,mdb-79,,active
US,Swain County,Eastern Band of Cherokee Indians Public Transit,https://rapid.nationalrtap.org/GTFSFileManagement/UserUploadFiles/11723/ecbi_gtfs.zip,tld-7066,,active
US,Swanton,Chittenden County Transportation Authority (CCTA),http://data.trilliumtransit.com/gtfs/ccta-vt-us/ccta-vt-us.zip,mdb-629,,active
US,Swanton,Rural Community Transportation (RCT),https://data.trilliumtransit.com/gtfs/ruralcommunity-vt-us/ruralcommunity-vt-us--flex-v2.zip,mdb-2882,,active
US,Syracuse,Centro,https://www.centro.org/CentroGTFS/CentroGTFS.zip,mdb-534,,active
US,Taft,Taft Area Transit,https://gtfs.calitp.org/production/TaftGTFS.zip,mdb-2236,,active
US,Tangipahoa Parish,Tangipahoa Voluntary Council on Aging,http://rapid.nationalrtap.org/GTFSFileManagement/UserUploadFiles/11510/tangipahoa_gtfs.zip,ntd-60196,,active
US,Tazewell County,Four County Transit,https://data.trilliumtransit.com/gtfs/fourcounty-va-us/fourcounty-va-us--flex-v2.zip,mdb-2448,,active
US,Tazewell County,Four County Transit,https://data.trilliumtransit.com/gtfs/fourcounty-va-us/fourcounty-va-us.zip,mdb-2308,,active
US,Tazewell County,Graham Transit,http://data.trilliumtransit.com/gtfs/grahamtransit-va-us/grahamtransit-va-us.zip,mdb-611,,active
US,Teller County,Cripple Creek Transportation,http://data.trilliumtransit.com/gtfs/cripplecreek-co-us/cripplecreek-co-us.zip,mdb-317,,active
US,Teller County,Teller Senior Coalition Transit (TSC Transit),http://data.trilliumtransit.com/gtfs/tsctransit-co-us/tsctransit-co-us.zip,mdb-827,,active
US,Terrebonne Parish,Good Earth Transit,https://america.usetransit.com/api/1/public/gtfs/7/gtfs.zip?token=987dbc22d5980a4be397675617103334454552804,ntd-60080,,active
US,Teton County,Southern Teton Area Rapid Transit (START Bus),https://gtfs.start.cadavl.com/START/GTFS/GTFS_START.zip,ntd-80188,,active
US,Thurston County,ruralTRANSIT,http://data.trilliumtransit.com/gtfs/thurston-wa-us/thurston-wa-us.zip,mdb-822,,active
US,Tillamook County,"Sunset Empire Transportation District (SETD), Tillamook County Transportation District, Columbia County Rider",https://oregon-gtfs.trilliumtransit.com/gtfs_data/tillamookcounty-or-us/tillamookcounty-or-us.zip,mdb-246,,active
US,Tioga County,Endless Mountains Transportation Authority,https://best.rideralerts.com/InfoPoint/gtfs-zip.ashx,tld-7021,,active
US,Tippecanoe County,CityBus of Greater Lafayette Indiana (CityBus),https://bus.gocitybus.com/GTFSRT/citybus-lafayette-in-us.zip,mdb-391,https://gocitybus.com/terms-for-use,active
US,Tisbury,Martha's Vineyard Transit Authority,http://data.trilliumtransit.com/gtfs/marthasvineyard-ma-us/marthasvineyard-ma-us.zip,mdb-420,,active
US,Toledo,Froggy Transportation,https://rapid.nationalrtap.org/GTFSFileManagement/UserUploadFiles/11830/T.zip,mdb-2216,,active
US,Tompkins County,Tompkins Consolidated Area Transit Inc,https://s3.amazonaws.com/tcat-gtfs/tcat-ny-us.zip,mdb-535,,active
US,Torrance,Torrance Transit,https://transit.torranceca.gov/home/showdocument?id=16673,mdb-34,https://transit.torranceca.gov/home/showdocument?id=6052,active
US,Tracy,City of Tracy (TRACER),https://s3.amazonaws.com/etatransit.gtfs/tracer.etaspot.net/gtfs.zip,mdb-3099,,active
US,Traverse City,Bay Area Transportation Authority,https://batabustracker.com/gtfs,mdb-2254,,active
US,Travis County,Capital Metro,https://data.texas.gov/download/r4v4-vz24/application/zip,mdb-150,https://www.capmetro.org/metrolabs/,active
US,Trinidad,South Central Council of Governments (SCCOG),https://data.trilliumtransit.com/gtfs/sccog-co-us/sccog-co-us--flex-v2.zip,mdb-2181,,active
US,Trinity County,Trinity Transit,https://gtfs.remix.com/trinity_county_ca.zip,mdb-2709,,active
US,Tulare,Tulare InterModal Express,https://tularetransit.com/gtfs,tld-1238,,active
US,Tulare County,Delano Area Rapid Transit,https://data.trilliumtransit.com/gtfs/delano-ca-us/delano-ca-us.zip,mdb-320,,active
US,Tulare County,Sequoia & Kings Canyon National Parks,https://www.nps.gov/external-resources/gtfs/seki/giant-forest-shuttle.zip,tld-6907,,active
US,Tulare County,Tulare County Area Transit (TCAT),https://data.trilliumtransit.com/gtfs/tcrta-ca-us/tcrta-ca-us.zip,mdb-646,,active
US,Tulare County,Visalia Transit,https://tularecog.org/tcag/data-gis-modeling/gtfs-data/visalia-transit-gtfs/,ntd-90091,,active
US,Tulsa County,Metropolitan Tulsa Transit Authority,https://tulsa.rideralerts.com/InfoPoint/GTFS-Zip.ashx,tld-235,,active
US,Tuscaloosa County,Tuscaloosa Transit Authority,https://passio3.com/tuscaloosatransit/passioTransit/gtfs/google_transit.zip,tld-7046,,active
US,Tyler,City of Tyler,https://passio3.com/tylertx/passioTransit/gtfs/google_transit.zip,ntd-60089,,active
US,Uintah County,Ute Tribe Public Transit,https://mjcaction.com/MJC_GTFS_Public/utetribe_gtfs.zip,ntd-88200,,active
US,Ukiah,Humboldt Transit Authority,https://hta.optibus.co/public_api/v1/feeds/gtfs,mdb-3032,,active
US,Ulster County,Ulster County Area Transit,https://s3.amazonaws.com/datatools-511ny/public/UCAT_Ulster_County_Area_Transit.zip,mdb-526,,active
US,Umatilla County,City of Milton-Freewater Public Transportation,https://oregon-gtfs.trilliumtransit.com/gtfs_data/ctuir-or-us/ctuir-or-us.zip,mdb-2189,,active
US,Umatilla County,Let'er Bus,https://oregon-gtfs.trilliumtransit.com/gtfs_data/pendleton-or-us/pendleton-or-us.zip,mdb-590,,active
US,Union Gap,Union Gap,http://data.trilliumtransit.com/gtfs/uniongap-wa-us/uniongap-wa-us.zip,mdb-277,,active
US,United States Virgin Islands,Virgin Island Transit (VITran),https://rapid.nationalrtap.org/GTFSFileManagement/UserUploadFiles/11872/vitran_gtfs.zip,ntd-40188,,active
US,Unorganized Borough,Inter-Island Ferry,http://data.trilliumtransit.com/gtfs/interisland-ak-us/interisland-ak-us.zip,mdb-243,,active
US,Upper Merion Township,Upper Merion Rambler,https://rapid.nationalrtap.org/GTFSFileManagement/UserUploadFiles/13641/UPPER_MERION_RAMBLER.zip,mdb-3036,,active
US,Upshur County,Country Roads Transit,https://countryroadstransit.com/wp-content/uploads/feedCRT.zip,ntd-30122,,active
US,Vancouver,C-TRAN,https://www.c-tran.com/images/Google/TheCurrent_GTFSFlex.zip,mdb-3129,https://c-tran.com/about-c-tran/business/c-tran-gtfs-data,active
US,Venango County,Crawford Area Transportation Authority,https://catabus.rideralerts.com/InfoPoint/gtfs-zip.ashx,tld-4674,,active
US,Ventura County,City of Camarillo,https://govcbus.com/gtfs,ntd-90163,,active
US,Ventura County,Moorpark City Transit,http://data.trilliumtransit.com/gtfs/moorparkcitytransit-ca-us/moorparkcitytransit-ca-us.zip,mdb-578,,active
US,Ventura County,Thousand Oaks Transit,https://data.trilliumtransit.com/gtfs/thousandoaks-ca-us/thousandoaks-ca-us.zip,mdb-3100,,active
US,Virginia,Altavista Community Transit System,http://data.trilliumtransit.com/gtfs/altavista-va-us/altavista-va-us.zip,mdb-882,,active
US,Virginia,Valley Metro,https://data.trilliumtransit.com/gtfs/valleymetro-va-us/valleymetro-va-us--flex-v2.zip,mdb-2437,,active
US,Wahkiakum County,Wahkiakum Ferry,https://data.trilliumtransit.com/gtfs/wahkiakumferry-wa-us/wahkiakumferry-wa-us.zip,mdb-2193,,active
US,Wahkiakum County,Wahkiakum on the Move,http://data.trilliumtransit.com/gtfs/wotm-wa-us/wotm-wa-us.zip,mdb-249,,active
US,Wake County,Capital Area Transit (GoRaleigh),https://goraleigh.org/gr_gtfs,mdb-2074,,active
US,Wake County,GoCary,https://www.gocary.org/_GTFS,mdb-2277,,active
US,Wake County,GoTriangle,http://gotriangle.org/gtfs,mdb-3183,,active
US,Wake County,North Carolina State University (NCSU),https://passio3.com/ncstateuni/passioTransit/gtfs/google_transit.zip,mdb-2245,,active
US,Waldwick,Boxcar,https://boxcar-gtfs.vercel.app/api/gtfs,mdb-3105,,active
US,Walla Walla County,Valley Transit,https://itransitnw.com/rtt/public/resource/gtfs.zip,tld-820,,active
US,Wallingford,Connecticut Transit,https://ctrides.com/hlgtfs.zip,mdb-2840,https://www.cttransit.com/about/developers/terms-of-use,active
US,Wantage,Sussex County Skylands Ride,https://www.njtransit.com/sussexcounty_bus_data.zip,ntd-20950,,active
US,Wapello County,10-15 Transit,http://data.trilliumtransit.com/gtfs/10-15transit-ia-us/10-15transit-ia-us.zip,mdb-195,,active
US,Warren County,City of Bowling Green,https://gobg.ridesystems.net/Secure/Admin/Reports/GTFSDownload.aspx,ntd-40184,,active
US,Warren County,Transit Authority of Warren County,https://tawc.rideralerts.com/InfoPoint/gtfs-zip.ashx,ntd-30124,,active
US,Wasatch County,High Valley Transit,https://gtfs.remix.com/highvalleytransit_parkcity_ut_us.zip,tld-7037,,active
US,Wasco,City of Wasco,https://gtfs.calitp.org/production/WascoDialaRideFlex.zip,mdb-1788,,active
US,Washington,Freedom Transit,https://freedom.rideralerts.com/InfoPoint/gtfs-zip.ashx,tld-4134,,active
US,Washington County,Johnson City,https://www.johnsoncitytransit.org/google_transit.zip,ntd-40054,,active
US,Washington County,Mountain Lynx Transit,http://data.trilliumtransit.com/gtfs/districtthree-va-us/districtthree-va-us.zip,mdb-334,,active
US,Washington County,Ride Connection,https://oregon-gtfs.trilliumtransit.com/gtfs_data/rideconnection-or-us/rideconnection-or-us.zip,mdb-253,,active
US,Washington County,Washington County Transit,https://rapid.nationalrtap.org/GTFSFileManagement/UserUploadFiles/11756/WCT_MD_GTFS.zip,mdb-2286,,active
US,Washington County,Zion National Park,https://www.nps.gov/external-resources/gtfs/zion/zion-canyon-shuttle.zip,tld-6682,,active
US,Washoe County,Regional Transportation Commission (RTC),http://data.trilliumtransit.com/gtfs/rtc-nv-us/rtc-nv-us.zip,mdb-120,https://www.rtcwashoe.com/terms-of-use/,active
US,Washtenaw County,Ann Arbor Area Transportation Authority (TheRide),https://www.theride.org/sites/default/files/google/google_transit.zip,mdb-415,,active
US,Washtenaw County,University of Michigan Transit Services,https://webapps.fo.umich.edu/transit_uploads/google_transit.zip,mdb-2072,,active
US,Watertown,Watertown Citibus,https://passio3.com/watertown/passioTransit/gtfs/google_transit.zip,mdb-2881,,active
US,Wayne County,Rochester-Genesee Regional Transportation Authority,https://scheduledata.rgrta.com/Regionals/Wayne.zip,tld-1201,,active
US,Webb County,El Metro Transit,https://gtfs.remix.com/el_metro_laredo_transit_us.zip,tld-7038,,active
US,Webster County,Dodger Area Rapid Transit,http://data.trilliumtransit.com/gtfs/dart-ia-us/dart-ia-us.zip,mdb-203,,active
US,Weld County,Greeley-Evans Transit (GET),https://data.trilliumtransit.com/gtfs/greeleyevans-co-us/greeleyevans-co-us.zip,mdb-2076,,active
US,West Clarkston-Highland,Lewiston Transit System and Asotin County Public Transportation Benefit Area (PTBA),https://data.trilliumtransit.com/gtfs/asotincounty-wa-us/asotincounty-wa-us.zip,mdb-2298,,active
US,West Sadsbury Township,Transportation Management Association of Chester County (TMACC),https://www.modeshift.app/api/v1/0045359e-7cae-4a10-b680-cafe365c6554/transport/gtfs/gtfs.zip,mdb-3130,,active
US,West Virginia,Kanawha Valley Regional Transportation Authority,https://github.com/transitland/gtfs-archives-not-hosted-elsewhere/raw/master/kanawha-valley-regional-transportation-authority.zip,tld-5769,,active
US,Westchester County,Connecticut Transit,https://www.cttransit.com/sites/default/files/gtfs/googlect_transit.zip,mdb-553,https://www.cttransit.com/about/developers/terms-of-use,active
US,Westchester County,Hudson Link,https://data.trilliumtransit.com/gtfs/hudsonlink-ny-us/hudsonlink-ny-us.zip,mdb-2312,,active
US,Westchester County,Leprechaun Lines,https://s3.amazonaws.com/datatools-511ny/public/Leprechaun_Connection.zip,mdb-910,,active
US,Westchester County,Lower Hudson Valley Transit,https://s3.amazonaws.com/datatools-511ny/public/Hudson_Link.zip,mdb-915,https://data.ny.gov/download/77gx-ii52/application/pdf,active
US,Westchester County,Mercy College,https://passio3.com/mercy/passioTransit/gtfs/google_transit.zip,tld-4465,,active
US,Whatcom County,Whatcom Transportation Authority,https://github.com/whatcomtrans/publicwtadata/raw/master/GTFS/wta_gtfs_latest.zip,mdb-284,,active
US,Wicomico County,Delaware Transit Corporation (DART First State),http://dartfirststate.com/RiderInfo/Routes/gtfs_data/dartfirststate_de_us.zip,mdb-1235,,active
US,Williamsburg,Williamsburg Area Transit Authority,https://data.trilliumtransit.com/gtfs/williamsburg-va-us/williamsburg-va-us--flex-v2.zip,mdb-2438,,active
US,Willmar,Central Community Transit,https://data.trilliumtransit.com/gtfs/cctbus-mn-us/cctbus-mn-us.zip,mdb-2301,,active
US,Wilson County,Nashville MTA WeGo Public Transit,https://www.wegotransit.com/googleexport/google_transit.zip,mdb-360,https://www.wegotransit.com/contact-us/data-request-submission/,active
US,Wilsonville,South Metro Area Regional Transit (SMART),https://mysmartbus.com/gtfs,mdb-2706,,active
US,Winchester,WinTran,http://data.trilliumtransit.com/gtfs/wintran-va-us/wintran-va-us.zip,mdb-608,,active
US,Windsor County,Marble Valley Regional Transit District (MVRTD),https://data.trilliumtransit.com/gtfs/thebus-vt-us/thebus-vt-us--flex-v2.zip,mdb-2831,,active
US,Winnebago County,GO Transit,http://data.trilliumtransit.com/gtfs/oshkosh-wi-us/oshkosh-wi-us.zip,mdb-397,,active
US,Wise,Mountain Empire Transit,https://data.trilliumtransit.com/gtfs/mountainempire-va-us/mountainempire-va-us--flex-v2.zip,mdb-2436,,active
US,Woodburn,Woodburn Transit Service (WTS),https://oregon-gtfs.trilliumtransit.com/gtfs_data/woodburn-or-us/woodburn-or-us.zip,mdb-251,,active
US,Woodford,Green Mountain Community Network (GMCN),http://data.trilliumtransit.com/gtfs/greenmtncn-vt-us/greenmtncn-vt-us.zip,mdb-539,,active
US,Wyandanch,Suffolk County Transit,https://tracksctbus.org/gtfs,mdb-3115,,active
US,Wyoming County,Rochester-Genesee Regional Transportation Authority,https://scheduledata.rgrta.com/Regionals/Wyoming.zip,tld-7043,,active
US,Yakima County,Pahto Public Passage,https://data.trilliumtransit.com/gtfs/pahtopublicpassage-wa-us/pahtopublicpassage-wa-us.zip,mdb-2331,,active
US,Yakima County,Yakima Transit,https://yakimatransit.org/gtfs/yakima_gtfs.zip,mdb-276,,active
US,Yavapai County,Cottonwood Area Transit (CAT),http://data.trilliumtransit.com/gtfs/cottonwood-az-us/cottonwood-az-us.zip,mdb-158,,active
US,Yolo County,Unitrans,https://unitrans.ucdavis.edu/media/gtfs/Unitrans_GTFS.zip,mdb-82,https://unitrans.ucdavis.edu/about/gtfs/,active
US,York County,My Ride Rock Hill,https://rapid.nationalrtap.org/GTFSFileManagement/UserUploadFiles/11718/myriderockhill-sc-us.zip,tld-6741,,active
US,Yucaipa,OmniTrans,http://www.omnitrans.org/google/google_transit.zip,mdb-97,,active
US,Yuma County,Yuma County Intergovernmental Public Transportation Authority (YCIPTA),http://www.ycipta.org/gtfs/google_transit.zip,mdb-17,,active
US,Zumbrota,Hiawathaland Transit,https://data.trilliumtransit.com/gtfs/threerivers-mn-us/threerivers-mn-us--flex-v2.zip,mdb-2859,,active
US,national,GRT ION Light Rail,https://webapps.regionofwaterloo.ca/api/grt-routes/api/staticfeeds/2,mdb-3151,,active
US,national,Municipality of Vega Baja,http://rapid.nationalrtap.org/GTFSFileManagement/UserUploadFiles/11526/MUVB_GTFS.zip,ntd-40117,,active
UY,Colonia,Colonia del Sacramento - Bus,https://github.com/manufarfaro/colonia-gtfs/releases/download/v0.3.0/gtfs.zip,mdb-3464,,active
ZA,Nelson Mandela Bay Metropolitan Municipality,Algoa Bus,https://drive.google.com/uc?export=download&id=1aznf-L6ejtttrmdF897uoGNR28AL3oaz,mdb-3133,,active
